# of Holes,Address,Club Type,Course Par,Location,Phone,Total Yards,Website,name,url
18,"https://www.google.com/maps/place/9689 Dublin Line  Milton,ON L9T 2X7",Private,Par 72,"Milton, ON",9058753808,6884,,Greystone Golf Club,https://www.golfcanada.ca/golf-facility/greystone-golf-club-en/
—,"https://www.google.com/maps/place/100 Woodside lane  Fredericton,NB E3C 2R9",Public,Par —,"Fredericton, NB",—,—,,Good Guys Golf,https://www.golfcanada.ca/golf-facility/good-guys-golf-en/
18,"https://www.google.com/maps/place/3730 Fairwinds Drive 3730 Fairwinds Drive Nanoose Bay,BC V9P 9J6",Semi-private,Par 71,"Nanoose Bay, BC",(250) 468-7666,6151,https://www.fairwinds.ca,Fairwinds Golf Club,https://www.golfcanada.ca/golf-facility/fairwinds-golf-club-en/
18,K0A 3M0,Public,Par —,—,—,—,,Edgewood Golf Club,https://www.golfcanada.ca/golf-facility/edgewood-golf-club-en/
9,"https://www.google.com/maps/place/PO Box 187  Carnduff,SK S0C 0S0",Public,Par 72,"Carnduff, SK",(306) 482-3919,6500,https://Town of Carnduff,Carnduff Golf Club,https://www.golfcanada.ca/golf-facility/carnduff-golf-club-en/
18,"https://www.google.com/maps/place/7600 Halifax Street  Burnaby,BC V5A 4M8",Public,Par 71,"Burnaby, BC",6042807355,6424,https://www.city.burnaby.bc.ca/visitors/golf/brnbym.html,Burnaby Mountain Golf Course,https://www.golfcanada.ca/golf-facility/burnaby-mountain-golf-course-en/
18,"https://www.google.com/maps/place/40 Beattie Ave  Toronto,ON M9W 2M3",Public,Par 70,"Toronto, ON",—,5472,,Humber Valley Golf Club,https://www.golfcanada.ca/golf-facility/humber-valley-golf-club-en/
9,"https://www.google.com/maps/place/100 Main Street  Princeton,NL A0C 2K0",Public,Par 68,"Princeton, NL",—,4500,,The View Golf Resort,https://www.golfcanada.ca/golf-facility/the-view-golf-resort-en/
9,"https://www.google.com/maps/place/1850 Pacific Rim Hwy, Box 998  Tofino,BC V0R 2Z0",Public,Par 72,"Tofino, BC",250 725 3332,6668,https://www.longbeachgolfcourse.com,Long Beach Golf Club,https://www.golfcanada.ca/golf-facility/long-beach-golf-club-en/
9,"https://www.google.com/maps/place/1 Little Falls Road  Atikokan,ON P0T 1C0",Public,Par 72,"Atikokan, ON",(807) 597-6638,6336,,Little Falls Golf Club,https://www.golfcanada.ca/golf-facility/little-falls-golf-club-en/
18,"https://www.google.com/maps/place/Po Box 430 Po Box 430 Grande Prairie,AB T8V 3A7",Semi-private,Par 72,"Grande Prairie, AB",(780) 532-0334,7007,https://www.gpgolf.ca,Grande Prairie Golf & Country Club,https://www.golfcanada.ca/golf-facility/grande-prairie-golf-country-club-en/
18,"https://www.google.com/maps/place/401 Mount Albion Rd  Hamilton,ON L8K 5T4",Private,Par 72,"Hamilton, ON",(905) 561-0660,6321,,Glendale Golf Club,https://www.golfcanada.ca/golf-facility/glendale-golf-club-en/
9,"https://www.google.com/maps/place/9632 Culloden Rd.  Eden,ON N0J 1H0",Public,Par 64,"Eden, ON",519-866-3641,4078,,Eden Golf Club,https://www.golfcanada.ca/golf-facility/eden-golf-club-en/
36,"https://www.google.com/maps/place/1276 Shaver Rd  Ancaster,ON L9G 3L1",Semi-private,,"Ancaster, ON",—,,,Knollwood Golf Club,https://www.golfcanada.ca/golf-facility/knollwood-golf-club-en/
18,"https://www.google.com/maps/place/PO Box 69  Wabamun,AB T0E 2K0",Public,Par 72,"Wabamun, AB",7808924653,6835,,Ironhead Golf & Country Club - Men,https://www.golfcanada.ca/golf-facility/ironhead-golf-country-club-men-en/
18,"https://www.google.com/maps/place/Hwy 28  Bonnyville,AB T9N 2H3",Public,Par 72,"Bonnyville, AB",(780) 826-4886,6513,https://www.bonnyvillegolfclub.com,Bonnyville Golf & Country Club,https://www.golfcanada.ca/golf-facility/bonnyville-golf-country-club-en/
18,"https://www.google.com/maps/place/31 Marlwood Ave  Wasaga Beach,ON L9Z 1S5",Public,Par 72,"Wasaga Beach, ON",(705) 429-1449,7002,https://www.trilinksgolf.com,Tri Links golf Limited,https://www.golfcanada.ca/golf-facility/tri-links-golf-limited-en/
18,"https://www.google.com/maps/place/2001 University Avenue East  Waterloo,ON N2K 4K4",Semi-private,Par 71,"Waterloo, ON",1-888-833-8787,6532,https://www.golfgreysilo.ca,Grey Silo Golf Course,https://www.golfcanada.ca/golf-facility/grey-silo-golf-course-en/
9,"https://www.google.com/maps/place/7100-15 Street SE  Calgary,AB T2H 2Z8",Public,Par 54,"Calgary, AB",4036403555,2160,,Golfuture YYC,https://www.golfcanada.ca/golf-facility/golfuture-yyc-en/
18,"https://www.google.com/maps/place/P.O. Box 4  Gilbert Plains,MB R0L 0X0",Semi-private,Par 71,"Gilbert Plains, MB",(204) 548-2118,6396,https://www.golfgilbertplains.com,Gilbert Plains Country Club,https://www.golfcanada.ca/golf-facility/gilbert-plains-country-club-en/
18,"https://www.google.com/maps/place/Box 1070  Grimshaw,AB T0H 1W0",Public,Par —,"Grimshaw, AB",(780) 332-4949,—,,Creek Golf Course (The) - The Creek,https://www.golfcanada.ca/golf-facility/creek-golf-course-the-the-creek-en/
18,"https://www.google.com/maps/place/Building #136, PO Box 5169, St  Cold Lake,AB T9M 2C3",Public,Par 72,"Cold Lake, AB",(780) 594-5341,6618,https://www.northernspirit-lc.com,Cold Lake Golf & Winter Club,https://www.golfcanada.ca/golf-facility/cold-lake-golf-winter-club-en/
18,R3J 3Y5,Public,Par —,—,—,—,,CFB Winnipeg Golf Course,https://www.golfcanada.ca/golf-facility/cfb-winnipeg-golf-course-en/
18,"https://www.google.com/maps/place/935 Elm Tree Rd 935 Elm Tree Rd Little Britain,ON K0M 2C0",Semi-private,Par 71,"Little Britain, ON",705-878-1010,6493,,Cardinal 18 Golf Club,https://www.golfcanada.ca/golf-facility/cardinal-18-golf-club-en/
18,"https://www.google.com/maps/place/2725 K.L.O. Rd.  Kelowna,BC V1W 4S1",Semi-private,Par 72,"Kelowna, BC",(250) 862-3101,7109,https://harvestgolf.com,Harvest Golf Club,https://www.golfcanada.ca/golf-facility/harvest-golf-club-en/
18,"https://www.google.com/maps/place/Grenadier Island  Rockport,ON K0E 1V0",Private,Par 69,"Rockport, ON",—,6038,https://www.grenadiergolf.com,Grenadier Island Country Club,https://www.golfcanada.ca/golf-facility/grenadier-island-country-club-en/
9,"https://www.google.com/maps/place/1000 Second Line Of Scuggog RR  Port Perry,ON L9L 1B3",Public,Par 72,"Port Perry, ON",(905) 985-9888,6080,,Golfer's Dream Golf Club,https://www.golfcanada.ca/golf-facility/golfers-dream-golf-club-en/
18,"https://www.google.com/maps/place/300 Chemin du Chalet  Montebello,QC J0V 2L0",Public,Par 69,"Montebello, QC",(819) 423-6341,6053,https://www.fairmontgolf.com,Fairmont Le Château Montebello (Club de Golf),https://www.golfcanada.ca/golf-facility/fairmont-le-chateau-montebello-club-de-golf-en/
18,"https://www.google.com/maps/place/P.O. Box 40  Collingwood,ON L9Y 3Z4",Private,Par 71,"Collingwood, ON",(519) 599-9949,7122,https://www.georgianbayclub.com,Georgian Bay Club,https://www.golfcanada.ca/golf-facility/georgian-bay-club-en/
9,"https://www.google.com/maps/place/885 Lake Dr N  Keswick,ON L4P 3E9",Private,Par 68,"Keswick, ON",—,5146,,Eastbourne Golf Club,https://www.golfcanada.ca/golf-facility/eastbourne-golf-club-en/
18,"https://www.google.com/maps/place/2700 2nd Street South PO Box 297 Cranbrook,BC V1C 4N8",Semi-private,Par 72,"Cranbrook, BC",(250) 426-7812,6790,https://www.golfcranbrook.com,Cranbrook Golf Club,https://www.golfcanada.ca/golf-facility/cranbrook-golf-club-en/
9,"https://www.google.com/maps/place/Po Box 629  Raymond,AB T0K 2S0",Public,Par 72,"Raymond, AB",(403) 752-3322,6724,,Hell's Creek Golf and Footgolf Course,https://www.golfcanada.ca/golf-facility/hells-creek-golf-and-footgolf-course-en/
18,T0C 0X0,Public,Par —,—,—,—,,Castor Golf Club,https://www.golfcanada.ca/golf-facility/castor-golf-club-en/
18,"https://www.google.com/maps/place/PO Box 1615  Golden,BC V0A 1H0",Public,Par 72,"Golden, BC",(250) 344-2700,6825,https://www.golfgolden.com,Golden Golf Club,https://www.golfcanada.ca/golf-facility/golden-golf-club-en/
18,"https://www.google.com/maps/place/55 Fraser Avenue  Oromocto,NB E2V 4R6",Public,Par 71,"Oromocto, NB",(506) 357-9343,6104,,Gage Golf & Curling Club,https://www.golfcanada.ca/golf-facility/gage-golf-curling-club-en/
18,"https://www.google.com/maps/place/Highway 53, PO Box 588  Forestburg,AB T0B 1N0",Public,Par —,"Forestburg, AB",(780) 582-3693,—,,Forestburg Golf Club,https://www.golfcanada.ca/golf-facility/forestburg-golf-club-en/
18,"https://www.google.com/maps/place/140 Equinelle Dr  Kemptville,ON K0G 1J0",Semi-private,Par 72,"Kemptville, ON",—,7065,https://equinelle.ca,eQuinelle Golf Club,https://www.golfcanada.ca/golf-facility/equinelle-golf-club-en/
18,"https://www.google.com/maps/place/50549 Range Road 234  Leduc County,AB T4X 0L7",Public,Par 71,"Leduc County, AB",(780) 464-4653,6590,https://www.eaglerockgolf.com,Eagle Rock Golf Course,https://www.golfcanada.ca/golf-facility/eagle-rock-golf-course-en/
18,"https://www.google.com/maps/place/1602 Aaron Road  Castlegar,BC V1N 4L6",Semi-private,Par 72,"Castlegar, BC",2503655006,6712,https://www.golfcastlegar.com,Castlegar Golf Club,https://www.golfcanada.ca/golf-facility/castlegar-golf-club-en/
18,T0C 2P0,Public,Par —,—,—,—,,Green Hills Golf and Winter Club,https://www.golfcanada.ca/golf-facility/green-hills-golf-and-winter-club-en/
18,"https://www.google.com/maps/place/RR # 2  Brookfield,NS B0N 1C0",Public,Par 70,"Brookfield, NS",(902) 673-3352,5597,,Brookfield Golf & Country Club Ltd,https://www.golfcanada.ca/golf-facility/brookfield-golf-country-club-ltd-en/
36,"https://www.google.com/maps/place/21770 Ladner Rd  Pitt Meadows,BC V3Y 1Z1",Public,,"Pitt Meadows, BC",6044601111,,,Golden Eagle Golf Club,https://www.golfcanada.ca/golf-facility/golden-eagle-golf-club-en/
9,"https://www.google.com/maps/place/PO Box 239  Gabriola Island,BC V0R 1X0",Public,Par 71,"Gabriola Island, BC",(250) 247-8822,5705,https://www.gabriolagolf.com,Gabriola Golf & Country Club,https://www.golfcanada.ca/golf-facility/gabriola-golf-country-club-en/
18,"https://www.google.com/maps/place/PO Box 425  Dawson Creek,BC V1G 4H3",Public,Par 72,"Dawson Creek, BC",(250) 843-7774,6493,https://www.farmingtonfairways.com,Farmington Fairways Ltd,https://www.golfcanada.ca/golf-facility/farmington-fairways-ltd-en/
18,"https://www.google.com/maps/place/1226 Concession 10 N Nottawasaga Rd  Duntroon,ON L0M 1H0",Semi-private,Par 71,"Duntroon, ON",(705) 445-3554,5864,,Duntroon Highlands Golf Club,https://www.golfcanada.ca/golf-facility/duntroon-highlands-golf-club-en/
18,"https://www.google.com/maps/place/PO Box 1499 PO Box 1499 Sundre,AB T0M 1X0",Semi-private,Par 71,"Sundre, AB",(403)638-2450,6662,https://www.coyotecreekresort.ca,Coyote Creek Golf & RV Resort,https://www.golfcanada.ca/golf-facility/coyote-creek-golf-rv-resort-en/
27,"https://www.google.com/maps/place/523 Carlisle Rd  Carlisle,ON",Public,,"Carlisle, ON",(905) 689-8820,,,Carlisle Golf & Country Club,https://www.golfcanada.ca/golf-facility/carlisle-golf-country-club-en/
18,"https://www.google.com/maps/place/PO Box 1584, Highway 9 South  Hudson Bay,SK S0E 0Y0",Public,Par —,"Hudson Bay, SK",(306) 865-2100,—,,Hudson Bay Golf Club Inc.,https://www.golfcanada.ca/golf-facility/hudson-bay-golf-club-inc-en/
18,"https://www.google.com/maps/place/8727 Cavendish Road. Route 6  Hunter River,PE C0A 1N0",Public,Par 72,"Hunter River, PE",(902) 963-2488,6874,https://www.greengablesgolf.com,Green Gables Golf Club,https://www.golfcanada.ca/golf-facility/green-gables-golf-club-en/
18,"https://www.google.com/maps/place/1101 Horseshoe Valley Rd - Com  Barrie,ON L4M 4Y8",Public,Par 69,"Barrie, ON",(705) 835-2790,5451,https://horseshoeresort.com,The Valley Club at Horseshoe Valley Resort,https://www.golfcanada.ca/golf-facility/horseshoe-resort-en/
18,"https://www.google.com/maps/place/Clubhouse Drive, PO Box 271  Hartney,MB R0M 0X0",Public,Par 70,"Hartney, MB",(204) 858-2011,5500,,Hartney Golf Club,https://www.golfcanada.ca/golf-facility/hartney-golf-club-en/
18,"https://www.google.com/maps/place/793522 3RD LINE EHS  MONO,ON L9W 5X7",Semi-private,Par 71,"MONO, ON",5199420754,6358,,Hockley Valley Resort,https://www.golfcanada.ca/golf-facility/hockley-valley-resort-en/
9,"https://www.google.com/maps/place/PO Box 155  Balgonie,SK S0G 0E0",Public,Par 72,"Balgonie, SK",(306) 771-2579,5794,,Green Acres Golf Club,https://www.golfcanada.ca/golf-facility/green-acres-golf-club-en/
9,"https://www.google.com/maps/place/PO Box 819  Gold River,BC V0P 1G0",Public,Par 71,"Gold River, BC",(250) 283-7266,5665,,Gold River Golf Club,https://www.golfcanada.ca/golf-facility/gold-river-golf-club-en/
18,"https://www.google.com/maps/place/159291 Highway #10  Dundalk,ON N0C 1B0",Public,Par 72,"Dundalk, ON",(519) 923-9616,6058,,Dunadel Golf Club Ltd.,https://www.golfcanada.ca/golf-facility/dunadel-golf-club-ltd-en/
18,"https://www.google.com/maps/place/7525 Howard Ave, Box 1070 7525 Howard Ave, Box 1070 McGregor,ON N0R 1J0",Public,Par 70,"McGregor, ON",(519) 726-6781,6189,https://www.foxglengolfclub.com,Coachwood Golf and Country Club,https://www.golfcanada.ca/golf-facility/coachwood-golf-and-country-club-en/
36,"https://www.google.com/maps/place/105 S Pelham Rd  Welland,ON L3B 5N8",Semi-private,,"Welland, ON",(905) 788-1676,,https://www.sparrowlakes.com,Cardinal Lakes Golf Club,https://www.golfcanada.ca/golf-facility/cardinal-lakes-golf-club-en/
18,"https://www.google.com/maps/place/17500 Boul Bécancour  Bécancour,QC G9H 1A4",Semi-private,Par 71,"Bécancour, QC",(819) 233-2699,6028,https://www.golfgodefroy.qc.ca,Godefroy (Club de golf),https://www.golfcanada.ca/golf-facility/godefroy-club-de-golf-en/
18,"https://www.google.com/maps/place/612 Lakeshore Road  Dunnville,ON N1A 2W6",Semi-private,Par 72,"Dunnville, ON",(905) 701-5120,5976,,Freedom Oaks Golf Club,https://www.golfcanada.ca/golf-facility/freedom-oaks-golf-club-en/
27,"https://www.google.com/maps/place/1563 Vandorf Side Rd  Aurora,ON L4G 7C1",Semi-private,,"Aurora, ON",(905) 727-0446,,https://www.westviewgolf.ca,Westview Golf Club,https://www.golfcanada.ca/golf-facility/westview-golf-club-en/
9,—,Private,Par 70,"Elora, ON",—,5624,,Senjan Woods Golf Club,https://www.golfcanada.ca/golf-facility/senjan-woods-golf-club-en/
18,"https://www.google.com/maps/place/3654 Dunrobin Road 3654 Dunrobin Road Woodlawn,ON K0A 3M0",Semi-private,Par 72,"Woodlawn, ON",613-832-7290,6177,https://www.edgewoodlinks.com,Edgewood Links (Golf club),https://www.golfcanada.ca/golf-facility/edgewood-links-golf-club-en/
18,"https://www.google.com/maps/place/2100, Chemin Tour du Lac  Lac Nomininque,QC J0W 1R0",Public,Par 72,"Lac Nomininque, QC",8192783836,6066,,Nominingue (Club de golf),https://www.golfcanada.ca/golf-facility/hotel-nominingue-club-de-golf-et-nominingue-en/
9,"https://www.google.com/maps/place/8286 Hornby  Hornby,ON L0P 1E0",Public,Par 72,"Hornby, ON",888-833-8787,6655,,Hornby Glen Golf Course,https://www.golfcanada.ca/golf-facility/hornby-glen-golf-course-en/
18,"https://www.google.com/maps/place/841 Chemin des Pins  Trois-Rivières,QC G8W 2K1",Semi-private,Par 72,"Trois-Rivières, QC",(819) 378-2819,6548,https://www.golfdumoulin.ca,Du Moulin (Club de Golf),https://www.golfcanada.ca/golf-facility/du-moulin-club-de-golf-en/
18,"https://www.google.com/maps/place/420 Southborough Dr 420 Southborough Dr West Vancouver,BC V7S 1M2",Private,Par 70,"West Vancouver, BC",(604) 922-9331,6708,https://www.capilanogolf.com,Capilano Golf & Country Club,https://www.golfcanada.ca/golf-facility/capilano-golf-country-club-en/
18,"https://www.google.com/maps/place/555 Moneta Avenue PO Box 1800 555 Moneta Avenue PO Box 1800 Timmins,ON P4N 7W9",Semi-private,Par 72,"Timmins, ON",705-264-8450,6420,,Hollinger Golf Club,https://www.golfcanada.ca/golf-facility/hollinger-golf-club-en/
27,"https://www.google.com/maps/place/5700 Terry Fox Way  Mississauga,ON L5V 2W2",Public,Par 72,"Mississauga, ON",(905) 615-4653,6400,,BraeBen Golf Course,https://www.golfcanada.ca/golf-facility/braeben-golf-course-en/
18,"https://www.google.com/maps/place/450 Creed Road  Victoria,BC V9B 6C9",Public,Par 71,"Victoria, BC",—,6603,https://www.highlandpacificgolf.com,Highland Pacific Golf,https://www.golfcanada.ca/golf-facility/highland-pacific-golf-en/
18,"https://www.google.com/maps/place/PO Box 28  Elbow,SK S0H 1J0",Semi-private,Par 71,"Elbow, SK",(306) 854-2300,6300,https://www.harborgolfclub.com,Harbor Golf Club & Resort,https://www.golfcanada.ca/golf-facility/harbor-golf-club-resort-en/
9,"https://www.google.com/maps/place/1792 Hwy 20  Fonthill,ON L0S 1E6",Semi-private,Par —,"Fonthill, ON",905-892-7556,—,,Fox Run Golf Course,https://www.golfcanada.ca/golf-facility/fox-run-golf-course-en/
18,"https://www.google.com/maps/place/Po Box 5017  Drayton Valley,AB T7A 1R3",Public,Par 72,"Drayton Valley, AB",(780) 542-5865,6769,https://www.draytonvalleygolf.com,Drayton Valley Golf Club,https://www.golfcanada.ca/golf-facility/drayton-valley-golf-club-en/
36,"https://www.google.com/maps/place/2740 Davis Dr W  King,ON L7B 0G7",Semi-private,,"King, ON",(905) 841-7378,,,Cardinal Golf Club,https://www.golfcanada.ca/golf-facility/cardinal-golf-club-en/
18,"https://www.google.com/maps/place/422 North Shore Blvd E  Burlington,ON L7T 1W9",Private,Par 70,"Burlington, ON",(905) 634-7726,6553,,Burlington Golf & Country Club,https://www.golfcanada.ca/golf-facility/burlington-golf-country-club-en/
27,"https://www.google.com/maps/place/PO Box 1071  Saskatoon,SK S7K 3M4",Public,,"Saskatoon, SK",—,,,Holiday Park Golf Course,https://www.golfcanada.ca/golf-facility/holiday-park-golf-course-en/
18,"https://www.google.com/maps/place/803 Main Street  Grand Falls,NB E3Z 2W8",Public,Par 72,"Grand Falls, NB",(506) 473-4494,6648,https://ww.grandfallsgolf.nb.ca,Grand Falls Golf Club Inc.,https://www.golfcanada.ca/golf-facility/grand-falls-golf-club-inc-en/
18,"https://www.google.com/maps/place/2053 Boulevard de Douglas  Saint-Georges-de-Malbaie,QC G0C 2X0",Public,Par 72,"Saint-Georges-de-Malbaie, QC",(418) 368-2510,6354,https://www.clubdegolffortprevel.ca,Fort-Prével (Club de Golf),https://www.golfcanada.ca/golf-facility/fort-prevel-club-de-golf-en/
18,"https://www.google.com/maps/place/Box 111 RR2  Westerose,AB T0C 2V0",Public,Par 72,"Westerose, AB",—,6551,,Dorchester Ranch Golf Course,https://www.golfcanada.ca/golf-facility/dorchester-ranch-golf-course-en/
18,"https://www.google.com/maps/place/333 Canora Ave  Canora,SK S0A 0L0",Public,Par 72,"Canora, SK",—,6616,,Canora Golf & Country Club,https://www.golfcanada.ca/golf-facility/canora-golf-country-club-en/
18,"https://www.google.com/maps/place/P. O. Box 2359  Edmonton,AB T5J 2R7",Semi-private,Par 71,"Edmonton, AB",(780) 488-3039,5875,,Victoria Golf Course,https://www.golfcanada.ca/golf-facility/victoria-golf-course-en/
27,"https://www.google.com/maps/place/400 315 Ave  Kimberley,BC V1A 2Y5",Public,,"Kimberley, BC",2504277077,,,Bootleg Gap Golf,https://www.golfcanada.ca/golf-facility/bootleg-gap-golf-en/
9,"https://www.google.com/maps/place/Highway 32  Abbey,SK S0N 0A0",Public,Par —,"Abbey, SK",(306) 689-2479,—,,Abbey Golf Club,https://www.golfcanada.ca/golf-facility/abbey-golf-club-en/
18,"https://www.google.com/maps/place/69 Hamptons Drive NW  Calgary,AB T3A 5H7",Private,Par 72,"Calgary, AB",—,6737,,The Hamptons Golf Club,https://www.golfcanada.ca/golf-facility/the-hamptons-golf-club-en/
18,"https://www.google.com/maps/place/Box 56  Fort Langley,BC V1M 2R5",Public,Par 71,"Fort Langley, BC",6048885911,6410,https://www.fortlangleygolf.com,Fort Langley Golf Course,https://www.golfcanada.ca/golf-facility/fort-langley-golf-course-en/
18,"https://www.google.com/maps/place/10000 Dufferin St  Maple,ON L6A 1S3",Public,Par 72,"Maple, ON",(905) 653-4653,7476,,Eagles Nest Golf Club Inc,https://www.golfcanada.ca/golf-facility/eagles-nest-golf-club-inc-en/
9,"https://www.google.com/maps/place/463 Wolfe Lake Rd. R.R.2  Westport,ON KOG1XO",Public,Par 72,"Westport, ON",(613) 273-6463,6240,https://www.evergreengolfcourse.com,Evergreen Golf Club,https://www.golfcanada.ca/golf-facility/evergreen-golf-club-en/
9,"https://www.google.com/maps/place/359 Rue Notre Dame  Donnacona,QC G3M 1H3",Public,Par 70,"Donnacona, QC",(418) 285-1771,5482,https://www.golfdonnacona.com,Donnacona (Club de golf),https://www.golfcanada.ca/golf-facility/donnacona-club-de-golf-en/
18,"https://www.google.com/maps/place/Box 148  Seaforth,ON N0K 1W0",Semi-private,Par 71,"Seaforth, ON",(519) 522-0985,6276,,Seaforth Golf Course,https://www.golfcanada.ca/golf-facility/seaforth-golf-course-en/
18,"https://www.google.com/maps/place/PO Box 89  La Riviere,MB R0G 1A0",Public,Par —,"La Riviere, MB",(204) 242-2172,—,,Holiday Mountain Golf Course,https://www.golfcanada.ca/golf-facility/holiday-mountain-golf-course-en/
18,R0C 1B0,Public,Par —,—,—,—,,Gimli Golf & Country Club,https://www.golfcanada.ca/golf-facility/gimli-golf-country-club-en/
18,"https://www.google.com/maps/place/221 McLeese Dr  Kemble,ON N0H 1S0",Semi-private,Par 72,"Kemble, ON",(519) 370-2173,7174,,Cobble Beach Golf Links,https://www.golfcanada.ca/golf-facility/cobble-beach-golf-links-en/
18,"https://www.google.com/maps/place/Box 426  Carberry,MB R0K 0H0",Public,Par —,"Carberry, MB",(204) 834-2325,—,,Carberry Sandhills Golf & Country Club,https://www.golfcanada.ca/golf-facility/carberry-sandhills-golf-country-club-en/
9,"https://www.google.com/maps/place/P.O. Box 989  Boissevain,MB R0K 0E0",Public,Par 72,"Boissevain, MB",(204) 534-2365,6576,,Boissevain Golf Club,https://www.golfcanada.ca/golf-facility/boissevain-golf-club-en/
9,"https://www.google.com/maps/place/14432 Township Road 524  Vegreville,AB T9C 1R6",Public,Par 72,"Vegreville, AB",(780) 632-3140,6742,,Vegreville Golf Club,https://www.golfcanada.ca/golf-facility/vegreville-golf-club-en/
18,"https://www.google.com/maps/place/5185 University Blvd. 5185 University Blvd. Vancouver,BC V6T 1X5",Public,Par 68,"Vancouver, BC",(604) 224-7799,5827,https://www.universitygolf.com,University Golf Course,https://www.golfcanada.ca/golf-facility/university-golf-course-en/
18,K0L 1J0,Semi-private,Par 72,"Buckhorn, ON",—,6460,,Six Foot Bay Resort Inc.,https://www.golfcanada.ca/golf-facility/six-foot-bay-resort-inc-en/
18,"https://www.google.com/maps/place/15675 Dufferin Street  King City,ON L7B 1K5",Public,Par 72,"King City, ON",(905) 841-9262,7004,https://kingvalley.clublink.ca,King Valley Golf Club,https://www.golfcanada.ca/golf-facility/king-valley-golf-club-en/
18,"https://www.google.com/maps/place/660 Rue Merrill, Coaticook, QC J1A 2S2  Coaticook,QC J1A 2S2",Public,Par 72,"Coaticook, QC",(819) 849-9876,6132,https://www.clubdegolfcoaticook.ca,Coaticook (Club de Golf),https://www.golfcanada.ca/golf-facility/coaticook-club-de-golf-en/
18,"https://www.google.com/maps/place/2743 Boulevard Talbot  Chicoutimi,QC G7H 5B1",Public,Par 72,"Chicoutimi, QC",(418) 549-6608,6772,,Chicoutimi (Club de golf),https://www.golfcanada.ca/golf-facility/chicoutimi-club-de-golf-en/
18,R0G 1A0,Public,Par —,—,—,—,,Holiday Hills Resort and Golf Course,https://www.golfcanada.ca/golf-facility/holiday-hills-resort-and-golf-course-en/
18,"https://www.google.com/maps/place/1459 Simmons Rd 1459 Simmons Rd Odessa,ON K0H 2H0",Semi-private,Par 72,"Odessa, ON",(613) 386-3684,6589,https://www.camdenbraes.com,Camden Braes Golf & Country Club,https://www.golfcanada.ca/golf-facility/camden-braes-golf-country-club-en/
18,"https://www.google.com/maps/place/738 Brule Point Road  Tatamagouche,NS B0K 1V0",Public,Par 72,"Tatamagouche, NS",(902) 657-2666,5785,,Brule Point Golf,https://www.golfcanada.ca/golf-facility/brule-point-golf-en/
18,"https://www.google.com/maps/place/R.R #1, 77416 Bluewater Hwy  Bayfield,ON N0M 1G0",Public,Par 71,"Bayfield, ON",(519) 482-7197,6203,https://www.bluewatergolfandcamp.ca,Bluewater Golf Course,https://www.golfcanada.ca/golf-facility/bluewater-golf-course-en/
18,T6J 6G4,Public,Par —,—,—,—,,7 Oaks Golf Course,https://www.golfcanada.ca/golf-facility/7-oaks-golf-course-en/
18,"https://www.google.com/maps/place/3525 Forest Ridge Road  Chelmsford,ON P0M 1L0",Semi-private,Par 72,"Chelmsford, ON",—,6217,https://forestridgegolf.ca,Forest Ridge Golf Club,https://www.golfcanada.ca/golf-facility/forest-ridge-golf-en/
36,"https://www.google.com/maps/place/PO Box 12, Site 12, RR #5  Calgary,AB T2P 2G6",Semi-private,Par 71,"Calgary, AB",4032364653,6321,https://www.heatherglengolf.com,HeatherGlen Golf Course,https://www.golfcanada.ca/golf-facility/heatherglen-golf-course-en/
18,"https://www.google.com/maps/place/7887 264th Street  Langley,BC V1M 3M5",Public,Par 72,"Langley, BC",604-856-0929,6965,https://www.greenteecountryclub.com,GreenTee Golf Country Club,https://www.golfcanada.ca/golf-facility/greentee-golf-country-club-en/
9,"https://www.google.com/maps/place/7665 boulevard Lacordaire  Montréal,QC H1S 2A7",Public,Par —,"Montréal, QC",514-252-3345,—,https://www.golfquebec.org,Golf Québec,https://www.golfcanada.ca/golf-facility/golf-quebec-en/
18,"https://www.google.com/maps/place/Eagle Valley, R.R. 1 Sundre  Sundre,AB T0M 1X0",Public,Par 71,"Sundre, AB",(403) 556-4010,6444,https://www.forestheightsgolf.com,Forest Heights Golf Course,https://www.golfcanada.ca/golf-facility/forest-heights-golf-course-en/
27,"https://www.google.com/maps/place/4230 Rang de la Rivière N  Saint-Jean-Baptiste,QC J0L 2B0",Public,Par 72,"Saint-Jean-Baptiste, QC",(450) 464-3903,6339,https://www.domainederouville.com,Domaine de Rouville,https://www.golfcanada.ca/golf-facility/domaine-de-rouville-en/
18,S0L 1S0,Public,Par —,—,—,—,,Hoosier Golf Club,https://www.golfcanada.ca/golf-facility/hoosier-golf-club-en/
18,"https://www.google.com/maps/place/Box 130  Kitimat,BC V8C 2G6",Public,Par 72,"Kitimat, BC",(250) 632-4653,6492,https://www.kitmatgolf.com,Hirsch Creek Golf and Winter Club,https://www.golfcanada.ca/golf-facility/hirsch-creek-golf-and-winter-club-en/
18,"https://www.google.com/maps/place/4805 7th Line  Beeton,ON L0G 1A0",Semi-private,,"Beeton, ON",1-888-833-8787,,,The Club at Bond Head,https://www.golfcanada.ca/golf-facility/club-at-bond-head-en/
18,"https://www.google.com/maps/place/Box 246  Powassan,ON P0H 1Z0",Public,Par 70,"Powassan, ON",—,5338,https://www.highviewgolf.ca,Highview Golf Course,https://www.golfcanada.ca/golf-facility/highview-golf-course-en/
9,"https://www.google.com/maps/place/Highway 18, Box 628  Estavan,SK S4A 2H8",Public,Par 56,"Estavan, SK",(306) 634-7744,3498,https://hiddenvalleygolfandrv.com,Hidden Valley Golf Resort,https://www.golfcanada.ca/golf-facility/hidden-valley-golf-resort-en/
18,"https://www.google.com/maps/place/2400 Shore Road  Eastern Passage,NS B3G 1M4",Semi-private,Par 71,"Eastern Passage, NS",(902) 465-3128,6345,https://www.hartlenpoint.com,Hartlen Point Forces Golf Club,https://www.golfcanada.ca/golf-facility/hartlen-point-forces-golf-club-en/
18,"https://www.google.com/maps/place/5040 No. 6 Rd.  Richmond,BC V6V 1T1",Public,Par 71,"Richmond, BC",(604) 273-1121,6032,https://www.greenacresgolfcourse.com,Greenacres Golf Course,https://www.golfcanada.ca/golf-facility/greenacres-golf-course-en/
18,"https://www.google.com/maps/place/7620 Roblin Boulevard  Headingley,MB R4H 1A7",Private,Par 72,"Headingley, MB",(204) 895-7205,6752,,Breezy Bend Country Club,https://www.golfcanada.ca/golf-facility/breezy-bend-country-club-en/
18,"https://www.google.com/maps/place/P.O. Box 418  Birtle,MB R0M 0C0",Public,Par 68,"Birtle, MB",(204) 842-5364,5310,,Birtle Riverside Golf Club Inc.,https://www.golfcanada.ca/golf-facility/birtle-riverside-golf-club-inc-en/
18,"https://www.google.com/maps/place/General Delivery  Lindale,AB T0C 1W0",Public,Par 0,"Lindale, AB",(780) 542-3400,0,,Birchwood Village Greens,https://www.golfcanada.ca/golf-facility/birchwood-village-greens-en/
18,"https://www.google.com/maps/place/Box 609  Lac Du Bonnet,MB R0E 1A0",Public,Par 72,"Lac Du Bonnet, MB",(204) 345-4653,7082,https://www.granitehills.ca,Granite Hills Golf Club,https://www.golfcanada.ca/golf-facility/granite-hills-golf-club-en/
18,"https://www.google.com/maps/place/20511 McCormick Rd 20511 McCormick Rd Alexandria,ON K0C 1A0",Public,Par 72,"Alexandria, ON",(613) 525-2912,6441,https://www.glengarrygolf.ca,Glengarry Golf & Country Club,https://www.golfcanada.ca/golf-facility/glengarry-golf-country-club-en/
18,"https://www.google.com/maps/place/7800 Vivian Street  Vancouver,BC V5S 2V5",Public,Par 72,"Vancouver, BC",(604) 257-6923,6692,https://www.city.vancouver.bc.ca/parks/golf/fraserview/,Fraserview Golf Course,https://www.golfcanada.ca/golf-facility/fraserview-golf-course-en/
18,"https://www.google.com/maps/place/286 Forest Hills Lane  Cavendish,PE C0A 1N0",Public,Par 72,"Cavendish, PE",(902) 963-2887,5606,,Forest Hills Golf Course,https://www.golfcanada.ca/golf-facility/forest-hills-golf-course-en/
18,"https://www.google.com/maps/place/361 route 132,  Bonaventure (Gaspesie),QC G0C 1E0",Public,Par 72,"Bonaventure (Gaspesie), QC",4187523161,6215,https://www.agfauvel.com,Fauvel (Club de golf),https://www.golfcanada.ca/golf-facility/fauvel-club-de-golf-en/
36,"https://www.google.com/maps/place/1137 #1 Sideroad  Burlington,ON L7P 0T1",Semi-private,,"Burlington, ON",(905) 336-3660,,,Hidden Lake Golf Club,https://www.golfcanada.ca/golf-facility/hidden-lake-golf-club-en/
18,"https://www.google.com/maps/place/PO Box 34 PO Box 34 Stephenville,NL A2N 2Y7",Public,Par 72,"Stephenville, NL",(709) 643-4322,6588,,Harmon Seaside Links,https://www.golfcanada.ca/golf-facility/harmon-seaside-links-en/
18,"https://www.google.com/maps/place/13300 Leslie St  Richmond Hill,ON L4E 1A2",Private,Par 72,"Richmond Hill, ON",(905) 888-9612,7079,,DiamondBack Golf Club,https://www.golfcanada.ca/golf-facility/diamondback-golf-club-en/
18,"https://www.google.com/maps/place/5235 Cedar Springs Rd  Burlington,ON L7P 0C1",Semi-private,Par 72,"Burlington, ON",(905) 335-2922,6258,,Burlington Springs Golf LTD.,https://www.golfcanada.ca/golf-facility/burlington-springs-golf-ltd-en/
18,"https://www.google.com/maps/place/53 Romeo Street North  Stratford,ON N5A 6S2",Semi-private,Par 71,"Stratford, ON",(519) 271-4212,6298,https://www.stratfordcountryclub.com,Stratford Country Club,https://www.golfcanada.ca/golf-facility/stratford-country-club-en/
18,"https://www.google.com/maps/place/99  Golf Course Road  Kenora,ON P9N 3X7",Semi-private,Par 72,"Kenora, ON",(807) 468-7995,6354,https://www.kenoragolf.com,Kenora Golf & Country Club,https://www.golfcanada.ca/golf-facility/kenora-golf-country-club-en/
—,"https://www.google.com/maps/place/7388 No. 6 Road  Richmond,BC V6W 1E1",Public,Par 65,"Richmond, BC",604 278-7500,4150,https://www.savagecreekgolf.com,Savage Creek Golf Course,https://www.golfcanada.ca/golf-facility/savage-creek-golf-course-en/
18,"https://www.google.com/maps/place/3425 Wood Hull Road 3425 Wood Hull Road London,ON N6P 1P2",Semi-private,Par 68,"London, ON",(519) 652-0407,5172,,Hickory Ridge Golf & Country Club,https://www.golfcanada.ca/golf-facility/hickory-ridge-golf-country-club-en/
18,"https://www.google.com/maps/place/2361 Lansdowne St W  Cavan Monaghan,ON K9J 6X4",Semi-private,Par 62,"Cavan Monaghan, ON",—,4063,https://www.heronlandinggolf.ca,Heron Landing Golf Club,https://www.golfcanada.ca/golf-facility/heron-landing-golf-club-en/
9,"https://www.google.com/maps/place/1137 Old Parry Sound Rd  Utterson,ON P0B 1M0",Public,Par 68,"Utterson, ON",(705) 385-2211,5508,,Diamond 'In The Ruff' Golf Club,https://www.golfcanada.ca/golf-facility/diamond-in-the-ruff-golf-club-en/
9,"https://www.google.com/maps/place/PO Box 147, Hwy 13  Carlyle,SK S0C 0R0",Public,Par 70,"Carlyle, SK",(306) 453-6344,5842,,Carlyle Golf Club,https://www.golfcanada.ca/golf-facility/carlyle-golf-club-en/
18,"https://www.google.com/maps/place/150 Route du Golf-du-Bic 150 Route du Golf-du-Bic Bic,QC G0L 1B0",Public,Par 72,"Bic, QC",(418) 736-5744,6434,https://www.clubdegolfbic.com,Bic sur Mer,https://www.golfcanada.ca/golf-facility/bic-club-de-golf-en/
18,"https://www.google.com/maps/place/PO Box 548 802 Highway #2 Stewiacke,NS B0N 2J0",Public,Par 72,"Stewiacke, NS",(902) 639-2127,6596,https://www.nsga.ns.ca/FOXHOLLOW/FH.HTM,Fox Hollow Golf Club,https://www.golfcanada.ca/golf-facility/fox-hollow-golf-club-en/
18,"https://www.google.com/maps/place/2015 Hillcrest Dr.  Swift Current,SK S9H 3V8",Semi-private,Par 72,"Swift Current, SK",(306) 773-9500,6842,,Elmwood Golf Club,https://www.golfcanada.ca/golf-facility/elmwood-golf-club-en/
9,"https://www.google.com/maps/place/200 Hermitage Rd. #31  Magog,QC J1X 0M7",Private,Par 71,"Magog, QC",(819) 843-6579,5871,,Hermitage Golf Club,https://www.golfcanada.ca/golf-facility/hermitage-golf-club-en/
18,"https://www.google.com/maps/place/1130 River Valley  Devon,AB T9G 1Z3",Public,Par 70,"Devon, AB",(780) 987-3477,5936,https://www.devongolf.ca,Devon Golf & Curling Club,https://www.golfcanada.ca/golf-facility/devon-golf-curling-club-en/
27,"https://www.google.com/maps/place/1 Heritage Pointe Drive, R.R.#  Heritage Pointe,AB T1S 4H1",Public,,"Heritage Pointe, AB",4032569192,,,Heritage Pointe Golf Club,https://www.golfcanada.ca/golf-facility/heritage-pointe-golf-club-en/
18,"https://www.google.com/maps/place/c/o TJ's Convenience Store  Hamiota,MB R0M 0T0",Public,Par —,"Hamiota, MB",(204) 764-2341,—,,Hamiota Golf Course,https://www.golfcanada.ca/golf-facility/hamiota-golf-course-en/
18,"https://www.google.com/maps/place/RR #1, Church Point  Digby Co.,NS B0W 1M0",Public,Par 71,"Digby Co., NS",(902) 769-2124,6157,https://www.claregolf.ca,Clare Golf & Country Club,https://www.golfcanada.ca/golf-facility/clare-golf-country-club-en/
18,L4E 3E6,Public,Par 72,"Richmond Hill, ON",905-773-1936,6342,,Bloomington Downs Golf Club,https://www.golfcanada.ca/golf-facility/bloomington-downs-golf-club-en/
18,S9V 1S6,Public,Par —,—,—,—,,Kelburn Golf and Conference Centre,https://www.golfcanada.ca/golf-facility/kelburn-golf-and-conference-centre-en/
18,"https://www.google.com/maps/place/1 Greensview Drive  Charlottetown,PE C1A6C3",Semi-private,Par 72,"Charlottetown, PE",(902) 566-5542,6602,https://www.belvederegolf.com,Belvedere Golf Club Inc,https://www.golfcanada.ca/golf-facility/belvedere-golf-club-inc-en/
27,"https://www.google.com/maps/place/20015 Old Hwy #2 20015 Old Hwy #2 Lancaster,ON K0C 1N0",Public,,"Lancaster, ON",613-347-3738,,https://www.heritagegolfandcountryclub.ca,Heritage Golf & Country Club,https://www.golfcanada.ca/golf-facility/heritage-golf-country-club-en/
18,"https://www.google.com/maps/place/2727 South Parkside Dr.  Lethbridge,AB T1K 0C6",Public,Par 70,"Lethbridge, AB",(403) 327-3652,6517,https://hendersonlakegolf.com,Henderson Lake Golf Club,https://www.golfcanada.ca/golf-facility/henderson-lake-golf-club-en/
18,"https://www.google.com/maps/place/Highway 10, PO Box 2606  The Pas,MB R9A 1M3",Public,Par —,"The Pas, MB",(204) 623-7541,—,,Halcrow Lake Golf and Country Club,https://www.golfcanada.ca/golf-facility/halcrow-lake-golf-and-country-club-en/
9,"https://www.google.com/maps/place/8547 Grassy Brook Rd., RR #1  Port Robinson,ON L0S 1K0",Semi-private,Par 72,"Port Robinson, ON",(866) 607-4653,7522,,Grand Niagara Golf Club,https://www.golfcanada.ca/golf-facility/grand-niagara-golf-club-en/
18,"https://www.google.com/maps/place/PO Box 354  Duchess,AB T0J 0Z0",Public,Par 72,"Duchess, AB",(403) 378-4710,6350,,Duchess Golf Club,https://www.golfcanada.ca/golf-facility/duchess-golf-club-en/
36,"https://www.google.com/maps/place/2700 Audley Rd  Ajax,ON L1Z 1T7",Semi-private,,"Ajax, ON",—,,,Deer Creek Golf Club,https://www.golfcanada.ca/golf-facility/deer-creek-golf-club-en/
9,"https://www.google.com/maps/place/P.O. Box 1112  Big River,SK S0J 0E0",Public,Par —,"Big River, SK",(306) 479-7424,—,,Big River Golf Club,https://www.golfcanada.ca/golf-facility/big-river-golf-club-en/
18,"https://www.google.com/maps/place/436 Belle River Rd  South Woodslee,ON N0R 1V0",Semi-private,Par 72,"South Woodslee, ON",(519) 839-4372,6519,,Belleview Golf Club,https://www.golfcanada.ca/golf-facility/belleview-golf-club-en/
18,"https://www.google.com/maps/place/27 River Drive Box 423 Swan River,MB R0L 1Z0",Public,Par 72,"Swan River, MB",(204) 734-3935,6714,https://www.swanrivergolf.com,Swan River Golf & Country Club,https://www.golfcanada.ca/golf-facility/swan-river-golf-country-club-en/
18,"https://www.google.com/maps/place/803 Main Street  Grand Falls,NL A0H 1C0",Public,Par 71,"Grand Falls, NL",(709) 489-7631,6053,,Grand Falls Golf Club (NL),https://www.golfcanada.ca/golf-facility/grand-falls-golf-club-nl-en/
18,"https://www.google.com/maps/place/40 Clubhouse Lane  Hammonds Plains,NS B4A 1T4",Private,Par 72,"Hammonds Plains, NS",(902) 832-2973,6623,https://www.glenarbour.com,Glen Arbour Golf Club,https://www.golfcanada.ca/golf-facility/glen-arbour-golf-club-en/
18,"https://www.google.com/maps/place/1350 Mountain Road  Thunder Bay,ON P7J 1C2",Semi-private,Par 72,"Thunder Bay, ON",(807) 475-8925,6570,https://www.fwcc.ca,Fort William Country Club,https://www.golfcanada.ca/golf-facility/fort-william-country-club-en/
9,"https://www.google.com/maps/place/1590 Houston Ave  Innisfil,ON L9S 4M7",Semi-private,Par 70,"Innisfil, ON",(705) 456-2104,5422,https://www.bigcedargolf.com,Big Cedar Golf Club,https://www.golfcanada.ca/golf-facility/big-cedar-golf-club-en/
18,"https://www.google.com/maps/place/1110 Beach Dr. 1110 Beach Dr. Victoria,BC V8S 2M9",Private,Par 70,"Victoria, BC",(250) 598-4321,6156,https://www.victoriagolf.com,Victoria Golf Club,https://www.golfcanada.ca/golf-facility/victoria-golf-club-en/
36,"https://www.google.com/maps/place/3250 Joseph Howe Drive,  Halifax,NS B3L 4G1",Private,,"Halifax, NS",9024438260,,https://www.ashburngolfclub.com,Ashburn Golf Club,https://www.golfcanada.ca/golf-facility/ashburn-golf-club-en/
18,"https://www.google.com/maps/place/11660 Guelph Line  Campbellville,ON L0P 1B0",Public,Par 70,"Campbellville, ON",—,5864,https://turtlecreekgolf.ca,Turtle Creek Golf Club,https://www.golfcanada.ca/golf-facility/turtle-creek-golf-club-en/
18,"https://www.google.com/maps/place/75 DE LA CITADELLE AVE  Gatineau,QC J8Z 3L1",Private,Par 70,"Gatineau, QC",(819) 770-5557,5755,https://www.clublink.ca,Hautes Plaines Golf Club,https://www.golfcanada.ca/golf-facility/hautes-plaines-golf-club-en/
36,"https://www.google.com/maps/place/1717 Bear Hill Road, R.R. 2  Carp,ON K0A 1L0",Semi-private,,"Carp, ON",—,,,Greensmere Golf & Country Club,https://www.golfcanada.ca/golf-facility/greensmere-golf-country-club-en/
18,"https://www.google.com/maps/place/161 Rue du Golf Street  Landry Office,NB E8P 2G6",Semi-private,Par 72,"Landry Office, NB",(506) 727-3577,6156,https://www.golfpokemouche.com,Golf Pokemouche,https://www.golfcanada.ca/golf-facility/golf-pokemouche-en/
18,"https://www.google.com/maps/place/8630 Montée Ryan  Mont-Tremblant,QC J8E 1S5",Public,Par 72,"Mont-Tremblant, QC",(819) 681-2000,6717,https://www.tremblant.ca,Géant (Le) - Station Mont-Tremblant,https://www.golfcanada.ca/golf-facility/geant-le-station-mont-tremblant-en/
36,"https://www.google.com/maps/place/#651, Hwy 93/95, RR#3  Invermere,BC V0A 1K3",Public,,"Invermere, BC",(250) 341-3392,,https://www.copperpointgolf.com,Copper Point Golf Club,https://www.golfcanada.ca/golf-facility/copper-point-golf-club-en/
18,"https://www.google.com/maps/place/2121 Alaska Hwy  Dawson Creek,BC V1G 4E7",Public,Par 72,"Dawson Creek, BC",(250) 782-7882,6321,,Dawson Creek Golf Club,https://www.golfcanada.ca/golf-facility/dawson-creek-golf-club-en/
18,"https://www.google.com/maps/place/PO Box 353 HIghway 16 Nampa,AB T0H 2R0",Public,Par —,"Nampa, AB",(403) 322-3977,—,,Heart River Golf Club,https://www.golfcanada.ca/golf-facility/heart-river-golf-club-en/
18,"https://www.google.com/maps/place/691 Brown Rd 691 Brown Rd Four Falls,NB E7H 5K3",Public,Par 72,"Four Falls, NB",(506) 273-9184,6304,https://www.avcc.ca,Aroostook Valley Country Club,https://www.golfcanada.ca/golf-facility/aroostook-valley-country-club-en/
18,"https://www.google.com/maps/place/Box 789  Riverton,MB R0C 2R0",Public,Par 72,"Riverton, MB",(204) 279-2072,6696,,Hecla Golf Course At Gull Harbour Resort,https://www.golfcanada.ca/golf-facility/hecla-golf-course-at-gull-harbour-resort-en/
45,"https://www.google.com/maps/place/P.O. Box 874  Orillia,ON L3V 6K8",Public,,"Orillia, ON",(705) 327-1610,,,Hawk Ridge Golf Club,https://www.golfcanada.ca/golf-facility/hawk-ridge-golf-club-en/
18,"https://www.google.com/maps/place/RR#5  P.O. Box 200  Winnipeg,MB R2C 2Z2",Public,Par 54,"Winnipeg, MB",(204) 222-2751,2308,https://www.winnipeg.ca,Harbour View Golf Course,https://www.golfcanada.ca/golf-facility/harbour-view-golf-course-en/
12,S7K 3J8,Public,,"Saskatoon, SK",—,,https://www.greenbryre.com,Greenbryre Golf & Country Club,https://www.golfcanada.ca/golf-facility/greenbryre-golf-country-club-en/
18,"https://www.google.com/maps/place/211 Chemin Girouardville  Bouctouche,NB E4S 3G6",Public,Par 72,"Bouctouche, NB",(506) 743-5251,6226,,Golf Bouctouche,https://www.golfcanada.ca/golf-facility/golf-bouctouche-en/
18,"https://www.google.com/maps/place/B985 Thorah Concession #3, RR1  Beaverton,ON L0K 1A0",Public,Par 35,"Beaverton, ON",(705) 426-4222,5356,,Beaverton Golf Course,https://www.golfcanada.ca/golf-facility/beaverton-golf-course-en/
18,R0J 0G0,Public,Par —,—,—,—,,Binscarth Golf Club,https://www.golfcanada.ca/golf-facility/binscarth-golf-club-en/
18,"https://www.google.com/maps/place/8562 Townsend Line  Arkona,ON N0N 1J0",Semi-private,Par 68,"Arkona, ON",1-888-833-8787,5308,https://www.arkonafairways.com,Arkona Fairways Golf Club,https://www.golfcanada.ca/golf-facility/arkona-fairways-golf-club-en/
18,"https://www.google.com/maps/place/1860 Greywolf Drive  Panorama,BC V0A 1T0",Public,Par 72,"Panorama, BC",(250) 341-4103,7140,https://www.greywolfgolf.com,Greywolf Golf Course,https://www.golfcanada.ca/golf-facility/greywolf-golf-course-en/
18,"https://www.google.com/maps/place/2699 Durham Road 30  Stouffville,ON L4A 7X4",Private,Par 72,"Stouffville, ON",(905) 642-4416,6800,https://www.granitegolfclub.ca,Granite Golf Club,https://www.golfcanada.ca/golf-facility/granite-golf-club-en/
9,"https://www.google.com/maps/place/6190 MARINE DR  West Vancouver,BC V7W 2S3",Public,Par 70,"West Vancouver, BC",(604) 921-7353,5336,,Gleneagles Golf Course,https://www.golfcanada.ca/golf-facility/gleneagles-golf-course-en/
18,"https://www.google.com/maps/place/570 Victoria Street  Edmundston,NB E3V 3K9",Public,Par 73,"Edmundston, NB",(506) 735-7266,6694,https://www.golfedmundston.com,Fraser Edmundston Golf Club,https://www.golfcanada.ca/golf-facility/fraser-edmundston-golf-club-en/
18,"https://www.google.com/maps/place/5500 BC-22A  Trail,BC V1R 4L5",Public,Par 72,"Trail, BC",(250) 693-2366,6584,https://www.birchbankgolf.com,Birchbank Golf Course,https://www.golfcanada.ca/golf-facility/birchbank-golf-course-en/
18,"https://www.google.com/maps/place/930 Ardmore Dr  North Saanich,BC V8L 5G1",Public,Par 70,"North Saanich, BC",(250) 656-4621,5448,https://www.ardmoregolfcourse.com,Ardmore Golf Club,https://www.golfcanada.ca/golf-facility/ardmore-golf-club-en/
27,"https://www.google.com/maps/place/R.R. #4 #969 Conc. 4  Simcoe,ON N3Y 4K3",Public,,"Simcoe, ON",(519) 426-3308,,https://www.greensatrenton.com,Greens At Renton,https://www.golfcanada.ca/golf-facility/greens-at-renton-en/
18,"https://www.google.com/maps/place/1, Chemin du Golf  Grand-Mère,QC G9T 5K8",Semi-private,Par 70,"Grand-Mère, QC",(819) 538-3560,6381,https://www.golfgrandmere.com,Grand-Mère (Club de golf),https://www.golfcanada.ca/golf-facility/grand-mere-club-de-golf-en/
36,"https://www.google.com/maps/place/9500 Montée Ste-Henriette  Mirabel,QC J7J 2A1",Semi-private,,"Mirabel, QC",(450) 475-6208,,https://www.golf-glendale.com,Glendale (Club de golf),https://www.golfcanada.ca/golf-facility/glendale-club-de-golf-en/
18,"https://www.google.com/maps/place/167 Kinlock Rd  Stratford,PE C1B 1J7",Public,Par 72,"Stratford, PE",(902) 569-4653,6836,https://www.foxmeadow.pe.ca,Fox Meadow Golf & Country Club,https://www.golfcanada.ca/golf-facility/fox-meadow-golf-country-club-en/
18,"https://www.google.com/maps/place/6201 Country Club Rd.  Edmonton,AB T6M 2J6",Public,Par 71,"Edmonton, AB",(780) 448-1333,6924,https://www.edmontoncountryclub.com,Edmonton Country Club,https://www.golfcanada.ca/golf-facility/edmonton-country-club-en/
18,"https://www.google.com/maps/place/22555 Telegraph Trail  Langley City,BC V1M 3S3",Public,Par 70,"Langley City, BC",(604) 888-2393,6416,https://www.wcgg.ca,Belmont Golf Course,https://www.golfcanada.ca/golf-facility/belmont-golf-course-en/
18,T0C 0P0,Public,Par —,—,—,—,,Big Tee Golf RV Park & Motel,https://www.golfcanada.ca/golf-facility/big-tee-golf-rv-park-motel-en/
18,"https://www.google.com/maps/place/443 Golf Club Rd. 443 Golf Club Rd. Hillsborough,NB E4H 2T9",Public,Par 72,"Hillsborough, NB",(506) 734-6000,6120,https://www.hillsboroughgolfclub.com,Hillsborough Golf Club,https://www.golfcanada.ca/golf-facility/hillsborough-golf-club-en/
18,"https://www.google.com/maps/place/Box 634  Hearst,ON P0L 1N0",Public,Par 72,"Hearst, ON",(705) 362-5529,6472,https://www.hearstgolfclub.ca,Hearst Golf Club,https://www.golfcanada.ca/golf-facility/hearst-golf-club-en/
18,"https://www.google.com/maps/place/445 Thunderbird Way  Greenwood,NS B0P 1N0",Semi-private,Par 69,"Greenwood, NS",902-765-5800,5665,,Greenwood Golf Club,https://www.golfcanada.ca/golf-facility/greenwood-golf-club-en/
18,"https://www.google.com/maps/place/1123 West Richards St, Box 141 1123 West Richards St, Box 141 Nelson,BC V1L 5P7",Semi-private,Par 71,"Nelson, BC",(250) 352-5913,5984,https://www.granitepointe.ca,Granite Pointe Golf Course,https://www.golfcanada.ca/golf-facility/granite-pointe-golf-course-en/
18,"https://www.google.com/maps/place/1231 Ste Catherine Quest  Montreal,QC H3G 1P5",Public,Par —,"Montreal, QC",—,—,,Golf Town Golf Club of Quebec,https://www.golfcanada.ca/golf-facility/golf-town-golf-club-of-quebec-en/
18,"https://www.google.com/maps/place/RR#4 11742 Tenth Line  Georgetown,ON L7G 2L7",Public,Par 71,"Georgetown, ON",(905) 877-6011,6253,https://eagleridge.clublink.ca,Georgetown Golf Club,https://www.golfcanada.ca/golf-facility/georgetown-golf-club-en/
18,"https://www.google.com/maps/place/PO Box 87  Coleville,SK S0L 0K0",Public,Par —,"Coleville, SK",(306) 965-2703,—,,Coleville Golf Club,https://www.golfcanada.ca/golf-facility/coleville-golf-club-en/
9,"https://www.google.com/maps/place/Yellowhead Hwy  Churchbridge,SK S0A 0M0",Public,Par 68,"Churchbridge, SK",(306) 896-2806,5430,,Antler Acres Golf Club,https://www.golfcanada.ca/golf-facility/antler-acres-golf-club-en/
18,"https://www.google.com/maps/place/PO Box 554  Luseland,SK S0L 2A0",Public,Par —,"Luseland, SK",—,—,,Bel Acres Golf Club,https://www.golfcanada.ca/golf-facility/bel-acres-golf-club-en/
18,"https://www.google.com/maps/place/RR#2, 1910 Roseville Road  Cambridge,ON N1R 5S3",Public,Par 70,"Cambridge, ON",(519) 623-8811,5433,,Grand Valley Golf & Country Club,https://www.golfcanada.ca/golf-facility/grand-valley-golf-country-club-en/
27,"https://www.google.com/maps/place/2 Route 365  Pont-Rouge,QC G3H 3R4",Public,,"Pont-Rouge, QC",(418) 873-2000,,,Grand Portneuf (Club de golf),https://www.golfcanada.ca/golf-facility/grand-portneuf-club-de-golf-en/
9,"https://www.google.com/maps/place/Box 70  Glenboro,MB R0K 0X0",Public,Par 72,"Glenboro, MB",(204) 827-2856,6462,,Glenboro Golf & Country Club,https://www.golfcanada.ca/golf-facility/glenboro-golf-country-club-en/
18,"https://www.google.com/maps/place/PO Box 309  High Level,AB T0H 1Z0",Public,Par 72,"High Level, AB",(780) 926-3005,6618,https://www.foxhavengolf.ca,Fox Haven Golf Club at High Level,https://www.golfcanada.ca/golf-facility/fox-haven-golf-club-at-high-level-en/
18,"https://www.google.com/maps/place/19605 Bloomfield Road  Blenheim,ON N0P1A0",Public,,"Blenheim, ON",—,,https://www.deerrungolfcourse.com,Deer Run Golf Course,https://www.golfcanada.ca/golf-facility/deer-run-golf-course-en/
18,"https://www.google.com/maps/place/PO Box 231  Davidson,SK S0G 1A0",Public,Par 0,"Davidson, SK",(306) 567-4242,0,,Davidson Golf Club,https://www.golfcanada.ca/golf-facility/davidson-golf-club-en/
18,"https://www.google.com/maps/place/721 Route du Golf  Beauceville,QC G5X 2T8",Semi-private,Par 72,"Beauceville, QC",(418) 774-4141,6337,https://www.golfbeauceville.net,Beauceville (Club de golf),https://www.golfcanada.ca/golf-facility/beauceville-club-de-golf-en/
18,"https://www.google.com/maps/place/150 Youghall Drive  Bathurst,NB E2A 4X5",Public,Par 72,"Bathurst, NB",(506) 548-9469,6679,https://www.gowanbrae.ca,Gowan Brae Golf & Country Club,https://www.golfcanada.ca/golf-facility/gowan-brae-golf-country-club-en/
18,"https://www.google.com/maps/place/PO Box 1193  Cold Lake,AB T9M 1P3",Public,Par 72,"Cold Lake, AB",(780) 594-2121,6497,https://golf.coldlake.com,Grand Centre Golf & Country Club,https://www.golfcanada.ca/golf-facility/grand-centre-golf-country-club-en/
18,"https://www.google.com/maps/place/98 Glasgow Hills Drive  Hunter River,PE C0A 1N0",Public,Par 72,"Hunter River, PE",(902) 621-2200,6888,https://www.glasgowhills.com,Glasgow Hills Resort,https://www.golfcanada.ca/golf-facility/glasgow-hills-resort-en/
18,"https://www.google.com/maps/place/200 Deer Ridge Dr  Kitchener,ON N2P 2K5",Private,Par 72,"Kitchener, ON",(519) 650-2447,7215,https://www.deerridgegolfclub.com,Deer Ridge Golf Club,https://www.golfcanada.ca/golf-facility/deer-ridge-golf-club-en/
18,"https://www.google.com/maps/place/258 Lake Drive West  Ochre River,MB R0L 1K0",Public,Par 70,"Ochre River, MB",(204) 638-9400,6110,https://www.dauphinlakegolf.com,Dauphin Lake Golf Club,https://www.golfcanada.ca/golf-facility/dauphin-lake-golf-club-en/
9,"https://www.google.com/maps/place/1480 Old N. Thompson Hwy  Clearwater,BC V0E 1N2",Public,Par 72,"Clearwater, BC",778 372-9777,6012,https://www.wellsgraygolf.com,Civilia Golf,https://www.golfcanada.ca/golf-facility/civilia-golf-en/
18,S0G 0K0,Public,Par —,—,—,—,,Broadview Golf Club,https://www.golfcanada.ca/golf-facility/broadview-golf-club-en/
18,"https://www.google.com/maps/place/1150 Golf Club Road  Hawkesbury,ON K6A 2R2",Semi-private,Par 72,"Hawkesbury, ON",(613) 632-8506,6714,https://www.hawkesburygolfandcurling.com,Hawkesbury Golf & Curling Club,https://www.golfcanada.ca/golf-facility/hawkesbury-golf-curling-club-en/
18,"https://www.google.com/maps/place/11002-94th St.  Grande Prairie,AB T8V 1Y9",Public,Par —,"Grande Prairie, AB",(403) 539-9898,—,,Grovedale Golf Course,https://www.golfcanada.ca/golf-facility/grovedale-golf-course-en/
36,"https://www.google.com/maps/place/4999 BOUNDARY ROAD  Cumberland,ON K4B 1P5",Semi-private,,"Cumberland, ON",(613) 822-1454,,https://www.clublink.ca,Greyhawk Golf Club,https://www.golfcanada.ca/golf-facility/greyhawk-golf-club-en/
18,"https://www.google.com/maps/place/1005 Craigflower Rd.  Victoria,BC V9A 2X9",Private,Par 72,"Victoria, BC",(250) 383-6451,6820,https://www.gorgevalegolf.com,Gorge Vale Golf Club,https://www.golfcanada.ca/golf-facility/gorge-vale-golf-club-en/
54,"https://www.google.com/maps/place/500 Doon Valley Dr  Kitchener,ON N2P 1B4",Public,,"Kitchener, ON",(519) 741-2710,,,Doon Valley Golf Course,https://www.golfcanada.ca/golf-facility/doon-valley-golf-course-en/
18,"https://www.google.com/maps/place/7465 Dale Rd  Cobourg,ON K9A 4J7",Semi-private,Par 71,"Cobourg, ON",(905) 885-8144,6722,https://www.dalewood.ca,Dalewood Golf Club,https://www.golfcanada.ca/golf-facility/dalewood-golf-club-en/
18,"https://www.google.com/maps/place/40, Chemin de l'Équerre 40, Chemin de l'Équerre Baie-St-Paul,QC G3Z 2Y7",Public,Par 72,"Baie-St-Paul, QC",(418) 435-2117,6218,https://www.golfbsp.com,Baie Saint-Paul (Club de golf),https://www.golfcanada.ca/golf-facility/baie-saint-paul-club-de-golf-en/
18,"https://www.google.com/maps/place/2587 Lakeshore Road  Bright's Grove,ON N0N 1C0",Semi-private,Par 72,"Bright's Grove, ON",(519) 869-4231 ext.230,6518,https://www.huronoaks.com,Huron Oaks,https://www.golfcanada.ca/golf-facility/huron-oaks-en/
18,"https://www.google.com/maps/place/1- 23210 Twp Rd 564  Gibbons,AB T0A 1N0",Public,Par 71,"Gibbons, AB",(780) 921-2444,6523,https://www.goosehummock.com,Goose Hummock Golf Resort,https://www.golfcanada.ca/golf-facility/goose-hummock-golf-resort-en/
9,"https://www.google.com/maps/place/999 Boulevard de la Forêt  Verdun,QC H3E 1X9",—,,"Verdun, QC",—,,,Golf Exécutif Montréal,https://www.golfcanada.ca/golf-facility/golf-executif-montreal-en/
18,"https://www.google.com/maps/place/12 Red Patch Ave  Kingston,ON K7K 7B4",Semi-private,Par 72,"Kingston, ON",(613) 546-4952,6447,https://www.ggcc.on.ca,Garrison Golf Club,https://www.golfcanada.ca/golf-facility/garrison-golf-club-en/
18,R0A 0L0,Public,Par —,"Emerson, MB",—,—,,Emerson Golf Course,https://www.golfcanada.ca/golf-facility/emerson-golf-course-en/
18,"https://www.google.com/maps/place/Box 1118  Swift Current,SK S9H 3X3",Public,Par 72,"Swift Current, SK",(306) 778-2776,6629,https://www.city.swift-current.sk.ca,Chinook Golf Course,https://www.golfcanada.ca/golf-facility/chinook-golf-course-en/
9,P0P1T0,Semi-private,Par 72,"Ontario, ON",7053774979,6182,,Brookwood Brae Golf Course,https://www.golfcanada.ca/golf-facility/brookwood-brae-golf-course-en/
18,"https://www.google.com/maps/place/4838 Colonel Talbot Rd  London,ON N6P 1H7",Private,Par 72,"London, ON",(519) 652-5033,6472,,Greenhills Country Club,https://www.golfcanada.ca/golf-facility/greenhills-country-club-en/
18,"https://www.google.com/maps/place/3423 - 49th Avenue  Lloydminster,SK S9V 2A2",Public,Par —,"Lloydminster, SK",(306) 248-3780,—,,Brightsand RP Golf Club,https://www.golfcanada.ca/golf-facility/brightsand-rp-golf-club-en/
18,"https://www.google.com/maps/place/3455, rue du Fer-Droit  Sherbrooke,QC J1H 0A8",Semi-private,Par 72,"Sherbrooke, QC",819-563-9899,6403,https://www.golflongchamp.com,Golf et Académie LongChamp,https://www.golfcanada.ca/golf-facility/golf-et-academie-longchamp-en/
18,"https://www.google.com/maps/place/16410 - 137 Avenue  Edmonton,AB T5V 1R6",Public,Par 70,"Edmonton, AB",(780) 447-1094,6018,https://www.goldenwestgolf.com,Golden West Golf Course,https://www.golfcanada.ca/golf-facility/golden-west-golf-course-en/
18,"https://www.google.com/maps/place/4320 Gallagher's Dr. W.  Kelowna,BC V1W 3Z9",Semi-private,,"Kelowna, BC",2508614240,,https://www.golfbc.com,Gallagher's Canyon Golf & Country Club - Canyon,https://www.golfcanada.ca/golf-facility/gallaghers-canyon-golf-country-club-canyon-en/
18,"https://www.google.com/maps/place/399 Clubhouse Dr  Courtenay,BC V9N 9G3",Semi-private,Par 72,"Courtenay, BC",(888) 338-8439,7025,https://www.crownisle.com,Crown Isle Golf & Resort Community,https://www.golfcanada.ca/golf-facility/crown-isle-golf-resort-community-en/
9,"https://www.google.com/maps/place/PO Box 1333  High Prairie,AB T0G 1E0",Public,Par 72,"High Prairie, AB",(780) 523-2696,6772,https://www.hpgolfclub.com,High Prairie Golf Club,https://www.golfcanada.ca/golf-facility/high-prairie-golf-club-en/
18,"https://www.google.com/maps/place/600 Golf Rd  Hammond,ON K0A2A0",Public,Par 72,"Hammond, ON",(613) 488-2288,6500,https://www.hammondgolf.com,Hammond Golf & Country Club,https://www.golfcanada.ca/golf-facility/hammond-golf-country-club-en/
18,P0M 1L0,Public,Par —,—,—,—,,Chelmsford Golf Course,https://www.golfcanada.ca/golf-facility/chelmsford-golf-course-en/
18,"https://www.google.com/maps/place/300 Boulevard de Mortagne  Boucherville,QC J4B 1B5",Semi-private,Par 72,"Boucherville, QC",(450) 655-9063,6396,https://www.golfboucherville.com,Boucherville (Club de golf),https://www.golfcanada.ca/golf-facility/boucherville-club-de-golf-en/
18,"https://www.google.com/maps/place/331 Golf Club Road 331 Golf Club Road Fredericton,NB E3B 5Z6",Private,Par 70,"Fredericton, NB",5064437710,6068,https://www.playfgc.com,Fredericton Golf Club,https://www.golfcanada.ca/golf-facility/fredericton-golf-club-en/
18,"https://www.google.com/maps/place/7660 Maltby Rd. East  Puslinch,ON N0B 2J0",Semi-private,,"Puslinch, ON",—,,https://www.victoriaparkvalley.com,Victoria Park Valley Golf Club,https://www.golfcanada.ca/golf-facility/victoria-park-valley-golf-club-en/
18,"https://www.google.com/maps/place/PO Box 149, SW 989 Street  Treherne,MB R0G 2V0",Public,Par 70,"Treherne, MB",(204) 723-2502,6176,,Delahunt Golf & Country Club,https://www.golfcanada.ca/golf-facility/delahunt-golf-country-club-en/
18,"https://www.google.com/maps/place/14012 Leslie Street  Aurora,ON L4G 7C2",Semi-private,Par 70,"Aurora, ON",9057274099,6396,,Lebovic Golf Club,https://www.golfcanada.ca/golf-facility/lebovic-golf-club-en/
18,"https://www.google.com/maps/place/323 avenue Venise Ouest  Venise-en-Québec,QC J0J 2K0",Public,Par 71,"Venise-en-Québec, QC",800-363-1420,6248,https://www.golflachamplain.com,Lac Champlain (Club de golf),https://www.golfcanada.ca/golf-facility/lac-champlain-club-de-golf-en/
18,"https://www.google.com/maps/place/7929 152nd St.  Surrey,BC V3S 3M5",Public,Par 72,"Surrey, BC",(604) 594-1435,6457,https://www.guildfordgolf.com,Guildford Golf & Country Club,https://www.golfcanada.ca/golf-facility/guildford-golf-country-club-en/
18,"https://www.google.com/maps/place/Suite 3001, #3 9899-112 Avenue  Grande Prairie,AB T8V 7T2",Public,Par —,"Grande Prairie, AB",(780) 774-3838,—,https://www.chinookvalley.ca,Chinook Valley Golf Course,https://www.golfcanada.ca/golf-facility/chinook-valley-golf-course-en/
18,"https://www.google.com/maps/place/2441 Avenue de la Rotonde  Charny,QC G6X 2M2",Public,Par 71,"Charny, QC",4188324432,5865,https://www.golfcharny.com,Charny Golf Club,https://www.golfcanada.ca/golf-facility/charny-golf-club-en/
18,"https://www.google.com/maps/place/1111  Madden,AB T0M 1L0",Public,Par 71,"Madden, AB",4039465200,6026,,Beaver Dam Golf Club,https://www.golfcanada.ca/golf-facility/beaver-dam-golf-club-en/
9,"https://www.google.com/maps/place/PO Box 81  Spruce View,AB T0M 1V0",Public,Par 72,"Spruce View, AB",4037283010,6556,https://www.mylakeresort.com,Gleniffer Lake Resort & Country Club,https://www.golfcanada.ca/golf-facility/gleniffer-lake-resort-country-club-en/
18,"https://www.google.com/maps/place/121 Beauty Bay Road  Kenora,ON P9N 4P3",Public,Par 70,"Kenora, ON",—,6014,https://www.beautybaygolf.com,Beauty Bay Golf Club,https://www.golfcanada.ca/golf-facility/beauty-bay-golf-club-en/
27,"https://www.google.com/maps/place/245 Grandview Drive, North  Huntsville,ON P1H 1B4",Private,Par 72,"Huntsville, ON",(705) 788-9978,7065,,Grandview Golf Club,https://www.golfcanada.ca/golf-facility/grandview-golf-club-en/
18,"https://www.google.com/maps/place/100, rue Beaumont  Beaupré,QC G0A 1E0",Public,Par 72,"Beaupré, QC",(418) 827-4653,6443,https://www.legrandvallon.com,Grand Vallon (Club de golf Le),https://www.golfcanada.ca/golf-facility/grand-vallon-club-de-golf-le-en/
18,"https://www.google.com/maps/place/120 Gabriel Road  St. John's,NL A1H 1A5",Semi-private,Par 71,"St. John's, NL",(866) 888-9453,6214,https://www.glendenninggolf.ca,GlenDenning Golf Club,https://www.golfcanada.ca/golf-facility/glendenning-golf-club-en/
18,"https://www.google.com/maps/place/9807 Regional Road 25  Halton Hills,ON L9T 2X7",Public,,"Halton Hills, ON",9058763666,,https://glencairn.clublink.ca,Glencairn Golf Club,https://www.golfcanada.ca/golf-facility/glencairn-golf-club-en/
18,"https://www.google.com/maps/place/999 32 Ave Ne  Calgary,AB T2E 6X6",Public,Par 71,"Calgary, AB",(403) 277-4653,6455,,Fox Hollow Golf Course,https://www.golfcanada.ca/golf-facility/fox-hollow-golf-course-en/
18,"https://www.google.com/maps/place/563 Aberdeen Ave  Hamilton,ON L8P 4S8",Public,,"Hamilton, ON",(905) 546-3957,,,Chedoke Golf Club,https://www.golfcanada.ca/golf-facility/chedoke-golf-club-en/
18,R0E 1A0,Public,Par —,—,—,—,,Black Bear Golf,https://www.golfcanada.ca/golf-facility/black-bear-golf-en/
18,"https://www.google.com/maps/place/PO Box 1431, Hwy 4 North  Biggar,SK S0K 0M0",Public,Par 72,"Biggar, SK",(306) 948-2168,6332,https://www.biggargolfclub.com,Biggar Golf Club,https://www.golfcanada.ca/golf-facility/biggar-golf-club-en/
18,"https://www.google.com/maps/place/4608 Route 19  Nine Mile Creek,PE C0A 1H2",Public,Par 70,"Nine Mile Creek, PE",(866) 675-3001,5962,https://www.glenaftongolf.com,Glen Afton Golf Club,https://www.golfcanada.ca/golf-facility/glen-afton-golf-club-en/
27,"https://www.google.com/maps/place/2777 Erbs Road  Baden,ON N0B 1G0",Semi-private,,"Baden, ON",1-888-833-8787,,https://www.golffoxwood.ca,Foxwood Golf Club,https://www.golfcanada.ca/golf-facility/foxwood-country-club-en/
18,"https://www.google.com/maps/place/700 rue Lakeside  Lac Brome,QC J0E 1R0",Public,Par 0,"Lac Brome, QC",(450) 539-2582,0,https://www.golflacbrome.com,Lac Brome (Club de golf),https://www.golfcanada.ca/golf-facility/lac-brome-club-de-golf-en/
—,LOB 1Ao,Public,Par 60,"Ashburn,",905-655-4123,3075,,HY-Hope Farms & Golf Course,https://www.golfcanada.ca/golf-facility/hy-hope-farms-golf-course-en-2/
—,LOB 1Ao,Public,Par —,"Ashburn,",905-655-4123,—,,HY-Hope Farms & Golf Course,https://www.golfcanada.ca/golf-facility/hy-hope-farms-golf-course-en/
18,"https://www.google.com/maps/place/R.R. # 1  Guelph,ON N1H 6H7",Public,Par 71,"Guelph, ON",(519) 822-4222,6391,,Guelph Lakes Golf Club,https://www.golfcanada.ca/golf-facility/guelph-lakes-golf-club-en/
18,"https://www.google.com/maps/place/3816 Allains Creek, Hwy #1  Annapolis Royal,NS B0S 1A0",Semi-private,Par 70,"Annapolis Royal, NS",(902) 532-7267,5385,https://www.annapolisroyalgolf.com,Fort View Golf Club,https://www.golfcanada.ca/golf-facility/fort-view-golf-club-en/
18,"https://www.google.com/maps/place/Coal Creek Golf Resort Box 299 Ryley,AB T0B 4A0",Public,Par 72,"Ryley, AB",—,7207,,Coal Creek Golf Resort,https://www.golfcanada.ca/golf-facility/coal-creek-golf-resort-en/
18,"https://www.google.com/maps/place/1975 Haslam Rd  Nanaimo,BC V9X 1T1",Public,Par 72,"Nanaimo, BC",(250) 245-5157,6215,https://www.cottonwoodgolfcourse.com,Cottonwood Golf Course,https://www.golfcanada.ca/golf-facility/cottonwood-golf-course-en/
18,"https://www.google.com/maps/place/360 Boulevard Sabourin  Val-d'Or,QC J9P 4N9",Public,Par 72,"Val-d'Or, QC",(819) 824-4653,6743,https://clubsportsbelvedere.com,Belvédère (Club Sports),https://www.golfcanada.ca/golf-facility/belvedere-club-sports-en/
18,"https://www.google.com/maps/place/PO Box 1688  Whitecourt,AB T7S 1P5",Public,Par —,"Whitecourt, AB",(780) 778-6011,—,,Graham Acres Golf & Country Club,https://www.golfcanada.ca/golf-facility/graham-acres-golf-country-club-en/
9,"https://www.google.com/maps/place/133 Woodlawn Road, East  Guelph,ON N1E 7H9",Semi-private,Par 71,"Guelph, ON",(519) 824-2741,5874,,Guelph Country Club,https://www.golfcanada.ca/golf-facility/guelph-country-club-en/
18,"https://www.google.com/maps/place/1333 Dorval Drive  Oakville,ON L6M 4G2",Public,Par 73,"Oakville, ON",(905) 844-1800,7267,,Glen Abbey Golf Club,https://www.golfcanada.ca/golf-facility/glen-abbey-golf-club-en/
18,"https://www.google.com/maps/place/40 Eldale Rd  Elmira,ON N3B 2Z5",Semi-private,Par 70,"Elmira, ON",(519) 669-1651,6354,https://www.elmiragolfclub.com,Elmira Golf Club,https://www.golfcanada.ca/golf-facility/elmira-golf-club-en/
9,"https://www.google.com/maps/place/12704 86 St  Fort St. John,BC V1J 6L8",Public,Par 72,"Fort St. John, BC",(250) 785-9995,6560,,Fort St. John Links Golf Course,https://www.golfcanada.ca/golf-facility/fort-st-john-links-golf-course-en/
18,"https://www.google.com/maps/place/900 - 22nd Street East  Prince Albert,SK S6V 1P1",Public,Par 71,"Prince Albert, SK",(306) 763-2502,6362,,Cooke Municipal Golf Course,https://www.golfcanada.ca/golf-facility/cooke-municipal-golf-course-en/
18,"https://www.google.com/maps/place/530 Chapples Park Dr 530 Chapples Park Dr Thunder Bay,ON P7C 4L7",Public,Par 70,"Thunder Bay, ON",(807)625-2582,6036,,Chapples Golf Club,https://www.golfcanada.ca/golf-facility/chapples-golf-club-en/
18,"https://www.google.com/maps/place/45809 Ferguson Line R.R. #1  Belmont,ON N0L 1B0",Public,Par 70,"Belmont, ON",(519) 644-1370,5435,https://www.belmontgolfclub.com,Belmont Golf Club,https://www.golfcanada.ca/golf-facility/belmont-golf-club-en/
27,"https://www.google.com/maps/place/3-100 Real Martin Drive  Fort McMurray,AB T9H 4V9",Public,,"Fort McMurray, AB",(780) 743-5577,,https://fortmcmurraygolfclub.com,Fort McMurray Golf Club,https://www.golfcanada.ca/golf-facility/fort-mcmurray-golf-club-en/
9,"https://www.google.com/maps/place/PO Box 1280 Boundry St Fort Qu' Appelle,SK S0G 1S0",Public,Par 68,"Fort Qu' Appelle, SK",(306) 332-4653,5476,,Echo Ridge Golf Club,https://www.golfcanada.ca/golf-facility/echo-ridge-golf-club-en/
18,"https://www.google.com/maps/place/ 418 Fourth Line W  Sault Ste. Marie,ON  P6A 0B5",Semi-private,Par 72,"Sault Ste. Marie, ON",(705) 254-4653,6810,,Crimson Ridge Golf Course,https://www.golfcanada.ca/golf-facility/crimson-ridge-golf-course-en/
18,"https://www.google.com/maps/place/PO Box 99  Rose Valley,SK S0E 1M0",Public,Par 72,"Rose Valley, SK",(306) 278-2489,6703,https://www.greenhillsgolfresort.com,Greenhills Golf Resort,https://www.golfcanada.ca/golf-facility/greenhills-golf-resort-en/
18,"https://www.google.com/maps/place/18150 8th Ave  Surrey,BC V3S 9R9",Semi-private,Par 72,"Surrey, BC",(604) 538-1212,6627,https://www.hazelmere.com,Hazelmere Golf & Tennis Club,https://www.golfcanada.ca/golf-facility/hazelmere-golf-tennis-club-en/
18,"https://www.google.com/maps/place/C.F.B. Comox  Lazo,BC V0R 2K0",Public,Par 71,"Lazo, BC",(250) 339-6515,6268,https://www.glaciergreens.com,Glacier Greens Golf Club,https://www.golfcanada.ca/golf-facility/glacier-greens-golf-club-en/
18,"https://www.google.com/maps/place/2802-13 Ave. S.E.  Medicine Hat,AB T1A 3P9",Semi-private,Par 72,"Medicine Hat, AB",(403) 526-07-3,6943,https://www.connaughtgolf.com,Connaught Golf Club,https://www.golfcanada.ca/golf-facility/connaught-golf-club-en/
9,"https://www.google.com/maps/place/4201 Saddlemire Rd  Williamsburg,ON K0C 2H0",Semi-private,Par 68,"Williamsburg, ON",(613) 535-2323,5748,,Cedar Glen Golf Course,https://www.golfcanada.ca/golf-facility/cedar-glen-golf-course-en/
18,"https://www.google.com/maps/place/200 Golf Course Crescent PO Box 955 Hanna,AB T0J 1P0",Public,Par 72,"Hanna, AB",(403) 854-3722,6616,https://www.hannagolf.ca,Hanna Golf & Country Club,https://www.golfcanada.ca/golf-facility/hanna-golf-country-club-en/
9,"https://www.google.com/maps/place/230 Highway 32  Gananoque,ON K7G 2V3",Semi-private,Par 70,"Gananoque, ON",—,6392,https://www.greeneacregolf.com,Greene Acres Golf Club,https://www.golfcanada.ca/golf-facility/greene-acres-golf-club-en/
18,"https://www.google.com/maps/place/2000 Avenue Reverchon  Dorval,QC H9P 2S7",Public,Par 72,"Dorval, QC",(514) 631-6624,6669,https://www.golfdorval.com,Golf Dorval,https://www.golfcanada.ca/golf-facility/golf-dorval-en/
18,"https://www.google.com/maps/place/P.O. Box 247  Slave Lake,AB T0G 2A0",Semi-private,Par 72,"Slave Lake, AB",(780) 849-4389,6883,https://www.gilwood.ca,Gilwood Golf & Country Club,https://www.golfcanada.ca/golf-facility/gilwood-golf-country-club-en/
18,"https://www.google.com/maps/place/Box 309  Gananoque,ON K7G 2T6",Semi-private,Par 71,"Gananoque, ON",(613) 382-3171,6142,https://gangolfclub.com,Gananoque Golf & Country Club,https://www.golfcanada.ca/golf-facility/gananoque-golf-country-club-en/
18,"https://www.google.com/maps/place/190 Golf Club Rd  Hartland,NB E7P 3K4",Public,Par 72,"Hartland, NB",(506) 375-1112,6609,,Covered Bridge Golf & Country Club,https://www.golfcanada.ca/golf-facility/covered-bridge-golf-country-club-en/
18,"https://www.google.com/maps/place/200 Rue Commerciale O  Chandler,QC G0C 1K0",Public,Par 72,"Chandler, QC",(418) 689-3255,6281,,Chandler (Club de golf),https://www.golfcanada.ca/golf-facility/chandler-club-de-golf-en/
18,"https://www.google.com/maps/place/PO Box 552, Hwy 44 & Golf Cour  Beausejour,MB R0E 0C0",—,,"Beausejour, MB",(204) 268-2010,,,Beausejour Golf Course,https://www.golfcanada.ca/golf-facility/beausejour-golf-course-en/
18,"https://www.google.com/maps/place/6621 Guelph Line  Burlington,ON L7P 0A6",Public,Par 72,"Burlington, ON",(905) 319-5991,7175,,Crosswinds Golf & Country Club,https://www.golfcanada.ca/golf-facility/crosswinds-golf-country-club-en/
36,"https://www.google.com/maps/place/1334 Country Hills Boulevard N  Calgary,AB T3K 5A9",Private,,"Calgary, AB",—,,https://www.countryhills.ab.ca,Country Hills Golf Club,https://www.golfcanada.ca/golf-facility/country-hills-golf-club-en/
18,"https://www.google.com/maps/place/88008 226 Ave E  Foothills,AB T1S 4A6",Private,Par 71,"Foothills, AB",(403) 938-7577,6920,https://www.cottonwoodgcc.com,Cottonwood Golf & Country Club,https://www.golfcanada.ca/golf-facility/cottonwood-golf-country-club-en/
18,"https://www.google.com/maps/place/8 Golf Club Rd  Grand Bay-Westfield,NB E5K 3C8",Semi-private,Par 69,"Grand Bay-Westfield, NB",(506) 757-2250,5718,https://www.westfieldgolf.com,Westfield Golf and Country Club,https://www.golfcanada.ca/golf-facility/westfield-golf-and-country-club-en/
18,"https://www.google.com/maps/place/1461, ch. de la Montagne N.  Aylmer,QC J9H 5E1",Semi-private,Par 72,"Aylmer, QC",(819) 827-0330,6357,https://www.golfkingsway.ca,Kingsway Park (Club de golf du),https://www.golfcanada.ca/golf-facility/kingsway-park-club-de-golf-du-en/
9,"https://www.google.com/maps/place/240 Riverview Dr  Cochrane,AB T4C 1K9",Public,Par 70,"Cochrane, AB",(403) 932-5103,6302,https://www.cochranegolfclub.com,Cochrane Golf Club,https://www.golfcanada.ca/golf-facility/cochrane-golf-club-en/
18,"https://www.google.com/maps/place/658 Base Valcartier 658 Base Valcartier Courcelette,QC G0A 4Z0",Public,Par 72,"Courcelette, QC",(418) 844-3272,6281,https://www.centrecastor.com,Centre Castor,https://www.golfcanada.ca/golf-facility/centre-castor-en/
9,"https://www.google.com/maps/place/9420-101 St.  Fort Saskatchewan,AB T8L 1T8",Semi-private,Par 72,"Fort Saskatchewan, AB",(780) 998-3372,6271,,Fort Saskatchewan Golf & Curling Club,https://www.golfcanada.ca/golf-facility/fort-saskatchewan-golf-curling-club-en/
18,"https://www.google.com/maps/place/2870 Boulevard Base-de-Roc  Joliette,QC J6E 0L2",Public,Par 72,"Joliette, QC",(450) 759-1818,6246,https://www.golfbasederoc.com,Base de Roc (Club de golf),https://www.golfcanada.ca/golf-facility/base-de-roc-club-de-golf-en/
18,"https://www.google.com/maps/place/160 Rue du Golf  Gatineau,QC J9J 0R1",Public,Par 70,"Gatineau, QC",(819) 684-5385,6305,https://gatineaugolf.com,Gatineau (Club de golf),https://www.golfcanada.ca/golf-facility/gatineau-club-de-golf-en/
18,"https://www.google.com/maps/place/1 Golf Club Ave  Didsbury,AB T0M 0M0",Public,Par 69,"Didsbury, AB",(403) 335-3635,5314,https://www.didsburygolfclub.ca,Didsbury Golf Club,https://www.golfcanada.ca/golf-facility/didsbury-golf-club-en/
18,"https://www.google.com/maps/place/2225 Empress Rd.  Regina,SK S4W 1B6",Public,Par —,"Regina, SK",(306) 777-7368,—,,Craig Golf Course,https://www.golfcanada.ca/golf-facility/craig-golf-course-en/
18,"https://www.google.com/maps/place/6740 Sutherland Ave 6740 Sutherland Ave Cornwall,ON K6H 7J3",Private,Par 72,"Cornwall, ON",(613) 931-1122,6571,https://www.cornwallgolf.com,Cornwall Golf & Country Club,https://www.golfcanada.ca/golf-facility/cornwall-golf-country-club-en/
18,"https://www.google.com/maps/place/Golf Course Road, PO Box 400  Hardisty,AB T0B 1V0",Public,Par 72,"Hardisty, AB",(780) 888-2288,6422,,Hardisty Lakeview Golf Course,https://www.golfcanada.ca/golf-facility/hardisty-lakeview-golf-course-en/
18,"https://www.google.com/maps/place/Box 98  Kenosee,SK S0C 2S0",Public,Par 72,"Kenosee, SK",(306) 577-4422,6338,,Golf Kenosee,https://www.golfcanada.ca/golf-facility/golf-kenosee-en/
18,"https://www.google.com/maps/place/68 North Rd Route 240  Stanley Bridge,PE C0B 1M0",Public,Par 72,"Stanley Bridge, PE",(902) 886-3434,6628,https://www.andersonscreek.com,Andersons Creek Golf Club,https://www.golfcanada.ca/golf-facility/andersons-creek-golf-club-en/
18,"https://www.google.com/maps/place/472 Clyde River Rd  Clyde River,PE C0A 1H1",Public,Par 71,"Clyde River, PE",(902) 675-2585,6037,https://www.clyderivergolf.ca,Clyde River Golf and Country Club,https://www.golfcanada.ca/golf-facility/clyde-river-golf-and-country-club-en/
9,"https://www.google.com/maps/place/2035 Island Highway West  Qualicum Beach,BC V9K 1G1",Semi-private,Par 72,"Qualicum Beach, BC",(250) 752-6311,6844,,Eaglecrest Golf Club,https://www.golfcanada.ca/golf-facility/eaglecrest-golf-club-en/
9,"https://www.google.com/maps/place/5045 Boulder Mountain Rd  Barrière,BC V0E 1E0",Public,Par 72,"Barrière, BC",(250) 672-0119,6732,,Chinook Cove Golf Club,https://www.golfcanada.ca/golf-facility/chinook-cove-golf-club-en/
9,"https://www.google.com/maps/place/PO Box 216  Sandspit,BC V0T 1T0",Public,Par 72,"Sandspit, BC",(604) 637-2388,6154,,Willows Golf Club,https://www.golfcanada.ca/golf-facility/willows-golf-club-en/
18,"https://www.google.com/maps/place/Nichols - Adam Highway (Route 500)  Labrador City,NL A2V 2R5",Public,Par 72,"Labrador City, NL",(709) 944-3007,6116,https://www.tamarackgolfclub.ca,Tamarack Golf Club,https://www.golfcanada.ca/golf-facility/tamarack-golf-club-en/
18,"https://www.google.com/maps/place/9145 Highway 118  Carnarvon,ON K0M 2K0",Public,Par —,"Carnarvon, ON",705-489-3473,—,,Carnarvon Family Golf Center,https://www.golfcanada.ca/golf-facility/carnarvon-family-golf-center-en/
18,"https://www.google.com/maps/place/11064 Township Rd 275  Rocky View,AB T0M 0S0",Public,Par 72,"Rocky View, AB",—,6985,https://www.applecreekgolfcourse.com,Apple Creek Golf Course,https://www.golfcanada.ca/golf-facility/apple-creek-golf-course-en/
9,"https://www.google.com/maps/place/6494 Line 9  Beeton,ON L0G 1A0",Semi-private,Par 70,"Beeton, ON",9057294353,4410,,Beeton Golf & Country Club,https://www.golfcanada.ca/golf-facility/beeton-golf-country-club-en/
18,"https://www.google.com/maps/place/251 Trans Canada Highway  Gander,NL A1V 1W8",Public,Par 70,"Gander, NL",(709) 256-4643,6137,https://www.gandergolfclub.ca,Gander Golf Club,https://www.golfcanada.ca/golf-facility/gander-golf-club-en/
—,"https://www.google.com/maps/place/Box 4387  Hay River,NT X0E 1G3",Public,Par 72,"Hay River, NT",(867) 874-6290,6228,,Hay River Golf Club,https://www.golfcanada.ca/golf-facility/hay-river-golf-club-en/
18,"https://www.google.com/maps/place/477 Golf Course Rd  Amherstview,ON K7N 1W3",Semi-private,Par 72,"Amherstview, ON",(613) 389-5923,6121,https://www.amherstviewgolfclub.com,Amherstview Golf Club,https://www.golfcanada.ca/golf-facility/amherstview-golf-club-en/
18,"https://www.google.com/maps/place/6627 Marina Dr  Manotick,ON K4M 1B3",Private,Par 71,"Manotick, ON",(613) 692-3531,6327,https://www.carletongolf.com,Carleton Golf & Yacht Club,https://www.golfcanada.ca/golf-facility/carleton-golf-yacht-club-en/
—,—,Public,Par 30,"Inverness, NS",—,1304,,Cabot The Nest,https://www.golfcanada.ca/golf-facility/cabot-the-nest-en/
18,"https://www.google.com/maps/place/3245 - 10 Ave SW  Medicine Hat,AB T1B 4B3",Public,Par 66,"Medicine Hat, AB",(403) 529-1010,4537,https://www.cottonwoodcoulee.golf,Cottonwood Coulee Golf Course,https://www.golfcanada.ca/golf-facility/cottonwood-coulee-golf-course-en/
18,"https://www.google.com/maps/place/227 School St.  Dartmouth,NS B3A 2Y5",Public,Par 68,"Dartmouth, NS",(902) 466-7688,5554,https://www.brightwood.ns.ca,Brightwood Golf & Country Club,https://www.golfcanada.ca/golf-facility/brightwood-golf-country-club-en/
9,"https://www.google.com/maps/place/100 Aqua Beach Ln  Jackfish Lake,SK S0M 1X0",Public,Par 66,"Jackfish Lake, SK",—,4758,,Aquadeo Beach Golf Course,https://www.golfcanada.ca/golf-facility/aquadeo-beach-golf-course-en/
36,"https://www.google.com/maps/place/1997 Country Club Way  Victoria,BC V9B 6R3",Semi-private,,"Victoria, BC",(250) 744-2327,,https://www.bearmountain.ca,Bear Mountain Golf & Tennis Resort,https://www.golfcanada.ca/golf-facility/bear-mountain-golf-tennis-resort-en/
18,P0H 1Z0,Public,Par —,—,—,—,,Clear Springs Golf Course,https://www.golfcanada.ca/golf-facility/clear-springs-golf-course-en/
18,"https://www.google.com/maps/place/1400 Derby Rd  Victoria,BC V8P 1T1",Public,Par 67,"Victoria, BC",250 475-7151,5164,https://www.saanich.ca,Cedar Hill Golf Course,https://www.golfcanada.ca/golf-facility/cedar-hill-golf-club-en/
18,"https://www.google.com/maps/place/32 Country Club Dr. 32 Country Club Dr. Kingston,ON ON",Private,Par 70,"Kingston, ON",(613) 546-1753,6459,https://www.cataraqui.com,Cataraqui Golf & Country Club,https://www.golfcanada.ca/golf-facility/cataraqui-golf-country-club-en/
18,"https://www.google.com/maps/place/1699 Woodrow Road  Coldwater,ON L0K 1E0",Public,Par 71,"Coldwater, ON",—,6352,,Bonaire Golf Course,https://www.golfcanada.ca/golf-facility/bonaire-golf-course-en/
18,"https://www.google.com/maps/place/20 Rue des Monardes  Sainte-Brigitte-de-Laval,QC G0A 3K0",Semi-private,Par 72,"Sainte-Brigitte-de-Laval, QC",4188253018,6405,https://www.alpin.qc.ca,Alpin (Club de golf),https://www.golfcanada.ca/golf-facility/alpin-club-de-golf-en/
18,K0M 2K0,Public,Par —,—,—,—,,Blairhampton Golf Club,https://www.golfcanada.ca/golf-facility/blairhampton-golf-club-en/
18,—,Semi-private,Par 65,"Waterford, ON",—,4354,,Springview Farm Golf Course,https://www.golfcanada.ca/golf-facility/springview-farm-golf-course-en/
18,"https://www.google.com/maps/place/20 Rusty Way  Cornwallis,MB R7C 1A7",Public,Par —,"Cornwallis, MB",4314324653,—,,Shanks Driving Range and Grill,https://www.golfcanada.ca/golf-facility/shanks-driving-range-and-grill-en/
