addr:city,addr:housenumber,addr:postcode,addr:state,addr:street,name,phone,website,source,contact:website,email,operator,sport,description,opening_hours,alt_name,barrier,dist,old_name,par,pins,note,level,golf,type,fax,access,fixme,area_m2,lat,lon,province,gcid
Valentine,88897,69201,NE,NE 97,The Prairie Club,,http://www.theprairieclub.com/,,,,,,,,,,,,,,,,,multipolygon,,,Check boundaries,8456519.438932458,42.72005327583954,-100.81907692827201,Nebraska,NE00027
,,,,,Dismal River Club,,,,,,,,,,,,,,,,,,,,,,,7433260.010523504,41.85708331872197,-101.27398324797633,Nebraska,NE00189
Valentine,38248,69201,NE,CapRock Lane,CapRock Ranch,,https://www.caprockranch.com/,,,,,,,,,,,,,,,,,multipolygon,,,Check boundaries,3175217.787181946,42.73619200363601,-100.80995904098585,Nebraska,NE00026
Mullen,36430,69152,NE,Crenshaw Drive,Sand Hills Golf Club,,https://www.golf.com/courses/us/nebraska/mullen/sand-hills-golf-club,,,,,,,,,,,,,,,,,,,,,1615548.7725759342,41.87034878822361,-101.09935359278617,Nebraska,NE00188
Ashland,16600,68003,,Quarry Oaks Drive,Quarry Oaks Golf Course,402-944-6000,https://quarryoaks.com/,,,,,,,,,,,,,,,,,,,,,1561107.4028855392,41.01341376596998,-96.27849296701567,Nebraska,NE00103
,,,,,Unknown Golf Course,,,,,,,,,,,,,,,,,,,,,,,1523869.911173804,40.68789074775203,-95.89458012576776,Nebraska,NE00195
Plattsmouth,3200,68048,NE,Buccaneer Boulevard,Bay Hills Golf Club,,,,,,,,,,,,,,,,,,,,,,,1466255.8979987002,41.04707639863919,-95.96626706176401,Nebraska,NE00241
,,,,,The Players Club,,,,,,,,,,,,,,,,,,,multipolygon,,,,1443293.2169336837,41.32660727118885,-96.10671969239543,Nebraska,NE00004
Axtell,592,68924,NE,S Road,Awarii Dunes Golf Course,308-743-1111,https://www.awariidunes.com/,,,,,,,,,,,,,,,,,,,,,1335080.1780849283,40.59646324209705,-99.09143607612859,Nebraska,NE00054
Niobrara,,68760,,Ne 12,Tatanka Golf Club,+1 402 857 3504,https://www.tatankagolfclub.com/,,,,,,,,,,,,,,,,,,,,,1289062.3645976563,42.72826587579255,-97.89588041537559,Nebraska,NE00166
Lincoln,9301,68520,NE,Firethorn Lane,Firethorn Golf Club,,,bing,,,Firethorn Golf Company LLC,,,,,,,,,,,,,multipolygon,,,,1155185.9339195269,40.777619696090035,-96.5941905370583,Nebraska,NE00020
Lincoln,3701,68506,NE,South 70th Street,Holmes Park Golf Course,402-441-8960,http://www.holmesgolfcourse.com/,Bing,,,City of Lincoln,,,,Holmes Park Golf Course,,,Holmes Lake Golf Course,,,,,,multipolygon,,,,1088305.260826663,40.77419275398628,-96.63357399134698,Nebraska,NE00025
Lincoln,1800,68512,NE,Willderness Woods Place,Wilderness Ridge Golf Course,,,,,,Wilderness Ridge LLC,,,,,,,,,,,,,multipolygon,,,,1070196.6928787103,40.720059911743014,-96.68971322742662,Nebraska,NE00002
,,,,,Highlands Golf Course,,,,,,City of Lincoln,golf,,,,,,,,,,,,multipolygon,,,,1057266.4055231214,40.86572455218926,-96.74337919858021,Nebraska,NE00017
,,,,,Highlands Golf Course,,,,,,City of Lincoln,golf,,,,,,,,,,,,multipolygon,,,,1057266.4055231214,40.86572455218926,-96.74337919858021,Nebraska,NE00018
Omaha,6900,68152,NE,Country Club Road,Omaha Country Club,402-571-7777,https://www.omahacc.org/,Bing,,omahacc@omahacc.org,,,,,,,,,,,this polygon represents the entire country club,,,,,,,1042995.6172981504,41.33180601998922,-96.01626309150522,Nebraska,NE00129
,,,,,Tiburon Golf Course,,,,,,,,,,,,,,,,,,,multipolygon,,,,1038320.1280936343,41.156190982693374,-96.18505234883393,Nebraska,NE00013
,,,,,Centura Hills Golf Club,,,,,,,,,,,,,,,,,,,,,,,1029667.7148902172,41.01021721202414,-98.5962218476271,Nebraska,NE00181
Sidney,2616,69162,NE,Hillside Drive,Hillside Golf Course,,,,,,City of Sidney,,,,,,,,,,,,,,,,,987535.1995958617,41.128446353078935,-102.98953182042996,Nebraska,NE00139
Lincoln,9001,68526,NE,Pioneers Boulevard,NuMark Golf Course,,,bing,,,NuMark Golf LLC,,,,HiMark Golf Course,,,,,,,,,multipolygon,,,,979496.8036309003,40.761983578273025,-96.59617398677445,Nebraska,NE00019
Brule,865,69127,NE,W Lakeview Rd,Bayside Golf Club,,,,,,,,,,,,,,,,,,,,,,,960433.9231267556,41.24965330963409,-101.88583912451097,Nebraska,NE00247
,,,,,Prairie Hills Golf Course,,,,,,,,,,,,,,,,,,,,,,,958773.1648898823,40.88155594162872,-99.08053828105619,Nebraska,NE00193
,,,,,Unknown Golf Course,,,,,,,,,,,,,,,,,,,multipolygon,,,,957371.0089260363,41.313902619234014,-96.16710353104746,Nebraska,NE00031
,,,,,Wild Horse Golf Club,,,Bing,,,,,,,,,,,,,,,,,,,,927561.5449164294,40.95552940325552,-100.19371792213015,Nebraska,NE00123
Ashland,900,68003,,Clubhouse Drive,Iron Horse Golf Club,402-944-9800,http://www.golfironhorse.com/,,,,,,,,,,,,,,,,,multipolygon,,,,874144.9107976732,41.038554931663306,-96.34922441281175,Nebraska,NE00006
Papillion,501,68133,NE,Eagle Hills Drive,Eagle Hills Golf Course,+1-402-592-7788,https://www.papillion.org/154/Eagle-Hills,bing,,,,,,,,,,,,,,,,,,,,839591.3230312438,41.157154960783636,-95.99547597875065,Nebraska,NE00078
,,,,,Unknown Golf Course,,,bing,,,,,,,,,,,,,,,,,,,,838975.6478432264,41.0873758028269,-95.97938287285075,Nebraska,NE00042
Omaha,1501,68130,NE,South 188th Plaza,Shadow Ridge Country Club,402-333-4020,https://shadowridgecountryclub.com/,,,,,,,,,,,,,,,,,,,,,834229.915621335,41.242489347897255,-96.20661140216487,Nebraska,NE00069
,,,,,Hastings Elks Country Club,,,,,,,,,,,,,,,,,,,,,,,829652.1998804873,40.57958744314534,-98.33773249063947,Nebraska,NE00114
Norfolk,55427,68701,NE,837th St.,Fair Play Golf Course,,https://www.fairplaygolfcourse.com/,,,info@fairplaygolfcourse.com,Fair Play Golf Course,,,,,,,,,,,,,,,,,810342.0399199004,41.963821862192766,-97.43751427612301,Nebraska,NE00182
,,,,,Four Winds Golf Course,,,,,,,,,,,,,,,,,,,,,,,795731.4449626327,41.22437173641629,-103.61376608789192,Nebraska,NE00239
Lincoln,10501,68526,NE,Pine Lake Road,Hidden Valley Golf Club,402-483-2532,https://www.hiddenvalleylincoln.com/,Bing,,,,golf,,,,,,,,,,,,multipolygon,,,,794613.0995002068,40.73657468130407,-96.57090763861522,Nebraska,NE00007
Lincoln,3403,68522,,West Van Dorn Street,Pioneers Golf Course,402-441-8966,http://pioneersgolf.com/,,,,,,,,,,,,,,,,,multipolygon,,,,782696.4417071306,40.779012838542606,-96.77124749034967,Nebraska,NE00032
Eagle,6000,68347,NE,Woodland Hills Dr,Woodland Hills Golf Course,,,,,,,,,,,,,,,,,,,multipolygon,,,,778635.6000416077,40.75115647257109,-96.42088605303515,Nebraska,NE00014
,,,,,Heritage Hills Golf Course,,,,,,,,,,,,,,,,,,,,,,,777477.2120257214,40.20300502315573,-100.65564956639614,Nebraska,NE00184
Valentine,1000,69201,NE,Dowden St,Frederick Peak Golf Club,,,,,,,,,,,,,,,,,,,,,,,753631.0707528865,42.888689515396514,-100.52358708494693,Nebraska,NE00245
Lincoln,,,NE,,Hillcrest Country Club,,,,,,East O Realty,,,,,,,,,,,,,multipolygon,,,,747410.0286833651,40.806810281836555,-96.59046237035824,Nebraska,NE00022
,,,,,Jackrabbit Run Golf Course,,,,,,,,,,,,,,,,,,,,,,,746142.4726842715,40.95453070431969,-98.30598625205202,Nebraska,NE00091
Cambridge,900,69022,,Cross Creek Road,Cross Creek Golf Links,+1 308 697 4768,https://www.crosscreekgolflinks.com/,,,,,,,,,,,,,,,,,,,,,745586.8924399152,40.28894549862305,-100.16498450004873,Nebraska,NE00119
,,,,,Meadowlark Hills Golf Course,,,,,,,,,,,,,,,,,,,,,,,735535.5345476236,40.705333728962614,-99.12730611241032,Nebraska,NE00049
Hastings,601,68902,NE,W. Lochland Rd.,Lochland Country Club,+1-402-462-8783,https://lochlandcc.com/,,,,,,,,,,,,,,,,,,,,,727193.6826506903,40.637100301974705,-98.38886614433524,Nebraska,NE00190
Beatrice,5536,68310,NE,West Lilac Road,Hidden Acres Golf Course,,,,,,,,,,,,,,,,,,,,,,,726270.4927137956,40.2376524110355,-96.798497793288,Nebraska,NE00187
,,,,,Unknown Golf Course,,,,,,,,,,,,,,,,extent of actual golf course,,,,,,,722060.9412632865,41.33206045239797,-96.01515743601622,Nebraska,NE00130
,,,,,Happy Hollow Club,,https://www.happyhollowclub.com/Club/Scripts/Home/home.asp,bing,,,,,,,,,,,,,,-1,,,,,,711770.2333124513,41.24093206930812,-96.07014723417818,Nebraska,NE00072
,,,,,Tregaron Golf Course,,https://www.tregarongolf.com/,,,,,,,,,,,,,,,,,multipolygon,,,,695801.7175704024,41.107301668508185,-95.94396799559595,Nebraska,NE00003
,,,,,Beatrice Country Club,+1-402-223-2710,https://www.beatricecc.com/,,,,,,,,,,,,,,,,,,,,,688707.433892644,40.24048463525926,-96.73202955119953,Nebraska,NE00092
Gering,2550,69341,NE,Clubhouse Drive,Monument Shadows Golf,+1 308 635 2277,http://www.monumentshadows.com/,,,,,golf,,,,,,,,,,,,,,,,681554.1145103489,41.83899566715226,-103.68257976658126,Nebraska,NE00132
,,,,,Quail Run Golf Course,,,,,,,,,,,,,,,,,,,,,,,673574.2997879094,41.40756064670243,-97.33362363729864,Nebraska,NE00240
,,,,,Crooked Creek Golf Course,,,bing,,,,,,,,,,,,,,,,multipolygon,,,,672585.8797763166,40.808525331413534,-96.54563590786742,Nebraska,NE00021
,,,,,Willow Lakes Golf Course,,,bing,,,USAF,,,,,,,,,,,,,,,,,671017.0180724682,41.12480713193689,-95.9416255887309,Nebraska,NE00087
Grand Island,2820,68801,NE,Riverside Drive,Riverside Country Club,+1-308-382-7298,https://www.riversidegolfclub.org/,,,,,,,,,,,,,,,,,,,,,668406.9829152556,40.89168574526503,-98.3487755738223,Nebraska,NE00038
Grand Island,2820,68801,NE,Riverside Drive,Riverside Country Club,+1-308-382-7298,https://www.riversidegolfclub.org/,,,,,,,,,,,,,,,,,,,,,668406.9829152556,40.89168574526503,-98.3487755738223,Nebraska,NE00039
,,,,,Evergreen Hills,,,,,,,,,,,,,,,,,,,,,,,668343.1152904164,41.95647492162733,-97.59591632287658,Nebraska,NE00242
,,,,,Riverview Golf and Country Club,,,,,,,,,,,,,,,,,,,multipolygon,,,,665902.7954213129,41.870843634841734,-103.71796103244124,Nebraska,NE00016
,,,,,Johnny Goodman Golf Course,,,,,,,,,,,,,,,,,,,,,,,661770.0906857081,41.19611838933339,-96.06711242029635,Nebraska,NE00076
,,,,,Unknown Golf Course,,,,,,,,,,,,,,,,,,,,,,,659028.0666455233,42.05276698372272,-97.41379184682867,Nebraska,NE00197
,,,,,Alliance Municipal Golf Course,,,,,,,,,,,,,,,,,,,,,,,650163.1059238841,42.06796606679091,-102.81051697774173,Nebraska,NE00200
,,,,,Mahoney Golf Course,,,bing,,,City of Lincoln,,,,,fence,,,,,,,,,,,,642996.9085175843,40.845527965048554,-96.61350013491393,Nebraska,NE00043
,56331,68401,,Road 1,The Golf Club at Table Creek,,https://www.tablecreek.com/index.htm,bing,,,,,,,,,,,,,,,,,,,,636465.8584663849,40.67124069225718,-95.92972933248252,Nebraska,NE00089
,,,,,Pacific Springs Golf Course,,https://pacificsprings.com/,,,,,,,,,,,,,,,,,multipolygon,,,,630050.5555387813,41.254098295083274,-96.18406472063141,Nebraska,NE00005
,,,,,Benson Park Golf Course,,,bing,,,,,,,,,,,,,,,,,,,,627246.7253508818,41.303762143609895,-96.01758956377314,Nebraska,NE00082
,,,,,Champions Run Country Club,,https://www.championsomaha.com/Public/Champions-Run-6.html,bing,,,,,,,,,,,,,,,,,,,,616676.5090228036,41.28982088921145,-96.12895776424979,Nebraska,NE00063
North Platte,608,69101,,Birdie Lane,Lake Maloney Golf Course,308-532-9998,http://lakemaloneygc.com/,,,,,,,,,,,,,,,,,,,,,614627.0950907206,41.030891026219386,-100.78712188970503,Nebraska,NE00107
North Platte,2401,69101,,Halligan Drive,Iron Eagle Golf Course,308-535-6730,http://www.ironeaglegolf.com/,,,,,,,,,,,,,,,,,,,,,607846.3966473797,41.111364414655014,-100.73618022164898,Nebraska,NE00106
,,,,,Unknown Golf Course,,,,,,,,,,,,,,,,,,,,,,,606986.1618258277,40.89215672611581,-98.40899745080125,Nebraska,NE00126
,,,,,Unknown Golf Course,,,,,,,,,,,,,,,,,,,,,,,606986.1618258277,40.89215672611581,-98.40899745080125,Nebraska,NE00125
,,,,,Indian Trails Country Club,1-402-528-3404,https://www.indiantrailsclub.com/,,,,,,,,Indian Trails Golf Course,,,,,,,,,,,,,606812.7243832842,41.9074789264043,-96.82075030546781,Nebraska,NE00040
Norfolk,1227,68701,,Eldorado Road,Eldorado Hills Golf Club,+1 402 371 1453,https://www.eldogolf.com/,,,,,,,,,,,,,,,,,multipolygon,,,,606528.2537638653,42.04907519530994,-97.46038699238947,Nebraska,NE00008
,,,,,The Pines Country Club,,,bing,,,,,,,,,,,,,,,,,,,,595990.4282750549,41.330705917211965,-96.36206675183466,Nebraska,NE00061
,,,,,The Knolls Golf Course,,http://www.knollsgolf.com/,bing,,,,,,,,,,,,,,,,,,,,590019.8566981169,41.296635199539,-96.09133944160972,Nebraska,NE00067
,,,,,The Knolls Golf Course,,http://www.knollsgolf.com/,bing,,,,,,,,,,,,,,,,,,,,590019.8566981169,41.296635199539,-96.09133944160972,Nebraska,NE00068
,,,,,Miracle Hill Golf Course,,,bing,,,,,,,,,,,,,,,,,,,,572566.2284506727,41.27320255537911,-96.09552162796143,Nebraska,NE00060
,,,,,Tara Hills Golf Course,,,,,,,,,,,,,,,,,,,,,,,566313.6508596295,41.172603206801924,-96.0528840362186,Nebraska,NE00077
,,,,,River Wilds Golf Club,,,,,,,,,,,,,,,,,,,,,,,562211.9478836101,41.58377681190475,-96.16390939469137,Nebraska,NE00176
Hastings,3005,68901,NE,South Southern Hills Drive,Southern Hills Golf Club,,,,,,,,,,,,,,,,,,,,,,,551128.5879836947,40.54618408293285,-98.43801391800547,Nebraska,NE00249
Wayne,,68787,NE,East 21st Street,Wayne Country Club,402-375-1152,http://www.waynecountryclub.org/,Bing,,troyharder@pga.com,,,,,,,,,,,,,,,,,,541081.3014279364,42.250193080619475,-97.01383912761762,Nebraska,NE00122
,,,,,Scottsbluff Country Club,,,,,,,,,,,,,,,,,,,,,,,533171.3492490839,41.89871954302314,-103.68065190568979,Nebraska,NE00041
,,,,,Oakland Golf Club,,,,,,,,,,,,,,,,,,,,,,,531236.0690987176,41.835591296882264,-96.4771796144975,Nebraska,NE00052
,,,,,Elks Country Club,,,,,,,,,,,,,,,,,,,,,,,524305.3978139287,41.47865602915719,-97.39380084564979,Nebraska,NE00036
North Platte,1008,69101,,West 18th Street,River’s Edge Golf Club,308-532-7550,http://riversedgegolfnp.com/,,,,,,,,,,,,,,,,,,,,,507908.152124354,41.15260013884663,-100.76901948128663,Nebraska,NE00108
,,,,,Holdrege Country Club,,,,,,,,,,,,,,,,,,,,,,,507170.6736592274,40.45495808316064,-99.38663980188602,Nebraska,NE00053
,,,,,Unknown Golf Course,,,,,,,,,,,,,,,,,,,,,,,502903.9128614334,40.674469098945956,-99.83942862556675,Nebraska,NE00192
Fremont,2710,68025,NE,North Somers Avenue,Fremont Golf Club,(402) 721-6641,https://www.fremontgolfclub.org/,,,,,,,,,,,,,,,,,,,,,490227.5709017184,41.458719960151114,-96.50355374545772,Nebraska,NE00111
,,,,,Kearney Country Club,,,,,,,,,,,,,,,,,,,,,,,475052.87271001964,40.70464086605098,-99.10734378870418,Nebraska,NE00050
Cozad,100,69130,,Country Club Road,Cozad Country Club,+1 308 784 2585,https://www.cozadcountryclub.net/,,,,,,,,,,,,,,,,,,,,,471823.73829248856,40.84898637018362,-99.95236627374167,Nebraska,NE00150
Ashland,16119,68003,NE,Highway 6,Ashland Golf Club,402-944-3344,https://ashlandgolfclub.com/,,,,,,,Mo-Su 08:00-17:30,,,,,,,,,,,,,,467659.2274998323,41.003836077933194,-96.39622463608961,Nebraska,NE00112
Lincoln,3200,68502,NE,South 24th Street,Country Club of Lincoln,402-423-8502,https://www.ccl.cc/viewCustomPage.aspx?id=1,bing+knowledge,,,Country Club of Lincoln,,,,The Country Club of Lincoln,,,Lincoln Country Club,,,,,,multipolygon,402-423-8578,,,457697.2773969357,40.77984230217149,-96.6880036950516,Nebraska,NE00030
,,,,,Ridgeview Country Club,,,,,,,,,,,,,,,,,,,,,,,447662.077711676,42.80345547148,-103.0212846460726,Nebraska,NE00199
,,,,,Chimney Rock Golf Course,,,,,,,,,,,,,,,,,,,,,,,439160.09622301254,41.777339450334274,-103.32913599863363,Nebraska,NE00201
Crawford,3440,69339,,Highway 20,Legend Buttes Golf Course,+1 308 665 2431,https://crawfordnebraska.net/?page_id=548,,,,,,,,,,,,,,,,,,,,,438174.8525686808,42.680980628713435,-103.42349221084463,Nebraska,NE00133
,,,,,Elmwood Park Golf Course,,,bing,,,,,,,,,,,,,,,,,,,,436595.55972627987,41.25235825753774,-96.01102698612583,Nebraska,NE00079
York,1016,68467,,West Elm Street,York Country Club,+1 402 362 3721,https://www.yorkcountryclub.net/,,,,,,,,,,,,,,,,,,,,,434473.5403356052,40.86083185495023,-97.60791913534742,Nebraska,NE00160
York,1016,68467,,West Elm Street,York Country Club,+1 402 362 3721,https://www.yorkcountryclub.net/,,,,,,,,,,,,,,,,,,,,,434473.5403356052,40.86083185495023,-97.60791913534742,Nebraska,NE00161
,,,,,Bassett Country Club,,,bing,,,,,,,,,,,,,,,,,,,,428509.5424755775,42.57123118176558,-99.58245849171342,Nebraska,NE00045
,,,,,Scenic Knolls Golf Course,,,,,,,,,,,,,,,,,,,,,,,422350.59373126103,41.977148505982875,-103.81761552524011,Nebraska,NE00238
,,,,,Unknown Golf Course,,,,,,,,,,,,,,,,,,,,,,,416440.05298293795,42.4821891360363,-96.44915333766393,Nebraska,NE00196
Seward,1046,68434,NE,Country Club Drive,Seward Community Golf Course,+1-402-643-6650,https://golfseward.com/,Bing,,,City of Seward Nebraska,,"The Seward Community Golf Course has a nine-hole grass green course with four sets of tees. The course is located on approximately 60 acres of semi-rolling ground on the north side of Seward. It features many trees, bunkers and lakes.",Tu-Su 08:00-sunset,,,,,,,,,,,,,,413361.2708445772,40.92240391428934,-97.10409925404362,Nebraska,NE00116
,,,,,Golf at Indian Creek - Gray Hawk Course,,https://www.golfatindiancreek.com/golf-course/the-course/map/,bing,,,,,,,,,,,,,,,,,,,,404573.5277533605,41.30155244575707,-96.22982900666193,Nebraska,NE00128
,,,,,Golf at Indian Creek - Gray Hawk Course,,https://www.golfatindiancreek.com/golf-course/the-course/map/,bing,,,,,,,,,,,,,,,,,,,,404573.5277533605,41.30155244575707,-96.22982900666193,Nebraska,NE00127
,,,,,Golf at Indian Creek - Blackbird Course,,https://www.golfatindiancreek.com/golf-course/the-course/map/,bing,,,,,,,,,,,,,,,,,,,,392162.7063640416,41.29976245676737,-96.22471672147896,Nebraska,NE00096
,,,,,Golf at Indian Creek - Blackbird Course,,https://www.golfatindiancreek.com/golf-course/the-course/map/,bing,,,,,,,,,,,,,,,,,,,,392162.7063640416,41.29976245676737,-96.22471672147896,Nebraska,NE00097
Fremont,1126,68025,NE,County Road X,Valley View Golf Course,(402) 721-7772,https://www.vvgolfcourse.com/,Bing,,,,golf,,,,,,,,,,,,,,,,387649.5095142682,41.39730839832145,-96.50793603415688,Nebraska,NE00046
Milford,801,68405,,South D Street,Thornridge Golf Course,+1 402 761 3606,https://www.thornridgegolfcourse.com/,,,,,,,,,,,,,,,,,,,,,386016.88249414566,40.76624474650848,-97.06001035130447,Nebraska,NE00164
,,,,,Falls City Country Club,,,,,,,,,,,,,,,,,,,,,,,378751.90164666803,40.0681739502241,-95.65818538514908,Nebraska,NE00236
Dakota City,466,68731,NE,Highway 35,Old Dane Golf Club,(402) 987-1100,http://www.olddanegolf.com/,,,,,,,,,,,,,,,,,,,,,378588.45915134693,42.41152867378208,-96.43573896422576,Nebraska,NE00117
North Bend,400,68649,,Cottonwood Street,North Bend Golf Course,+1 402 652 3666,https://www.northbendgolfcourse.com/,,,,,,,,,,,,,,,,,,,,,374723.5243687815,41.45899215942645,-96.78961559162515,Nebraska,NE00175
,,,,,Chappell Golf Course,+1 308 874 2729,https://www.chappellne.org/9-hole-golf-course,,,,,,,,,,,,,,,,,,,,,374047.8017077084,41.0805337545585,-102.4619082006632,Nebraska,NE00140
Tekamah,3398,68061,,County Road H,Northridge Country Club,+1 402 374 2661,https://www.golfnorthridge.com/,,,,,,,,,,,,,,,,,multipolygon,,,,364474.56936817867,41.78784335614441,-96.23503779439012,Nebraska,NE00010
,,,,,Courthouse and Jail Rock Golf Course,,,,,,,,,,,,,,,,,,,,,,,360448.47428765456,41.589175148188616,-103.10432914689665,Nebraska,NE00198
,,,,,Red Cloud Golf Course,,,,,,,,,,,,,,,,,,,,,,,359538.7292269298,40.0994121380636,-98.47831631924402,Nebraska,NE00145
Sutton,500,68979,,Fox Hollow Lane,Fox Hollow Golf Course,+1 402 773 5365,http://foxhollowgolfsutton.com/,,,,,,,,,,,,,,,,,,,,,355325.0474565766,40.600798207677244,-97.85098440320921,Nebraska,NE00157
,,,,,Lawrence Country Club,,,,,,,,,,,,,,,,,,,,,,,349704.6641299465,40.290425415006794,-98.32532369329675,Nebraska,NE00102
,,,,,Oak Hills Country Club,,,bing,,,,,,,,,,,,,,,,,,,,348462.0238946961,41.196541609146216,-96.10033924580644,Nebraska,NE00075
,,,,,Golf at Indian Creek - Red Feather Course,,https://www.golfatindiancreek.com/golf-course/the-course/map/,bing,,,,,,,,,,,,,,,,,,,,343737.19818807126,41.29676256674544,-96.22271039078457,Nebraska,NE00098
,,,,,Golf at Indian Creek - Red Feather Course,,https://www.golfatindiancreek.com/golf-course/the-course/map/,bing,,,,,,,,,,,,,,,,,,,,343737.19818807126,41.29676256674544,-96.22271039078457,Nebraska,NE00099
,,,,,Unknown Golf Course,,,,,,,,,,,,,,,,,,,multipolygon,,,,329517.5592427019,40.439869080485465,-101.52063792377626,Nebraska,NE00015
Albion,2419,68620,,State Highway 91,Albion Country Club,402-395-2493,http://www.albioncountryclub.com/,,,,,,,,,,,,,,,,,,,,,323544.04398976103,41.68692378066092,-98.02068195654519,Nebraska,NE00100
Hyannis,,69350,NE,,Pelican Beach Golf Course,,,,,,,,,,,,,,,,,,,,,,,322382.63872124517,41.99676071194335,-101.71475488755512,Nebraska,NE00246
Stanton,56611,68779,,Golf Course Road,Elkhorn Acres Golf Course,402-439-2191,https://www.elkhornacresgolf.com/,,,,,,,,,,,,,,,,,,,,,320678.63179229863,41.94206531032769,-97.20700315122671,Nebraska,NE00101
,,,,,Arnold Golf Course,,,,,,,,,,,,,,,,,,,,,,,320175.9640885732,41.40528468492162,-100.1871204579441,Nebraska,NE00177
,,,,,Buffalo Ridge Golf Course,,,,,,,,,,,,,,,,,,,,,,,318841.2516537359,40.744719760226005,-99.05954109894202,Nebraska,NE00051
,,,,,Unknown Golf Course,,,bing,,,,,,,,,,,,,,,,,,,,317670.197715049,41.390923403229515,-97.9567889033702,Nebraska,NE00048
Humboldt,71550,68376,NE,631 Avenue,Kirkman's Lakeview Golf Course,,,,,,,,,Mo-Th 10:00-20:00; Fr-Su 08:00-20:00,,,,,,,,,,,,,,317138.44089548534,40.19475320273639,-95.99954771380139,Nebraska,NE00237
O'Neill,49175,68763,,West Hynes Avenue,O'Neill Golf Club,+1 402 336 1676,http://www.oneillcountryclub.com/,,,,,,,,,,,,,,,,,,,,,312762.8699997401,42.46277750591913,-98.66257464204737,Nebraska,NE00137
,,,,,Charipar Golf Course,,,bing,,,,,,,,,,,,,,,,,,,,307040.4253672172,41.69622270370031,-97.24550247804171,Nebraska,NE00090
,,,,,Sand Ridge Golf Course,,,,,,,,,,,,,,,,,,,,,,,301216.21881486435,42.71175545620307,-102.47121135963015,Nebraska,NE00134
Geneva,1115,68361,,Road L,Hidden Hills Country Club,+1 402 759 3084,https://www.hiddenhillscountryclub.com/,,,,,,,,,,,,,,,,,,,,,298738.5966711245,40.536970801676475,-97.62022074156836,Nebraska,NE00158
Ainsworth,,69210,,,Ainsworth Municipal Golf Course,+1 402 387 1658,http://www.golfainsworth.com/,,,,,,,,,,,,,,,,,,,,,297856.74198162206,42.56256876469723,-99.99100960054032,Nebraska,NE00136
,,,,,Unknown Golf Course,,,,,,,,,,,,,,,,,,,,,,,295742.68279069173,42.754984394823154,-98.02977949519318,Nebraska,NE00165
,,,,,Gordon Country Club GC and Park,,,,,,,,,,,,,,,,,,,,,,,295002.2055824169,42.80375443769592,-102.22563419552723,Nebraska,NE00135
Friend,910,68359,,Cherry Street,Friend Country Club,+1 402 947 6501,https://friendcountryclub.com/,,,,,,,,,,,,,,,,,,,,,294070.879440756,40.64644353386259,-97.27923121678661,Nebraska,NE00162
Blue Hill,433,68930,,North Willson Street,Ash Hollow Golf Course,+1 402 756 2418,http://www.golfashhollow.com/,,,,,,,,,,,,,,,,,,,,,292239.05869043473,40.33956357315344,-98.44121736022771,Nebraska,NE00146
Osceola,960,68651,NE,Nebraska Street,Ryan Hill Country Club,+1 402 747 6661,https://www.ryanhillcc.com/,,,,,,,,,,,,,,,,,,,,,291237.1592003138,41.18039867329627,-97.55660468974325,Nebraska,NE00104
Lincoln,419,68521,NE,Fletcher Avenue,Links at Lincoln,+1 (402) 476-1012,http://www.lindseymanagement.com/cgi-bin/detail.cgi?type=golf&id=46&city=Lincoln&state=NE,,,,HPI Lincoln LLC,golf,,,,,,,,,,,,multipolygon,,,,288027.151262148,40.86869389975578,-96.71546098544833,Nebraska,NE00034
Lincoln,419,68521,NE,Fletcher Avenue,Links at Lincoln,+1 (402) 476-1012,http://www.lindseymanagement.com/cgi-bin/detail.cgi?type=golf&id=46&city=Lincoln&state=NE,,,,HPI Lincoln LLC,golf,,,,,,,,,,,,multipolygon,,,,288027.151262148,40.86869389975578,-96.71546098544833,Nebraska,NE00033
,,,,,Unknown Golf Course,,,,,,,,,,,,,,,,,,,,,,,288010.02347698325,40.89107403232581,-101.73005193937615,Nebraska,NE00191
,,,,,Elk Creek Country Club,,,,,,,,,,,,,,,,,,,,,,,282987.8836747129,40.19464615316304,-98.06485815120787,Nebraska,NE00144
Alma,102,,NE,Dick Brown Drive,Alma Municipal Golf Course,+1-308-928-2341,https://www.almacity.com/golf-course.html,,,,,,,,,,,,,,,,,,,,,282118.22328615515,40.099654812415416,-99.37610573802652,Nebraska,NE00148
,,,,,Wymore Country Club,,https://www.wymorecountryclub.net/,,,,,,,,,,,,,,,,,,,,,278924.2649843042,40.119786220508935,-96.68553387291512,Nebraska,NE00142
,,,,,Syracuse Country Club,,,,,,,,,,,,,,,,,,,,,,,277968.90533489507,40.6641589968938,-96.19120040785104,Nebraska,NE00093
,,,,,Unknown Golf Course,,,,,,,,,,,,,,,,,,,,,,,275121.0300459207,42.41969921043426,-97.09383848672863,Nebraska,NE00168
Pender,,68047,NE,State Highway 9,Twin Creeks Golf Course,(402) 385-2376,http://www.twincreekspender.com/,,,,,,,,Twin Creeks Golf Club,,,,,,,,,,,,,275108.897649204,42.14729845052567,-96.7246063445809,Nebraska,NE00172
,,,,,Eagle Run Golf Course,,,,,,,,,,,,,,,,,,,,,,,275107.74545038014,41.28953956908776,-96.11449392030967,Nebraska,NE00065
Ponca,88052,68770,,Highland Road,Highland Oaks Golf Course,+1 402 755 4222,http://www.highlandoaksgolf.com/,,,,,,,,,,,,,,,,,,,,,272064.5439258228,42.59244251562368,-96.71758097348113,Nebraska,NE00169
Atkinson,47453,68713,,US 20,Atkinson-Stuart Country Club,+1 402 925 5330,http://atkinsonstuartcoun.wixsite.com/ascc,,,,,,,,,,,,,,,,,,,,,271203.51807024714,42.541558730415716,-99.00155067122535,Nebraska,NE00155
,,,,,Sedgwick County Golf Association,,,Bing,,,,,,,,,,,,,,,,,,,,270219.8084780502,41.01665605317995,-102.27539906998847,Nebraska,NE00059
,,,,,Unknown Golf Course,,,,,,,,,,,,,,,,,,,,,,,269101.62488510984,40.18750806866217,-101.03025550337156,Nebraska,NE00243
Columbus,560,68521,NE,33rd Avenue,Vanberg Golf Course,,,,,,,,,,,,,,,,,,,,,,,267306.8976035795,41.420798099329446,-97.37594943013174,Nebraska,NE00178
,,,,,Unknown Golf Course,,,,,,,,,,,,,,,,,,,,,,,264995.3671251556,41.10283233486061,-100.79558761762091,Nebraska,NE00105
,,,,,Unknown Golf Course,,,,,,,,,,,,,,,,,,,multipolygon,,,,263218.43716503296,40.866472481171684,-97.99038263001846,Nebraska,NE00009
Ashland,951,68003,NE,County Road 4,Country Drive Golf Course,,,,,,,,,,,,,,,,,,,,,,,260652.43829279288,41.142072654082924,-96.37059835307706,Nebraska,NE00244
,,,,,Unknown Golf Course,,,bing,,,,,,,,,,,,,,,,,,,,259354.4533365465,42.373292095793275,-97.36317693479467,Nebraska,NE00044
,,,,,Unknown Golf Course,,,,,,,golf,,,,,,,,,,,,multipolygon,,,,256078.9794456663,40.917581005423976,-95.88763816584347,Nebraska,NE00011
,,,,,Crooked Creek Course,,,,,,,,,,,,,,,,,,,,,,,249534.9226129895,40.530735153170845,-98.05590563154408,Nebraska,NE00113
,,,,,Unknown Golf Course,,,,,,,,,,,,,,,,,,,,,,,248693.20190663668,40.10030290197143,-98.96891727382739,Nebraska,NE00147
,,,,,Hiline Golf Course,,http://www.hilinegolf.com/,,,,,,,,,,,,,,,,,,,,,246830.1313111662,40.52047118881973,-99.6364575887114,Nebraska,NE00151
,,,,,Unknown Golf Course,,,,,,,,,,,,,,,,,,,,,,,244256.0793775068,42.3626254863434,-97.86667978982265,Nebraska,NE00252
,,,,,Superior Country Club,,,,https://superiorcountryclub.com,,,,,,,,,,,,,,,,,,,243975.51768361498,40.06397583539635,-98.05902690589413,Nebraska,NE00186
,,,,,Unknown Golf Course,,,,,,,,,,,,,,,,,,,,,,,240024.47123047273,41.690731075377585,-97.47566472149039,Nebraska,NE00120
,,,,,Loup City Public Golf Course,308-745-9982,https://www.loupcity.com/recreation/loup-city-public-golf/,,,,,,,,,,,,,,,,,,,,,237687.5538065269,41.28467043237764,-98.983530325524,Nebraska,NE00109
,,,,,Hebron Country Club,,,,,,,,,,,,,,,,,,,,,,,232019.31792711033,40.150582850000006,-97.59295985000004,Nebraska,NE00143
,,,,,Grandpa's Woods Golf Course,,https://grandpaswoods.com/,,,,,,,,,,,,,,,,,,,,,230498.96511467395,40.87689564335873,-96.27247491083541,Nebraska,NE00095
,,,,,Champions Run Country Club,,https://www.championsomaha.com/Public/Champions-Run-6.html,bing,,,,,,,,,,,,,,,,,,,,225013.97801719428,41.28562714822538,-96.12880697136562,Nebraska,NE00064
,,,,,Wildwood Golf Course,,,bing,,,,,,,,,,,,,,,,,,,,223360.19612698987,40.67079267424838,-95.88053197150485,Nebraska,NE00088
Wilber,1225,68333,,East 4th Street,College Heights Country Club,+1 402 826 4653,https://collegeheightscc.com/,,,,,,,,,,,,,,,,,,,,,221198.32033795738,40.61530076716677,-96.94505783908149,Nebraska,NE00163
,,,,,Unknown Golf Course,,,,,,,,,,,,,,,,,,,,,,,219235.6816984272,42.462901527530484,-97.89374825890472,Nebraska,NE00167
,,,,,Unknown Golf Course,,,,,,,,,,,,,,,,,,,,,,,216644.03206472195,40.07566253664362,-101.48957768920656,Nebraska,NE00183
,,,,,Unknown Golf Course,,,bing,,,,golf,,,,,,,,,,,,,,,,216179.75540610382,41.43464318107796,-97.06725597055315,Nebraska,NE00047
,,,,,Overton Golf Club,,,,,,,,,,,,,,,,,,,,,,,214891.8056778962,40.7469145556994,-99.59335691571498,Nebraska,NE00194
,,,,,Minden Country Club,,,,,,,,,,,,,,,,,,,,,,,214660.77112288767,40.512115530893844,-98.9488720832676,Nebraska,NE00152
,,,,,Oak Hills Country Club,,,bing,,,,,,,,,,,,,,,,,,,,213544.3913611601,41.20011415951516,-96.1098002826646,Nebraska,NE00074
Burwell,82796,68823,,Whitetail Lane,Calamus Golf Course,+1 308 346 5559,https://www.calamusgolf.com/,,,,,,,,,,,,,,,,,,,,,211271.69818463066,41.822779445367615,-99.18790326823259,Nebraska,NE00154
,,,,,Unknown Golf Course,,,,,,,,,,,,,,,,,,,,,,,210497.4392909682,42.62420333781789,-97.274450678432,Nebraska,NE00131
Waco,,68460,NE,,Sandy Meadows Golf Course,,,,,,,,,,,,,,,,,,,,,,,210169.86557532276,40.81973195607725,-97.45726610517792,Nebraska,NE00248
Fremont,2725,68025,NE,Reed Lane,Whitetail Run Golf Course,(402) 727-4403,,Bing,,,,golf,,,,,,,,,,,,,,,,206310.08490896388,41.41279554504041,-96.53420758776609,Nebraska,NE00179
,,,,,Sunset Valley Country Club,,https://www.sunsetvalleygolf.org/,bing,,,,,,,,,,,,,,,,,,,,204218.69234480782,41.238091367004515,-96.0572676874672,Nebraska,NE00073
Broken Bow,,68822,,,Broken Bow Country Club,308-872-6444,http://www.brokenbowcountryclub.com/,,,,,,,,,,,,,,,,,,,,,203027.95549282615,41.40738282324707,-99.67121612337934,Nebraska,NE00153
,,,,,Unknown Golf Course,,,,,,,,,,,,,,,,,,,,,,,202137.5711801888,42.26271007429665,-96.8455228662913,Nebraska,NE00170
South Sioux City,618,68776,,West 29th Street,South Ridge Golf Course,+1 402 404 8887,http://www.covingtonsouthridgegolf.com/,,,,,,,,,,,,,,,,,,,,,200080.67936766738,42.45963366013529,-96.42177119629547,Nebraska,NE00171
,,,,,Ravenna Golf Club,,,,,,,,,,,,,,,,,,,,,,,198940.83902145879,41.0366288381376,-98.91519829330296,Nebraska,NE00156
,,,,,Cardinal Country Club,,http://www.oxfordnebraska.net/golf-course.html,,,,,,,,,,,,,,,,,,,,,190820.10389875085,40.2595088768518,-99.63259678390132,Nebraska,NE00149
,,,,,Galaway Creek Golf Course,+1 402 723 4828,https://www.cityofhenderson.org/golf.html,,,,,,,,,,,,,,,,,,,,,187583.31501097628,40.77309901738674,-97.80933895640725,Nebraska,NE00159
Wahoo,1740,68066,,County Road J,Hilltop Country Club,402-443-3338,http://www.wahoogolf.com/,,,,,,,,,,,,,,,,,multipolygon,,,,187565.37800435314,41.19297576436873,-96.62895777985982,Nebraska,NE00029
Potter,402,69156,,Prairie Pine Drive,Prairie Pines Golf Course,+1 308 879 4469,http://www.potterne.com/COMMUNITY/prairiepines.htm,,,,,,,,,,,,,,,,,,,,,184856.44399004808,41.21960849739356,-103.32585216327531,Nebraska,NE00138
,,,,,Arrowhead Meadows Golf Course,,http://curtis-ne.com/arrowheadgolfcourse.php,,,,,,,,,,,,,,,,,,,,,184428.50906647425,40.63109161430258,-100.50582884506973,Nebraska,NE00141
,,,,,Field Club of Omaha (north),,https://www.fcomaha.com/,bing,,,,,,,,,,,,,,,,,,,,182977.4202110802,41.24695998072813,-95.96901949215504,Nebraska,NE00083
,,,,,Fontenelle Golf Course,,,,,,,,,,,,,,,,,,,multipolygon,,private,,181636.47432000414,41.16637622567487,-95.90484934053762,Nebraska,NE00012
Gibbon,14155,68840,NE,Pawnee Road,Gibbon Valley View Golf Club,,,,,,,,,,,,,,,,,,,,,,,175547.1136261378,40.81322921227446,-98.83365105644846,Nebraska,NE00250
Lincoln,3761,68506,NE,Normal Boulevard,Jim Ager Memorial Golf Course,402-441-8963,https://lincolncitygolf.org/ager/,Bing,,,City of Lincoln,,,,Jim Ager Memorial Junior Golf Course,,,Jim Ager Golf Course,,,,,,multipolygon,,,,175419.69641807303,40.7942065577638,-96.66989272728655,Nebraska,NE00028
Hooper,410,68031,,North Main Street,Elkhorn Valley Golf Course,+1 402 654 3512,https://www.elkhornvalleygolfclub.com/,,,,,,,,,,,,,,,,,,,,,172213.32890191808,41.61545551774368,-96.54481544205144,Nebraska,NE00118
,,,,,Field Club of Omaha (south),,https://www.fcomaha.com/,bing,,,,,,,,,,,,,,,,,,,,171807.07878564886,41.2435160447729,-95.96873000820166,Nebraska,NE00084
,,,,,Imperial Country Club,,,,,,,,,,,,,,,,,,,,,,,166960.30010091528,40.5167282322932,-101.65444598038863,Nebraska,NE00115
David City,899,68632,,Park Drive,David City Golf Club,+1 402 367 4292,https://www.davidcitygolfclub.com/,,,,,,,,,,,,,,,,,,,,,161346.0015136087,41.24354616227495,-97.12346033555232,Nebraska,NE00174
,,,,,Milt's Golf Course (9-Hole),,,bing,,,,,,,,,,,,,,,,,,,,153816.65495316676,41.20679341514744,-96.01306392600051,Nebraska,NE00080
Omaha,4020,68107,NE,Hoctor Boulevard,Spring Lake Golf Course,402-444-4630,,bing,,,,,,,Spring Lake Park Golf Course,,1873,,35,9,,,,,,,,150964.56318997708,41.22151067869401,-95.93747371089373,Nebraska,NE00086
,,,,,Unknown Golf Course,,,,,,,,,,,,,,,,,,,,,,,148192.86808010482,41.839678754145005,-97.4589783807196,Nebraska,NE00173
,,,,,Ord Golf Course,,,,,,,,,,,,,,,,,,,,,,,148084.17177062595,41.60903546070839,-98.94183653493283,Nebraska,NE00110
Omaha,6315,68111,NE,North 30th Street,Steve Hogan Golf Course,402-444-5396,https://parks.cityofomaha.org/images/stories/GolfCourses/Steve%20Hogan%20Course%20Map.pdf,bing,,,,,,,Miller Park 9-Hole Golf Course,,1337,Miller Park Golf Course,27,9,,,,,,,,147332.27521002712,41.316043764340876,-95.95061081293815,Nebraska,NE00085
,,,,,Golf at Indian Creek,,https://www.golfatindiancreek.com/wp-content/themes/golf/splash.php,bing,,,,,,,,,,,,,,,,,,,,144166.1861190372,41.296881420027496,-96.23007060700496,Nebraska,NE00062
,,,,,Country Shadows Golf Course,,,,,,,,,,,,,,,,,,,,,,,119934.3750955709,41.48069091552159,-97.38520168738296,Nebraska,NE00037
,,,,,Unknown Golf Course,,,,,,,,,,,,,,,,,,,,,,,117313.94094728054,41.75155026314875,-97.7803625737044,Nebraska,NE00035
Lincoln,6801,68516,NE,South 84th Street,Pine Lake Golf Course,,,,,,Pine Lake Association,,,,,,,,,,,,,multipolygon,,,,114596.02492167181,40.74497298115354,-96.6086695876161,Nebraska,NE00023
,,,,,Unknown Golf Course,,,,,,,,,,,,,,,,,,,,,,,99207.3424322093,42.82805402983406,-99.74192755604727,Nebraska,NE00202
,,,,,Warren Swigart 9-Hole Golf Course,,,bing,,,,,,,,,,,,,,,,,,,,98179.42211792512,41.29432219704281,-96.06258096799726,Nebraska,NE00058
Omaha,12929,68144,NE,West Center Road,Westwood Golf Course,,,bing,,,,,,,,,,,,,,,,,,,,96501.51870410203,41.23185972918932,-96.11225208752434,Nebraska,NE00071
Kearney,2635,68847,,East 103rd Street,Elks Country Golf,,,,,,,,,,,,,,,,,,,,,,,92663.1089877914,40.77315071329643,-99.04723322884996,Nebraska,NE00094
Omaha,20033,68022,NE,Elkhorn Ridge Drive,Elkhorn Ridge Golf Course,,,Bing,,,,golf,,,,,,,,,,,,,,,,81354.37362277329,41.26907739651665,-96.22725832671826,Nebraska,NE00180
Lincoln,7600,68506,NE,Old Post Road,Wellington Greens Golf Course,402-326-8184,,bing,,,Wellington Greens Home Association,golf,,,,,,,,,,,,multipolygon,,,,75102.29273862416,40.79014636923349,-96.62173131729506,Nebraska,NE00024
Papillion,501,68133,NE,Eagle Hills Dr.,Eagle Hills Academy Golf Course,,,,,,,,,,,,,,,,,,,,,,,67232.01992314652,41.15926917054885,-95.9905324872526,Nebraska,NE00251
,,,,,Driving Range,,,bing,,,,,,,,,,,,,,,,,,,,62437.98935564142,41.30822770490665,-96.02128104813296,Nebraska,NE00081
,,,,,Eagle Run Golf Course,,,bing,,,,,,,,,,,,,,,,,,,,61997.82714732781,41.285524835467534,-96.11295189389254,Nebraska,NE00066
,,,,,Miracle Hill Driving Range,,,bing,,,,,,,,,,,,,,,,,,,,53268.223937138544,41.27085754938011,-96.09741963156057,Nebraska,NE00185
,,,,,Tranquility Golf Driving Range,,,bing,,,,,,,,,,,,,,,,,,,,39192.405674501875,41.300583596169055,-96.10178734877188,Nebraska,NE00057
,,,,,Driving & Practice Range,,,Bing,,,,,,,,,,,,,,,,,,,,38379.62686959218,42.252497324993186,-97.01229144602792,Nebraska,NE00121
,,,,,Unknown Golf Course,,,,,,,,,,,,,,,,,,cartpath,,,,,10893.970896668481,41.86645180099553,-101.27168529905805,Nebraska,NE00203
