name,addr:city,addr:housenumber,addr:postcode,addr:state,addr:street,phone,opening_hours,operator,golf:course,description,email,start_date,website,facebook,source,wikidata,alt_name,golf,landuse,old_name,addr:full,contact:facebook,golf:par,sport,note,wikipedia,layer,surface,addr:country,contact:website,access,hole,tee,opening_hours:signed,owner,type,fixme,designation,ele,gnis:feature_id,area_m2,lat,lon,province,gcid
Pine Valley Country Club,,,,,,,,,,,,,https://pinevalleycountryclub.com/,,,,,,,,,,,,Be careful. There are other ways inside this way including wood and golf related ways. Do not delete this way or the other ways.,en:Pine Valley Golf Club,,,,,,,,,,,,,,,2746920.611121765,39.7870137775337,-74.97410422473396,New Jersey,NJ00312
Fiddler's Elbow Country Club,Bedminster,811,07921,,Rattlesnake Bridge Road,+1 908-439-2123,,,,,,,https://www.fiddlerselbowcc.com/,,NJ2002LULC,Q5446690,,,,,,,,,,,,,,,,,,,,,,,,,2175032.155708431,40.641343668716026,-74.73113070705756,New Jersey,NJ00302
Trump National Golf Club Bedminster,Bedminster,900,07921,,Lamington Road,+1 908-470-4400,,,,,,,https://www.trumpnationalbedminster.com/,,,Q7847773,,,,,,,,,,,,,,,,,,,,,,,,,1966767.3172661804,40.6539527203731,-74.69764944525471,New Jersey,NJ00182
Blue Heron Pines Golf Club,,,,,,,,,,,,,,,,,,,,,,,,,,,,,,,,,,,,,,,,,1882147.5251207203,39.480085473764206,-74.59794258593512,New Jersey,NJ00087
Royce Brook Golf Club (East Course),,,,,,,,,,,,,,,,,,,,,,,,,,,,,,,,,,,,,,,,,1838087.1994411617,40.51376026919721,-74.60084956272756,New Jersey,NJ00297
Ridge at Back Brook,,,,,,,,,,,,,,,,,,,,,,,,,,,,,,,,,,,,,,,,,1782709.491337897,40.441227908313515,-74.82500223418913,New Jersey,NJ00298
Metedeconk National Golf Club,,,,,,,,,,,,,,,NJ2002LULC,,,,,,,,,,,,,,,,,,,,,,,,,,1682123.5762216127,40.160948962683825,-74.33573078075506,New Jersey,NJ00175
Tamarack Golf Course,East Brunswick Township,97,08816,NJ,Hardenburg Lane,,sunrise-sunset,,,,,,,,,,,,,,,,,,,,,,,,,,,,,,,,,,1459971.7502592304,40.42002692168426,-74.45133331490057,New Jersey,NJ00292
Tamarack Golf Course,East Brunswick Township,97,08816,NJ,Hardenburg Lane,,sunrise-sunset,,,,,,,,,,,,,,,,,,,,,,,,,,,,,,,,,,1459971.7502592304,40.42002692168426,-74.45133331490057,New Jersey,NJ00293
Neshanic Valley Golf Course,,,,,,,,,,,,,,,NJ2002LULC,,,,,,,,,,,,,,,,,,,,,,,,,,1425227.5522282778,40.52784380961798,-74.71589895896922,New Jersey,NJ00300
"Trump National Golf Club, Colts Neck",Colts Neck,One,07722,NJ,Trump National Boulevard,,,,,,,,,,,,,,,,,,,,,,,,,,,,,,,,,,,,1403881.2206905328,40.277874050608524,-74.17996804373956,New Jersey,NJ00295
Baltusrol Golf Course,Springfield,201,07081,,Shunpike Road,,,,,,,,,,,Q4853011,,,,,,,,,,,,,,,,,,,,,,,,,1401333.0418903476,40.6979229047434,-74.3330095960009,New Jersey,NJ00152
Cascades Golf Club,,,,,,,,Crystal Springs Resort,,,,,,,,,,,,,,,,,,,,,,,,,,,,,,,,,1371656.3867293522,41.15921199629236,-74.55257396696267,New Jersey,NJ00270
Trump National Philly,,,,,,,,,,,,,,,,,,,,,,,,,,,,,,,,,,,,,,,,,1323269.7311552863,39.78785547241564,-75.00663678035835,New Jersey,NJ00335
Mercer Oaks Golf Course,,,,,,,,,,,,,,,,,,,,,,,,,,,,,,,,,,,,,,,,,1318197.151032392,40.27671947398604,-74.65735776375976,New Jersey,NJ00082
Great Gorge Golf Club,,,,,,,,,,,,,,,,,,,,,,,,,,,,,,,,,,,,,,,,,1296598.4051677343,41.190175815518465,-74.52607237965185,New Jersey,NJ00334
Ballamor Golf Club,,,,,,,,,,,,,,,,,,,,,,,,,,,,,,,,,,,,,,,,,1255829.8624943863,39.37798775742801,-74.65345076284883,New Jersey,NJ00090
Hamilton Farm Golf Club,,,,,,,,,,,,,,,,,,,,,,,,golf,,,,,,,,,,,,multipolygon,,,,,1231500.7364441904,40.70922605990423,-74.68511210299033,New Jersey,NJ00034
Running Deer Golf Club,,,,,,,,,,,,,,,,,,,,,,,,,,,,,,,,,,,,,,,,,1109255.71389852,39.52704417382532,-75.13408183743108,New Jersey,NJ00333
Twisted Dune Golf Club,Egg Harbor Township,2101,08234,NJ,Ocean Heights Avenue,,,,,,,,,,,,,,,,,,,,,,,,,,,,,,,,,,,,1067574.0756195998,39.376418046871,-74.63443484913626,New Jersey,NJ00091
Cherry Valley Country Club,Skillman,125,08558,NJ,Country Club Drive,,,,,,,,,,,,,,,,,,,,,,,,,,,,,,,multipolygon,,,,,1057707.5095573713,40.3990353486617,-74.70970105220702,New Jersey,NJ00035
Montclair Golf Club,West Orange,25,07052,NJ,Prospect Avenue,+1-973-239-1800,,,,,,,,,,,,,,,,,,,,,,,,,,,,,,multipolygon,,,,,1050573.608737413,40.81981768352754,-74.24493086837154,New Jersey,NJ00015
Mountain Ridge Country Club,,,,,,,,,,,,,,,,,,,,,,,,golf,,,,,,,,,,,,,,,,,1043187.8400315946,40.862570908440794,-74.29502236886846,New Jersey,NJ00148
Ocean County Golf Course at Atlantis,,,,,,,,,,,,,,,,,,,,,,,,golf,,,,,,,,,,,,,,,,,1029650.5972133012,39.58109240535329,-74.35776275230857,New Jersey,NJ00085
Rockleigh Golf Course,,,,,,,,,,,,,,,,,,,,,,,,,,,,,,,,,,,,multipolygon,,,,,1000928.6601286043,40.997792965884074,-73.93798365527174,New Jersey,NJ00017
Flanders Valley Golf Course,Flanders,81,07836,NJ,Pleasant Hill Road,+1-973-584-5382,,,,,,,https://www.flandersvalleygc.com/,,,,,,,,,,,,,,,,,,,,,,,multipolygon,,,,,984400.5281991918,40.83131113062723,-74.68640315784765,New Jersey,NJ00028
Mercer Oaks East Golf Course,,,,,,,,,,,,,,,,,,,,,,,,,,,,,,,,,,,,,,,,,980312.1787709378,40.27695463023365,-74.64392759829971,New Jersey,NJ00081
Eagle Ridge Golf Club,,,,,,,,,,,,,,,,,,,,,,,,,,,,,,,,,,,,multipolygon,,,,,970306.4242058601,40.06260123364809,-74.2494232630132,New Jersey,NJ00065
Laurel Creek Golf Course,,,,,,,,,,,,,,,,,,,,,,,,,,,,,,,,,,,,multipolygon,,,,,959405.7234454154,39.99286662319205,-74.89350025899195,New Jersey,NJ00013
Unknown Golf Course,Boonton,990,,,Greenbank Road,,,,,,,,,,,,,,,,,,,,,,,,,,,,,,,multipolygon,,,,,951277.804830335,40.89513101808365,-74.38224803458559,New Jersey,NJ00047
Galloway National Golf Club,,,,,,,,,,,,,,,,,,,,,,,,,,,,,,,,,,,,,,,,,942051.6065419376,39.45937840752174,-74.46154632790149,New Jersey,NJ00095
Galloway National Golf Club,,,,,,,,,,,,,,,,,,,,,,,,,,,,,,,,,,,,,,,,,942051.6065419376,39.45937840752174,-74.46154632790149,New Jersey,NJ00096
Ramblewood Country Club,,,,,,,,,,,,,,,,,,,,,,,,,,,,,,,,,,,,,,,,,938537.6507090881,39.92655074079847,-74.93508112198161,New Jersey,NJ00106
Howell Park Golf Course,,,,,,,,,,,,,,,,,,,,,,,,,,,,,,,,,,,,,,,,,924769.8688346259,40.17910063684161,-74.18048463183432,New Jersey,NJ00299
Ballyowens Golf Club,,,,,,+1-855-977-6473,,Crystal Springs Resort,,"Used Bing Background - For TGC the offset is WE=+1.90, SN = +2.95",,,https://www.crystalgolfresort.com/golf/courses/ballyowen/,,,,,,,,,,,golf,,,,,,,,,,,,,,,,,924461.932986133,41.1370971466664,-74.58338931060575,New Jersey,NJ00277
Galloping Hill Golf Course,,,,,,,,,,,,,,,,,,,,,,,,,,,,,,,,,,,,multipolygon,,,,,917080.4611173407,40.684787411332216,-74.28201136463689,New Jersey,NJ00027
Unknown Golf Course,,,,,,,,,,,,,,,,,,,,,,,,,,,,,,,,,,,,multipolygon,,,,,910385.9588192316,40.312863172769525,-74.44566454919173,New Jersey,NJ00023
The Ridgewood Country Club,Paramus,96,07652,,West Midland Avenue,+1 201-599-3900,,,,,,,https://www.rcc1890.com/,,Yahoo,Q14705856,,,,,,,,,,,,,,,,,,,,,,,,,897258.465571867,40.942737719985345,-74.07819484429425,New Jersey,NJ00267
Unknown Golf Course,,,,,,,,,,,,,,,NJ2002LULC,,,,,,,,,,,,,,,,,,,,,,,,,,881103.709841731,40.471459461725445,-74.85014532532607,New Jersey,NJ00257
Sea Oaks Golf Club,,,,,,,,,,,,,,,,,,,,,,,,,,,,,,,,,,,,,,,,,880863.6875277769,39.62106047420443,-74.33233789686409,New Jersey,NJ00086
Berkshire Valley Golf Course,Jefferson,28,,,Cozy Lake Road,,,Morris County Park Commission,,,,,http://www.golfmorriscounty.com/fees/berkshire-valley-fees.html,,,,,,,,,,,,,,,,,,,,,,,multipolygon,fix borders,,,,871770.3222871133,41.00442376660365,-74.51174582916853,New Jersey,NJ00044
Upper Montclair Country Club,,,,,,,,,,,,,,,,,,,,,,,,,,,,,,,,,,,,,,,,,862054.435946124,40.84401933970539,-74.1744598044645,New Jersey,NJ00110
Unknown Golf Course,,,,,,,,,,,,,,,NJ2002LULC,,,,,,,,,,,,,,,,,,,,,,,,,,858237.1384524568,40.60477240189457,-75.10986109663638,New Jersey,NJ00261
Farmstead Golf and Country club,Lafayette,88,,,Lawrence Road,,,,,,,,,,NJ2002LULC,,,,,,,,,,,,,,,,,,,,,multipolygon,,,,,855868.3707425627,41.05336364978658,-74.70249281255774,New Jersey,NJ00050
Harbor Pines Golf Club,,,,,,,,,,,,,,,,,,,,,,,,,,,,,,,,,,,,,,,,,852491.3675072652,39.347987702250514,-74.62000032708221,New Jersey,NJ00092
Due Process Stables Golf Course,,,,,,,,,,,,,,,,,,,,,,,,,,,,,,,,,,,,multipolygon,,,,,852134.599190932,40.30038855828627,-74.11322185377244,New Jersey,NJ00024
Hawk Pointe Golf Club,Washington,4,07882,,Clubhouse Drive,+1 908-689-1870,,,,,,,https://www.hawkpointegolf.com/,,NJ2002LULC,,,,,,,,,,,,,,,,,,,,,,,,,,851416.8579013406,40.73865617327021,-74.96822230920625,New Jersey,NJ00262
McCullough's Emerald Golf Links,,,,,,,,,,,,,,,,,,,,,,,,,,,,,,,,,,,,multipolygon,,,,,842156.3497008921,39.35908229410982,-74.61072073130485,New Jersey,NJ00036
Greate Bay Resort and Country Club,,,,,,,,,,,,,,,,,,,,,,,,,,,,,,,,,,,,,,,,,839998.4280655093,39.31496965952466,-74.61221501678736,New Jersey,NJ00079
Unknown Golf Course,,,,,,,,,,,,,,,,,,,,,,,,,,,,,,,,,,,,,,,,,815319.1947673196,39.863742779749536,-74.98601437080744,New Jersey,NJ00322
Preakness Valley Golf Course,Wayne,209,07470,NJ,Totowa Road,,,Passaic County,,,,,,,,Q20880738,,,,,,,,,,,,,,,,,,,,,,,,,812618.3948949791,40.91721416705026,-74.23110484549952,New Jersey,NJ00284
Seaview Golf Club Pines Course,,,,,,,,,,,,,,,,,,,,,,,,,,,,,,,,,,,,,,,,,808682.6124554717,39.44945357237306,-74.4819326653179,New Jersey,NJ00078
Beckett Country Club,,,,,,,,,,,,,,,,,,,,,,,,,,,,,,,,,,,,,,,,,806552.9128609285,39.71389158681379,-75.32741817501669,New Jersey,NJ00093
Cape May Golf Club,,,,,,,,,,,,,,,,,,,,,,,,,,,,,,,,,,,,,,,,,802927.3367462623,38.984013987995766,-74.89243653695632,New Jersey,NJ00268
Old Bridge Golf Course - The Rose Lambertson,Matawan,157,07747,NJ,Lambertson Road,,Mo-Su 07:15-22:00,Old Bridge Township,,"18-hole golf course, 18-hole mini-golf course, Clubhouse, 30 bay driving range",,,https://www.obnjgolf.com/,,,,,,,,,,,,,,,,,,,,,,,,,,,,794761.1335499828,40.41514259858722,-74.2720019599019,New Jersey,NJ00336
Riverwinds Golf Course,,,,,,,,,,,,,,,,,,,,,,,,,,,,,,,,,,,,,,,,,787398.14844423,39.86130126669391,-75.1999720929887,New Jersey,NJ00281
Unknown Golf Course,,,,,,,,,,,,,,,NJ2002LULC,,,,,,,,,,,,,,,,,,,,,,,,,,773098.744456932,40.77754409734206,-74.56455944668093,New Jersey,NJ00161
Suneagles Golf Club,Eatontown,2000,07724,NJ,Lowther Drive,+1-732-389-4300,,,,,,,https://www.suneaglesgolf.com/web/pages/home,,,,,,,,,,,,,,,,,,,,,,,,,,,,771401.1065237662,40.3000336983827,-74.07448130951093,New Jersey,NJ00274
Hominy Hill Golf Course,,,,,,,,Monmouth County Park System,,,,,,,NJ2002LULC,Q5890900,,,,,,,,,,,,,,,,,,,,,,,,,763301.7690453473,40.274248867810286,-74.1999535233033,New Jersey,NJ00169
Bey Lea Golf Course,,,,,,,,,,,,,,,,,,,,,,,,,,,,,,,,,,,,multipolygon,,,,,757097.443853358,39.98921644858215,-74.1906994392324,New Jersey,NJ00064
New Jersey National Golf Club,Basking Ridge,579,07920,NJ,Allen Road,+1 908-781-9400,,,,,,,http://newjerseynational.com/,,,,,,,,,,,,,,,,,,,,,,,,,,,,755266.5362379135,40.65888869270341,-74.61399817360505,New Jersey,NJ00220
Unknown Golf Course,,,,,,,,,,,,,,,,,,,,,,,,,,,,,,,,,,,,multipolygon,,,,,751123.3524808834,39.18068819377141,-74.74444920101767,New Jersey,NJ00049
Unknown Golf Course,,,,,,,,,,,,,,,NJ2002LULC,,,,,,,,,,,,,,,,,,,,,,,,,,746952.2221324731,40.39127896958435,-74.71756950808167,New Jersey,NJ00198
Burlington Country Club,,,,,,,,,,,,,,,,,,,,,,,,,,,,,,,,,,,,,,,,,746590.3644583247,40.03324584510471,-74.80430113861098,New Jersey,NJ00337
Atlantic City Golf Club,,,,,,,,,,,,,,,,,,,,,,,,,,,,,,,,,,,,,,,,,740804.1829452326,39.36747075921943,-74.54301624517682,New Jersey,NJ00247
Stone Harbor Golf Club,,,,,,,,,,,,,,,,,,,,,,,,,,,,,,,,,,,,multipolygon,,,,,740630.312332226,39.1091974145032,-74.81217012866806,New Jersey,NJ00039
Somerset Hills Country Club,,,,,,,,,,,,,,,NJ2002LULC,,,,,,,,,,,,,,,,,,,,,,,,,,735152.778359854,40.72211873788237,-74.58734391163499,New Jersey,NJ00219
Unknown Golf Course,,,,,,,,,,,,,,,NJ2002LULC,,,,,,,,,,,,,,,,,,,,,,,,,,730536.2732570423,40.22149310373704,-74.37688595594271,New Jersey,NJ00174
Battleground Country Club,Manalapan,1,07726,NJ,Covenhoven Road,+1 732-462-7575,,,,,,,https://www.battlegroundcc.com/,,,,,,,,,,,,,,,,,,,,,,,multipolygon,,,,,722198.0413304941,40.26284635564361,-74.33618839376071,New Jersey,NJ00026
Arcola Country Club,Paramus,,07653,,Paramus Road,+1 201-843-3990,,,,,,,https://www.arcolacc.org/,,NJ2002LULC,,,,,,,,,,,,,,,,,,,,,,,,,,719925.9885392097,40.9278343058173,-74.0827390419844,New Jersey,NJ00259
Arcola Country Club,Paramus,,07653,,Paramus Road,+1 201-843-3990,,,,,,,https://www.arcolacc.org/,,NJ2002LULC,,,,,,,,,,,,,,,,,,,,,,,,,,719925.9885392097,40.9278343058173,-74.0827390419844,New Jersey,NJ00260
Unknown Golf Course,,,,,,,,,,,,,,,Bing,,,,,,,,,,,,,,,,,,,,,,,,,,719577.9626835283,39.52850257893365,-75.41807297532698,New Jersey,NJ00330
Unknown Golf Course,,,,,,,,,,,,,,,NJ2002LULC,,,,,,,,,,,,,,,,,,,,,,,,,,719573.4390160297,40.7096265249524,-75.147133119497,New Jersey,NJ00264
Scotland Run,,,,,,,,,,,,,,,,,,,,,,,,,,,,,,,,,,,,multipolygon,,,,,719476.0980778075,39.69915647807173,-75.04712940013982,New Jersey,NJ00042
Spring Brook Country Club,Morristown,9,07960,,Spring Brook Road,+1 973 539 6660,,,,,,,https://www.springbrookcc.net/,,NJ2002LULC,,,,,,,,,,,,,,,,,,,,,,,,,,711636.6770761049,40.78148355644218,-74.49060858971566,New Jersey,NJ00123
Liberty National Golf Club,Jersey City,100,07305,NJ,Caven Point Road,+1-201-333-4105,,,,,,,http://www.libertynationalgc.com,,,Q6541896,,,,,,,,,,,,,,,,,,,,,,,,,710773.4389432393,40.694250004206104,-74.07368001165129,New Jersey,NJ00083
Centerton Country Club,,,,,,,,,,,,,,,,,,,,,,,,,,,,,,,,,,,,multipolygon,,,,,708894.8145830431,39.532817415505676,-75.15070666607328,New Jersey,NJ00037
Unknown Golf Course,,,,,,,,,,,,,,,,,,,,,,,,,,,,,,,,,,,,multipolygon,,,,,708251.7271136323,41.05885193524634,-74.1762416496122,New Jersey,NJ00059
Vineyard Golf at Renault Winery,,,,,,,,,,,,,,,,,,,,,,,,,,,1,,,,,,,,,,,,,,697541.4852353721,39.543163326792325,-74.59832615874446,New Jersey,NJ00084
TPC Jasna Polana,,,,,,,,,,,,,,,NJ2002LULC,,,,,,,,,,,,,,,,,,,,,,,,,,697016.640222033,40.33407607364922,-74.69387072057894,New Jersey,NJ00156
Spooky Brook Golf Course,,,,,,,,,,,,,,,,,,,,,,,,,,,,,,,,,,,,,,,,,692426.0566377587,40.506622819661494,-74.55961418353081,New Jersey,NJ00275
Knickerbocker Country Club,Tenafly,188,07670,,Knickerbocker Road,+1 201-568-1460,,,,,,,https://www.knickerbocker.cc/,,NJ2002LULC,,,,,,,,,,,,,,,,,,,,,,,,,,686537.7639473828,40.91666253489024,-73.98530011005666,New Jersey,NJ00113
Unknown Golf Course,,,,,,,,,,,,,,,NJ2002LULC,,,,,,,,,,,,,,,,,,,,,,,,,,685015.9774868999,40.602074733948264,-74.63450407346889,New Jersey,NJ00166
Eagle Oaks Golf and Country Club,,,,,,,,,,,,,,,NJ2002LULC,,,,,,,,,,,,,,,,,,,,,multipolygon,,,,,674465.0993241793,40.21467878110611,-74.15597121102871,New Jersey,NJ00077
Tavistock Country Club,,,,,,,,,,,,,,,,,,,,,,,,,,,,,,,,,,,,,,,,,665566.4995814203,39.87572346424698,-75.02733614902289,New Jersey,NJ00098
Bayonne Golf Club,,,,,,,,,,,,,,,,,,,,,,,,,,,,,,,,,,,,,,,,,661672.1081788791,40.662934454178966,-74.09532722647985,New Jersey,NJ00107
Forsgate Country Club,,,,,,,,,,,,,,,,,,,,,,,,,,,,,,,,,,,,multipolygon,,,,,657625.6783265151,40.34692320045957,-74.45847018457042,New Jersey,NJ00031
Forsgate Country Club,,,,,,,,,,,,,,,,,,,,,,,,,,,,,,,,,,,,multipolygon,,,,,657625.6783265151,40.34692320045957,-74.45847018457042,New Jersey,NJ00030
Plainfield Country Club,Edison,1591,08820,,Woodland Avenue,+1 908 757 1800,,,,,,,https://www.plainfieldcc.com/,,NJ2002LULC,Q7200685,,,,,,,,,,,,,,,,,,,,,,,,,656378.9009891842,40.59350889523772,-74.38579889451316,New Jersey,NJ00153
The Links at Brigantine,,,,,,,,,,,,,,,,,,,,,,,,,,,,,,,,,,,,multipolygon,,,,,653677.6197350125,39.41698776097418,-74.36973609316914,New Jersey,NJ00010
Mountain View Golf Course,,,,,,,,,,,,,,,NJ2002LULC,,,,,,,,,,,,,,,,,,,,,,,,,,652704.6773923126,40.28346970423109,-74.82753451791402,New Jersey,NJ00256
Quail Brook Golf Course,Somerset,625,08873,NJ,New Brunswick Road,+1-732-560-9199,,,,,,,https://www.quailbrookgolf.com/,,NJ2002LULC,,,,,,,,,,,,,,,,,,,,,,,,,,650475.2496907638,40.51391535947403,-74.51437677233424,New Jersey,NJ00177
Unknown Golf Course,,,,,,,,,,,,,,,NJ2002LULC,,,,,,,,,,,,,,,,,,,,,,,,,,649440.9165614003,40.76734182972911,-74.38249284218251,New Jersey,NJ00158
Arthur Hills Championship Course,,,,,,,,Greenbriar Oceanaire,,,,,,,,,,,,,,,,,,,,,,,,,,,,multipolygon,,,,,649229.5229449568,39.78301381542531,-74.22561660335526,New Jersey,NJ00056
White Beeches Golf and Country Club,,,,,,,,,,,,,,,,Q7994470,,,,,,,,,,,,,,,,,,,,multipolygon,,,,,644453.4755605586,40.95603439974075,-74.00542542401634,New Jersey,NJ00053
Unknown Golf Course,,,,,,,,,,,,,,,,,,,,,,,,,,,,,,,,,,,,multipolygon,,,,,643813.4395242545,40.46668245343018,-74.8677286890667,New Jersey,NJ00046
Colts Neck Golf Club,,,,,,,,,,,,,,,NJ2002LULC,,,,,,,,,,,,,,,,,,,,,multipolygon,,,,,643139.7273734534,40.29994110531945,-74.18283798491791,New Jersey,NJ00052
Ash Brook Golf Course,Scotch Plains,1210,07076,,Raritan Road,+1 907 756 0414,,,,,,,https://www.ashbrookgolfcourse.com/,,NJ2002LULC,,,,,,,,,,,,,,,,,,,,,multipolygon,,,,,642073.0380508896,40.60943537970166,-74.36624918671544,New Jersey,NJ00020
Unknown Golf Course,,,,,,,,,,,,,,,NJ2002LULC,,,,,,,,,,,,,,,,,,,,,,,,,,641386.3754287787,40.583110994572124,-74.6359715754263,New Jersey,NJ00180
Westlake Golf Course,,,,,,,,,,,,,,,,,,,,,,,,,,,,,,,,,,,,multipolygon,,,,,637225.1547709276,40.100349603935946,-74.28790560885673,New Jersey,NJ00069
Pitman Golf Course,Sewell,501,08080,NJ,Pitman Road,,,,,,,,,,,,,,,,,,,,,,,,,,,,,,,,,,,,634619.6460548949,39.74148197460474,-75.15362415919462,New Jersey,NJ00315
Hopewell Valley Golf & Country Club,Hopewell,114,08525,NJ,Pennington-Hopewell Road,,,,,,,,https://golfmercercounty.com,,NJ2002LULC,,,,,,,,,,,,,,,,,,,,,,,,,,633106.0278205704,40.36259941069231,-74.78445822320336,New Jersey,NJ00258
Preakness Hills Country Club,Wayne,1050,07470,NJ,Ratzer Road,,,,,,,,,,NJ2002LULC,,,,,,,,,,,,,,,,,,,,,,,,,,628318.3461068134,40.946092696690194,-74.23583756989235,New Jersey,NJ00115
Forsgate Country Club,,,,,,,,,,,,,,,,,,,,,,,,,,,,,,,,,,,,multipolygon,,,,,627945.3355985413,40.350245698707894,-74.46811944933461,New Jersey,NJ00032
Essex County Country Club,West Orange,350,07052,,Mount Pleasant Avenue,+1 973 731 1400,,,,,,,https://www.essexcountycc.com/,,,,,,,,,,,,,,,,,,,,,,,,,,,,626779.4515788954,40.78442527466675,-74.26249430437333,New Jersey,NJ00159
Unknown Golf Course,,,,,,,,,,,,,,,NJ2002LULC,,,,,,,,,,,,,,,,,,,,,,,,,,620165.9082401402,40.21402025893098,-74.362953506195,New Jersey,NJ00173
Pine Barrens Golf Club,,,,,,,,,,,,,,,,,,,,,,,,,,,,,,,,,,,,multipolygon,,,,,619849.792096877,40.05861054197703,-74.29368475945776,New Jersey,NJ00072
Hollywood Golf Club,Ocean Township,510,07712,NJ,Roseld Avenue,,,,,,,,,,,,,,,,,,,,,,,,,,,,,,,,,,,,618083.8265177674,40.250602032048434,-74.02348682828162,New Jersey,NJ00296
Hackensack Golf Club,,,,,,,,,,,,,,,NJ2002LULC,,,,,,,,,,,,,,,,,,,,,,,,,,616735.8523983244,40.97076506285771,-74.03729392636944,New Jersey,NJ00117
Mattawang Golf Club,Belle Mead,295-303,08502,,Township Line Road,+1 908 281 0778,,,,,,,https://www.mattawang-golf.com/,,,,,,,,,,,,,,,,,,,,,,,,,,,,616649.6863161193,40.46324173977304,-74.64259533564454,New Jersey,NJ00186
Unknown Golf Course,,,,,,,,,,,,,,,NJ2002LULC,,,,,,,,,,,,,,,,,,,,,,,,,,612156.1638823476,40.1157146585294,-74.69238874005376,New Jersey,NJ00235
Indian Spring Country Club,,,,,,,,,,,,,,,NJ2002LULC,,,,,,,,,,,,,,,,,,,,,,,,,,609868.3597363905,39.881340352779176,-74.89051651113711,New Jersey,NJ00210
Shackamaxon Country Club,Scotch Plains,100,07076,NJ,Tillinghast Turn,,,,,,,,,,NJ2002LULC,,,,,,,,,,,,,,US,https://www.shackamaxoncc.com/,,,,,,,,,,,603843.1230446158,40.62799508934313,-74.35196811686332,New Jersey,NJ00127
Spring Lake Golf Club,,,,,,,,,,,,,,,NJ2002LULC,,,,,,,,,,,,,,,,,,,,,,,,,,600049.2228078017,40.14985704959038,-74.04561363213503,New Jersey,NJ00140
Town & Country Golf Links,Woodstown,197,08098,,Rt 40,,,,,,,,,,NJ2002LULC,,,,,,,,,,,,,,,,,,,,,,,,,,598734.3779983725,39.655012393169336,-75.30936088979625,New Jersey,NJ00212
Francis Byrne Golf Course,West Orange,,07052,,Pleasant Valley Way,+1 973 736 2306,,Essex County,,,,,https://www.essexcountyparks.org/golf/francis-byrne-golf-course,,,,,,,,,,,,,,,,,,,,,,,,,,,,597803.882977702,40.7877273244872,-74.26911449811524,New Jersey,NJ00160
Unknown Golf Course,,,,,,,,,,,,,,,,,,,,,,,,,,,,,,,,,,,,,,,,,596124.9973766138,41.153854701300254,-74.56510260307982,New Jersey,NJ00269
Black Bear,Franklin,138,07416,NJ,NJ 23,+1 855 977 6473,,Crystal Springs Resort,,,,,https://www.crystalgolfresort.com/golf/courses/black-bear/,,,,,,,,,,,,,,,,,,,,,,,,,,,,595545.9007472779,41.11628914389616,-74.57257776374317,New Jersey,NJ00276
High Bridge Hills Golf Club,High Bridge,203,08829,,Cregar Road,+1 908-638-5055,,,,,,,https://www.highbridgehills.com/,,NJ2002LULC,,,,,,,,,,,,,,,,,,,,,,,,,,590639.617855507,40.6673529565154,-74.9096762088991,New Jersey,NJ00231
Rumson Country Club,,,,,,,,,,,,,,,NJ2002LULC,,,,,,,,,,,,,,,,,,,,,,,,,,589619.7391932418,40.34851929923636,-74.0168656079437,New Jersey,NJ00132
Crestmont Country Club,,,,,,,,,,,,,,,NJ2002LULC,,,,,,,,,,,,,,,,,,,,,,,,,,583709.0005444466,40.80746534950808,-74.2759438170224,New Jersey,NJ00112
Bunker Hill Golf Course,Princeton,220,08540,NJ,Bunkerhill Road,+1-908-359-6335,,,,,,,https://www.bunker.distinctgolf.com/,,,,,,,,,,,,,,,,,,,,,,,multipolygon,,,,,582811.0195349624,40.437519330603095,-74.575022641893,New Jersey,NJ00029
Wedgwood Country Club,,,,,,,,,,,,,,,,,,,,,,,,,,,,,,,,,,,,multipolygon,,,,,581328.857403113,39.75984632267366,-75.06984969982798,New Jersey,NJ00060
Medford Village Country Club,,,,,,,,,,,,,,,,,,,,,,,,,,,,,,,,,,,,multipolygon,,,,,580366.9934863806,39.87942168870728,-74.82963307309164,New Jersey,NJ00040
Beaver Brook Country Club,Annandale,25,08801,,Country Club Drive,+1 908-735-4200,,,,,,,https://www.beaverbrookcc.com/,,,,,,,,,,,,,,,,,,,,,,,multipolygon,,,,,578515.4730837179,40.63224190458485,-74.89538633561685,New Jersey,NJ00033
Harkers Hollow Golf Club,,,,,,,,,,,,,,,NJ2002LULC,,,,,,,,,,,,,,,,,,,,,,,,,,578461.0706955537,40.73089853592464,-75.13968399930026,New Jersey,NJ00248
Gambler Ridge Golf Club,,,,,,,,,,,,,,,NJ2002LULC,,,,,,,,,,,,,,,,,,,,,,,,,,577416.4737079354,40.1323787945085,-74.51084062769036,New Jersey,NJ00238
Navesink Country Club,,,,,,,,,,,,,,,NJ2002LULC,,,,,,,,,,,,,,,,,,,,,,,,,,577292.3713359574,40.37315925618657,-74.06283383205758,New Jersey,NJ00215
Unknown Golf Course,,,,,,,,,,,,,,,NJ2002LULC,,,,,,,,,,,,,,,,,,,,,,,,,,575717.1416825232,40.926802943865766,-73.93618212572242,New Jersey,NJ00255
Unknown Golf Course,,,,,,,,,,,,,,,NJ2002LULC,,,,,,,,,,,,,,,,,,,,,,,,,,575717.1416825232,40.926802943865766,-73.93618212572242,New Jersey,NJ00254
Rockaway River Country Club,Denville,39,07834,NJ,Pocono Road,+1 973 627 0063,,,,,,,https://www.rockawayrivercc.com/,,NJ2002LULC,,,,,,,,,,,,,,,,,,,,,,,,,,572805.3931705821,40.899130876313976,-74.46211318601229,New Jersey,NJ00154
Unknown Golf Course,,,,,,,,,,,,,,,NJ2002LULC,,,,,,,,,,,,,,,,,,,,,,,,,,571301.1531396372,40.29602806820714,-74.0392958727089,New Jersey,NJ00137
Rutgers University Golf Course,,,,,,,,,,,,,,,NJ2002LULC,,,,,,,,,,,,,,,,,,,,,,,,,,570735.3372190184,40.51998947380698,-74.46948284466475,New Jersey,NJ00157
Unknown Golf Course,,,,,,,,,,,,,,,,,,,,,,,,,,,,,,,,,,,,,,,,,570368.1699034551,40.67305245761586,-74.33841932397091,New Jersey,NJ00291
Haworth Country Club,,,,,,,,,,,,,,,NJ2002LULC,,,,,,,,,,,,,,,,,,,,,,,,,,569034.7850221938,40.96429862180075,-74.00419064483043,New Jersey,NJ00253
Little Mill Country Club,,,,,,,,,,,,,,,NJ2002LULC,,,,,,,,,,,,,,,,,,,,,multipolygon,,,,,566840.9839717722,39.827567230806814,-74.8734828994723,New Jersey,NJ00066
Woodlake Country Club,,,,,,,,,,,,,,,,,,,,,,,,,,,,,,,,,,,,,,,,,566597.3182262452,40.08961649154736,-74.1689604628909,New Jersey,NJ00099
Cream Ridge Golf Course,,,,,,,,State of New Jersey Department of Environmental Protection,,,,,,,NJ2002LULC,,,,,,,,,,,,,,,,,,,,,,,,,,565014.4297105826,40.14452972936468,-74.54251036598232,New Jersey,NJ00237
Morris County Golf Course,,,,,,,,,,,,,,,NJ2002LULC,Q6913656,,,,,,,,golf,,,,,,,,,,,,,,,,,564134.1750183468,40.78568857896633,-74.44318727934647,New Jersey,NJ00143
Ocean Acres Country Club,,,,,,,,,,,,,,,,,,,,,,,,,,,,,,,,,,,,multipolygon,,,,,563537.0323788212,39.738332768281765,-74.2652720305553,New Jersey,NJ00011
Cobblestone Creek Country Club,Lawrenceville,2170,08648,,Lawrenceville Road,+1 609 896 0259,,,,,,,https://www.greenacres.club/,,,,,,,,,,,,,,,,,,,,,,,,,,,,562416.4812595367,40.281028191423985,-74.7258111489699,New Jersey,NJ00133
Mays Landing Golf Club,,,,,,,,,,,,,,,,,,,,,,,,,,,,,,,,,,,,,,,,,562081.8897919081,39.43653227706702,-74.6346287080814,New Jersey,NJ00088
Unknown Golf Course,,,,,,,,,,,,,,,NJ2002LULC,,,,,,,,,,,,,,,,,,,,,,,,,,560076.9099428693,40.96658864641057,-74.02467586474914,New Jersey,NJ00250
Riverton Country Club,,,,,,,,,,,,,,,,,,,,,,,,,,,,,,,,,,,,,,,,,552821.1511275085,40.000424394916195,-75.00283725154429,New Jersey,NJ00109
Linwood Country Club,,,,,,,,,,,,,,,,,,,,,,,,,,,,,,,,,,,,,,,,,546497.2929638645,39.35249426722717,-74.56101260265726,New Jersey,NJ00246
Unknown Golf Course,,,,,,,,,,,,,,,NJ2002LULC,,,,,,,,,,,,,,,,,,,,,,,,,,545477.6375028065,40.63047010840702,-74.47071906980905,New Jersey,NJ00168
Burlington Country Club,,,,,,,,,,,,,,,,,,,,,,,,,,,,,,,,,,,,,,,,,544087.2831178111,40.033180708934495,-74.80371194823152,New Jersey,NJ00108
Canoe Brook Country Club South Course,,,,,,,,,,,,,,,,,,,,,,,,,,,,,,,,,,,,,,,,,541004.5413150312,40.73339600636106,-74.36194583409477,New Jersey,NJ00134
Unknown Golf Course,,,,,,,,,,,,,,,,,,,,,,,,,,,,,,,,,,,,multipolygon,,,,,539468.1751176817,40.261393709157964,-74.37510783386183,New Jersey,NJ00055
Rancocas Golf Club,,,,,,,,,,,,,,,,,,,,,,,,,,,,,,,,,,,,,,,,,537588.9331136561,40.015887716819,-74.89632219362556,New Jersey,NJ00104
Canoe Brook Country Club North Course,,,,,,,,,,,,,,,,,,,,,,,,,,,,,,,,,,,,,,,,,537132.5947118085,40.738394918610595,-74.35515349857805,New Jersey,NJ00136
Unknown Golf Course,,,,,,,,,,,,,,,NJ2002LULC,,,,,,,,,,,,,,,,,,,,,,,,,,535352.9363174398,39.54665520871501,-75.31242045573752,New Jersey,NJ00307
Fairmount Country Club,Chatham,400,07928,NJ,Southern Boulevard,+1-973-377-8900,,,,,,,https://www.fairmountcc.com/Home,,NJ2002LULC,,,,,,,,,,,,,,,,,,,,,multipolygon,,,,,532925.7474042333,40.738705050975696,-74.4234982313025,New Jersey,NJ00016
Former Green Brook Country Club,,,,,,,,,,Closed in 2024 to become housing,,,,,NJ2002LULC;https://patch.com/new-jersey/caldwells/north-caldwell-golf-course-will-be-turned-housing-see-new-plan,,,,,,,,,,,,,,,,,,,,,,,,,,532323.0263910837,40.86718089698294,-74.27148609582359,New Jersey,NJ00164
Overpeck Golf Course,,,,,,,,,,,,,,,,,,,,,,,,,,,,,,,,,,,,multipolygon,,,,,532076.8455603613,40.8786421596028,-73.99462272342632,New Jersey,NJ00019
Lakewood Country Club,,,,,,,,,,,,,,,,,,,,,,,,,,,,,,,,,,,,,,,,,531861.2996772897,40.10807550178335,-74.246683286806,New Jersey,NJ00101
Hanover Golf Club,,,,,,,,,,,,,,,NJ2002LULC,,,,,,,,,,,,,,,,,,,,,,,,,,530074.4863071357,40.08449449264713,-74.56141100554619,New Jersey,NJ00236
Unknown Golf Course,,,,,,,,,,,,,,,NJ2002LULC,,,,,,,,,,,,,,,,,,,,,,,,,,528589.5061032621,40.617325402371776,-74.70681765146621,New Jersey,NJ00232
Springdale Golf Club,Princeton,1895,08540,,Clubhouse Drive,,,,,,,,,,,,,,,,,,,,,,,,,,,,,,,,,,,,526975.7736025575,40.337909100648886,-74.66120610670704,New Jersey,NJ00080
Unknown Golf Course,,,,,,,,,,,,,,,NJ2002LULC,,,,,,,,,,,,,,,,,,,,,multipolygon,,,,,525935.3248368052,40.90707345829532,-74.83630415654403,New Jersey,NJ00074
Basking Ridge Country Club,,,,,,,,,,,,,,,NJ2002LULC,,,,,,,,,,,,,,,,,,,,,,,,,,520893.6313794212,40.71614330695254,-74.5335942165456,New Jersey,NJ00217
Rock Spring Golf Club at West Orange,West Orange,90,07052,NJ,Rock Spring Road,,,Township of West Orange,,,,,,,NJ2002LULC,,,,,,,,,,,,,,,,,,,,,,,,,,519444.6808557764,40.76843365506667,-74.26766753937643,New Jersey,NJ00121
Unknown Golf Course,,,,,,,,,,,,,,,NJ2002LULC,,,,,,,,,,,,,,,,,,,,,,,,,,519101.9538411833,40.21994462037693,-74.07859710452702,New Jersey,NJ00149
Shark River Golf Course,Neptune,320,07753,NJ,Old Corlies Avenue,+1-732-922-4141,,,,,,,https://www.monmouthcountyparks.com/page.aspx?Id=2584,,,,,,,,,,,,,,,,,,,,,,,,,,,,517534.47786836687,40.20215806266733,-74.05744511460024,New Jersey,NJ00243
Hendricks Field Golf Course,Belleville,220,,NJ,Franklin Avenue,,,County of Essex,,,,,https://www.essexcountyparks.org/golf/hendricks-field-golf-course,,NJ2002LULC,,,,,,,,,,,,,,,,,,,,,multipolygon,,County Golf Course,36,877045,517469.44173838885,40.79434639426891,-74.16787635457364,New Jersey,NJ00071
Trenton Country Club,,,,,,,,,,,,,https://www.trentoncc.com/,,NJ2002LULC,,,,,,,,,,,,,,,,,,,,,,,,,,515600.90323933196,40.24443280926841,-74.81340012790201,New Jersey,NJ00205
Unknown Golf Course,,,,,,,,,,,,,,,NJ2002LULC,,,,,,,,,,,,,,,,,,,,,,,,,,514381.0669428684,40.334194902958345,-74.47059421291087,New Jersey,NJ00130
Deerwood Country Club,,,,,,,,,,,,,,,,,,,,,,,,,,,,,,,,,,,,multipolygon,,,,,514112.3150722871,40.01594349939248,-74.79369445838789,New Jersey,NJ00041
North Jersey Country Club,Wayne,594,07470,NJ,Paterson-Hamburg Turnpike,,,,,,,,,,,,,,,,,,,,,,,,,,,,,,,multipolygon,,,,,514041.8613712267,40.96048239884142,-74.21542431790387,New Jersey,NJ00018
The Meadows at Middlesex Golf Course,,,,,,,,,,,,,,,,,,,,,,,,,,,,,,,,,,,,,,,,,513583.72382660676,40.33195077489454,-74.56391811252941,New Jersey,NJ00294
Unknown Golf Course,,,,,,,,,,,,,,,NJ2002LULC,,,,,,,,,,,,,,,,,,,,,,,,,,511953.06641425454,39.82390898866971,-75.16989890952533,New Jersey,NJ00209
Alpine Country Club,Demarest,80,07627,NJ,Anderson Avenue,,,,,,,,https://alpinecc.org/,,,,,,,,,,,,,,,,,,,,,,,multipolygon,,,,,509526.6595241494,40.94876522997807,-73.9430062332241,New Jersey,NJ00014
Deal Golf and Country Club,Deal,1,07723,NJ,Golf Lane,,,,,,,,,,NJ2002LULC,,,,,,,,,,,,,,,,,,,,,,,,,,507425.4990904045,40.246602896221574,-74.01252977401684,New Jersey,NJ00141
Newton Country Club,Newton,25,,,Club Rd,+1-973-383-4817,,,,,,,http://www.newtoncountryclub.org/,,,,,,,,,,,,,,,,,,,,,,,multipolygon,,,,,507364.9899347742,41.04727489194304,-74.72403138700045,New Jersey,NJ00022
Bowling Green Golf Club,Oak Ridge,53,07438,,Schoolhouse Road,+1 973 697 8688,,,,,,,https://www.bowlinggreengolf.com/,,,,,,,,,,,,,,,,,,,,,,,multipolygon,,,,,506719.9536699201,41.027761489213056,-74.53156575073473,New Jersey,NJ00051
Unknown Golf Course,,,,,,,,,,,,,,,NJ2002LULC,,,,,,,,,,,,,,,,,,,,,,,,,,506222.1694534146,40.58793365821078,-74.80475593702779,New Jersey,NJ00204
Unknown Golf Course,,,,,,,,,,,,,,,,,,,,,,,,,,,,,,,,,,,,multipolygon,,,,,505493.17644041206,39.512732920230555,-74.88553523527132,New Jersey,NJ00038
Unknown Golf Course,,,,,,,,,,,,,,,NJ2002LULC,,,,,,,,,,,,,,,,,,,,,,,,,,503714.58467841585,40.79382661094041,-74.35779720864083,New Jersey,NJ00184
Cedar Creek Golf Club,,,,,,,,,,,,,,,,,,,,,,,,,,,,,,,,,,no,,,,,,,503702.43380501814,39.88647736002668,-74.20312904392581,New Jersey,NJ00100
Cranbury Golf Club,,,,,,,,,,,,,,,NJ2002LULC,,,,,,,,,,,,,,,,,,,,,,,,,,502653.0222689067,40.28110180342821,-74.59403174617113,New Jersey,NJ00187
Seaview Golf Club Bay Course,,,,,,,,,,,,,,,,,,,,,,,,,,,,,,,,,,,,,,,,,499334.08641899814,39.449511555968236,-74.46729146049591,New Jersey,NJ00326
Seaview Golf Club Bay Course,,,,,,,,,,,,,,,,,,,,,,,,,,,,,,,,,,,,,,,,,499334.08641899814,39.449511555968236,-74.46729146049591,New Jersey,NJ00325
Sunset Valley Golf Course,,,,,,,,,,,,,,,NJ2002LULC,,,,,,,,,,,,,grass,,,,,,,,,,,,,497166.1594490631,40.9634208272815,-74.32725704307906,New Jersey,NJ00145
Unknown Golf Course,,,,,,,,,,,,,,,,,,,,,,,,golf,,,,,,,,,,,,multipolygon,,,,,492203.47780729015,41.01582951575673,-74.82662770470901,New Jersey,NJ00057
Pebble Creek Golf Club,,,,,,,,,,,,,,,NJ2002LULC,,,,,,,,,,,,,,,,,,,,,,,,,,490576.7497094071,40.282846924756896,-74.16640291913205,New Jersey,NJ00170
Valleybrook Golf Club,Blackwood,200,08012,NJ,Golfview Drive,,,,,,,,,,,,,,,,,,,,,,,,,,,,,,,multipolygon,,,,,489404.7064277659,39.818200364670375,-75.05765310719055,New Jersey,NJ00068
Unknown Golf Course,,,,,,,,,,,,,,,NJ2002LULC,,,,,,,,,,,,,,,,,,,,,,,,,,489269.05370039045,41.02619322624714,-74.004013908585,New Jersey,NJ00119
Unknown Golf Course,,,,,,,,,,,,,,,,,,,,,,,,,,,,,,,,,,,,,,,,,481188.42691292154,40.81606960367226,-74.2746959394318,New Jersey,NJ00287
Unknown Golf Course,,,,,,,,,,,,,,,NJ2002LULC,,,,,,,,,,,,,,,,,,,,,,,,,,475123.84290122334,40.47695315398894,-74.76983269961485,New Jersey,NJ00306
Coakley-Russo Memorial Golf Course,,,,,,,,,,,,,,,,,,,,,,,,,,,,,,,,,,,,,,,,,474237.1128900034,40.665323564750686,-74.55376531204307,New Jersey,NJ00290
Metuchen Golf and Country Club,,,,,,,,,,,,1915,https://www.metuchengolf.com/,,,,,,,,,,,,,,,,,,,,,,,,,,,,470799.4464989553,40.559455631055066,-74.36382422387032,New Jersey,NJ00129
Forest Hills Field Club,,,,,,,,,,,,,,,NJ2002LULC,,,,,,,,,,,,,,,,,,,,,,,,,,468935.44736161403,40.80174435327689,-74.17848734168744,New Jersey,NJ00185
Unknown Golf Course,,,,,,,,,,,,,,,NJ2002LULC,,,,,,,,,,,,,,,,,,,,,,,,,,465227.28696359176,39.58917829035117,-74.95240370943161,New Jersey,NJ00233
East Orange Golf Course,,,,,,,,,,,,,,,,,,,,,,,,,,,,,,,,,,,,multipolygon,,,,,462729.85212162085,40.75273713122347,-74.34464790902618,New Jersey,NJ00021
Pinchbrook Golf Course,Florham Park,234,07932,NJ,Ridgedale Avenue,+1-973-377-2039,,,,,,,https://www.pinchbrookgc.com/,,NJ2002LULC,,,,,,,,,,,,,,,,,,,,,,,,,,461059.46988483926,40.79594750683265,-74.38639879637512,New Jersey,NJ00216
Princeton Country Club,,,,,,,,,,,,,,,Bing,,,,,,,,,,,,,,,,,,,,,multipolygon,,,,,457579.29556653707,40.31216668386223,-74.67251176527967,New Jersey,NJ00075
Paramus Golf Course,Paramus,314,07652,NJ,Paramus Road,+1-201-447-6079,,,,,,,https://www.paramusgolfcourse.com/,,Yahoo,,,,,,,,,,,,,,,,,,,,,,,,,,455299.82296732266,40.945824543941974,-74.08849536058705,New Jersey,NJ00266
Unknown Golf Course,,,,,,,,,,,,,,,,,,,,,,,,,,,,,,,,,,,,multipolygon,,,,,453003.10291909374,40.152409603595856,-74.1245609067488,New Jersey,NJ00058
Unknown Golf Course,,,,,,,,,,,,,,,NJ2002LULC,,,,,,,,,,,,,,,,,,,,,multipolygon,,,,,444912.4796488883,40.90682741469829,-74.28096426816774,New Jersey,NJ00054
The Shore Club,,,,,,,,,,,,,https://myshoreclub.com/,,,,,,,Wildwood Golf Club,,,,,,,,,,,,,,,,multipolygon,,,,,444021.5143839605,39.05283782509672,-74.83577658043299,New Jersey,NJ00061
Colonia Country Club,Rahway,300,07067,,Colonia Boulevard,+1 732 381 9500,,,,,,,http://coloniacc.net/,,,,,,,,,,,,,,,,,,,,,,,,,,,,441167.5092565066,40.5874414331959,-74.30342259584084,New Jersey,NJ00126
Green Tree Golf Course,,,,,,,,,,,,,,,,,,,,,,,,,,,,,,,,,,,,,,,,,439709.3806749642,39.401182454524395,-74.71018517371455,New Jersey,NJ00089
Glen Ridge Country Club,Glen Ridge,555,07028,NJ,Ridgewood Avenue,,,,,,,,https://glenridgecc.com/,,NJ2002LULC,,,,,,,,,,,,,,,,,,,,,multipolygon,,,,,439576.4757298555,40.82145355295698,-74.18944064321174,New Jersey,NJ00070
Unknown Golf Course,,,,,,,,,,,,,,,NJ2002LULC,,,,,,,,,,,,,,,,,,,,,,,,,,439384.9866015131,40.68740192199545,-74.2566769218063,New Jersey,NJ00135
Minebrook Golf Course,,,,,,,,,,,,,,,NJ2002LULC,,,,,,,,,,,,,,,,,,,,,,,,,,437858.8112425023,40.8343373357657,-74.817235787856,New Jersey,NJ00249
Valley Brook Golf Course,,,,,,,,,,,,,,,,,,,,,,,,,,,,,,,,,,,,multipolygon,,,,,436737.5196932159,40.985949717664184,-74.00018029088633,New Jersey,NJ00048
Warrenbrook Golf Course,,,,,,,,,,,,,,,NJ2002LULC,,,,,,,,,,,,,,,,,,,,,,,,,,435734.5718529993,40.613269812173236,-74.48410306654475,New Jersey,NJ00167
Golden Pheasant Golf Course,,,,,,,,,,,,,,,NJ2002LULC,,,,,,,,,,,,,,,,,,,,,,,,,,433152.00513374124,39.9390019412698,-74.79791222720743,New Jersey,NJ00229
Burlington County Golf,,,,,,,,,,,,,,,NJ2002LULC,,,,,,,,,,,,,,,,,,,,,,,,,,427748.1427983716,40.041057602940086,-74.76480468823205,New Jersey,NJ00221
Peddie School Golf Course,,,,,,,,,,,,,,,NJ2002LULC,,,,,,,,,,,,,,,,,,,,,,,,,,425130.96128046664,40.25402056689159,-74.52292752919527,New Jersey,NJ00192
Maplewood Country Club,,,,,,,,,,,,,,,,,,,,,,,,,,,,,,,permissive,,,,,,,,,,423272.733586802,40.72557829846607,-74.28053920384643,New Jersey,NJ00128
Kresson Golf Course,,,,,,,,,,,,,,,,Q6436827,,,,,,,,,,,,,,,,,,,,,,,,,422824.0015012276,39.845791111297665,-74.93179181896927,New Jersey,NJ00097
Unknown Golf Course,,,,,,,,,,,,,,,NJ2002LULC,,,,,,,,,,,,,,,,,,,,,,,,,,419935.6296739254,39.846627324387356,-74.87569966325049,New Jersey,NJ00303
Beacon Hill Country Club,,,,,,,,,,,,,,,NJ2002LULC,,,,,,,,,,,,,,,,,,,,,,,,,,407394.4772052041,40.407601873083735,-74.05180687637,New Jersey,NJ00214
Unknown Golf Course,,,,,,,,,,,,,,,NJ2002LULC,,,,,,,,,,,,,,,,,,,,,,,,,,402968.2739920814,40.804784160023424,-75.02866889371269,New Jersey,NJ00242
Lake Mohawk Golf Club,,,,,,,,,,,,,,,,,,,,,,,,,,,,,,,,,,,,,,,,,402250.3354400448,41.01748790144408,-74.66742521087573,New Jersey,NJ00271
Renaissance Golf Course,,,,,,,,,,,,,https://www.renaissancegolfcourse.com,,,,,,,,,,,,,,,,,,,,,,,multipolygon,,,,,390333.00313122943,40.041711589809466,-74.26740040215225,New Jersey,NJ00012
Unknown Golf Course,,,,,,,,,,,,,,,,,,,,,,,,,,,,,,,,,,,,multipolygon,,,,,383873.30266631144,40.03350439218905,-74.56804877268907,New Jersey,NJ00043
Unknown Golf Course,,,,,,,,,,,,,,,NJ2002LULC,,,,,,,,,,,,,,,,,,,,,,,,,,377980.5330728892,40.30374943187499,-74.23651445256559,New Jersey,NJ00171
Unknown Golf Course,,,,,,,,,,,,,,,NJ2002LULC,,,,,,,,,,,,,,,,,,,,,,,,,,375219.2335779502,41.30670012749846,-74.75504669541662,New Jersey,NJ00191
Unknown Golf Course,,,,,,,,,,,,,,,,,,,,,,,,,,,,,,,,,,,,,,,,,372788.39934001473,41.01358465000206,-74.01597895085246,New Jersey,NJ00111
Deer Run Golf Club,,,,,,,,,,,,,,,,,,,,,,,,,,,,,,,,,,,,,,,,,372563.0865594283,40.91565869041933,-74.32405609015518,New Jersey,NJ00317
Unknown Golf Course,,,,,,,,,,,,,,,,,,,,,,,,,,,,,,,,,,,,,,,,,366941.0698774545,39.39138746016641,-75.22390545408666,New Jersey,NJ00316
Frog Rock Golf and Country Club,,,,,,,,,,,,,,,,,,,,,,,,,,,,,,,,,,,,,,,,,366045.9714525187,39.6264998819722,-74.7609453305206,New Jersey,NJ00218
Weequahic Golf Course,,,,,,,,,,,,,,,NJ2002LULC,,,,,,,,,,,,,,,,,,,,,,,,,,363178.17954623175,40.69677814680634,-74.20685476707295,New Jersey,NJ00183
Hyatt Hills Golf Complex,Clark,1300,07066,NJ,Raritan Road,+1 732 669 9100,,,,,,,https://www.hyatthills.com,,NJ2002LULC,,,,,,,,,,,,,,,,,,,,,,,,,,351879.72417003365,40.63437767328129,-74.30892072798889,New Jersey,NJ00150
Unknown Golf Course,,,,,,,,,,,,,,,,,,,,,,,,,,,,,,,,,,,,,,,,,339304.63136777055,40.018696176634386,-74.62972723751825,New Jersey,NJ00310
Unknown Golf Course,,,,,,,,,,,,,,,,,,,,,,,,,,,,,,,,,,,,,,,,,335172.7721364518,40.029407446660606,-74.58011501632129,New Jersey,NJ00309
Picatinny Arsenal Golf Course,,,,,,,,,,,,,,,,,,,,,,,,,,,,,,,,,,,,multipolygon,,,,,330686.1307950924,40.936940601040966,-74.56871316811431,New Jersey,NJ00045
Bel-Aire Golf Course,,,,,,,,,,,,,,,NJ2002LULC,,,,,,,,,,,,,,,,,,,,,,,,,,329710.7667297992,40.152749136822784,-74.0921707371008,New Jersey,NJ00301
Unknown Golf Course,,,,,,,,,,,,,,,NJ2002LULC,,,,,,,,,,,,,,,,,,,,,,,,,,328612.05637992104,40.30962139526183,-74.46647217457952,New Jersey,NJ00124
Unknown Golf Course,,,,,,,,,,,,,,,NJ2002LULC,,,,,,,,,,,,,,,,,,,,,,,,,,328612.05637992104,40.30962139526183,-74.46647217457952,New Jersey,NJ00125
Unknown Golf Course,,,,,,,,,,,,,,,NJ2002LULC,,,,,,,,,,,,,,,,,,,,,,,,,,327511.07861139684,40.32548156285103,-74.44495904311894,New Jersey,NJ00138
Salem Country Club,,,,,,,,,,,,,,,Bing,,,,,,,,,,,,,,,,,,,,,,,,,,323803.31283171056,39.558975441730404,-75.51193928830065,New Jersey,NJ00331
Black Oak Golf Club,,,,,,,,,,,,,,,,,,,,,,,,,,,,,,,,,,,,,,,,,319623.7835227611,40.80249410584567,-74.73381429215391,New Jersey,NJ00289
Ocean County Golf Course at Forge Pond,,,,,,,,,,,,,,,,,,,,,,,,,,,,,,,,,,,,,,,,,311998.8322036159,40.070330405252264,-74.14493991515289,New Jersey,NJ00102
Ocean County Golf Course at Forge Pond,,,,,,,,,,,,,,,,,,,,,,,,,,,,,,,,,,,,,,,,,311998.8322036159,40.070330405252264,-74.14493991515289,New Jersey,NJ00103
Unknown Golf Course,,,,,,,,,,,,,,,NJ2002LULC,,,,,,,,,,,,,,,,,,,,,,,,,,307010.0803382529,41.03585583836905,-74.70839214948535,New Jersey,NJ00195
Pine Brook Golf Course,Manalapan Township,,07726,NJ,,,,Monmouth County Park System,,,,,,,NJ2002LULC,,,,,,,,,,,,,,,,,,,,,,,,,,305014.17656204046,40.32736535599233,-74.31199221672557,New Jersey,NJ00188
Unknown Golf Course,,,,,,,,,,,,,,,NJ2002LULC,,,,,,,,,,,,,,,,,,,,,,,,,,298506.18099716137,40.54199095337596,-74.46085477484178,New Jersey,NJ00178
Unknown Golf Course,,,,,,,,,,,,,,,NJ2002LULC,,,,,,,,,,,,,,,,,,,,,,,,,,298506.18099716137,40.54199095337596,-74.46085477484178,New Jersey,NJ00179
Toms River Country Club,Toms River,419,08753,NJ,Washington Street,,,,,,,,,,,,,,,,,,,,,,,,,,,,,,,,,,,,288267.9093739135,39.94968388177461,-74.1822786202373,New Jersey,NJ00320
Unknown Golf Course,,,,,,,,,,,,,,,NJ2002LULC,,,,,,,,,,,,,,,,,,,,,,,,,,287575.3700151256,40.02075973693085,-74.63393054858123,New Jersey,NJ00239
Medford Lakes Country Club,Medford Lakes,70,08055,NJ,Oak Drive,,,Medford Lakes Country Club,18_hole,,,,,,NJ2002LULC;https://mlcc1929.com/Golf/Course_Tour,,,,,,,,71,,,,,,,,,,,,,,,,,,285737.97799759574,39.85918659221127,-74.79242670673949,New Jersey,NJ00228
Lawrenceville School golf course,,,,,,,,,,,,,,,,,,,,,,,,,,,,,,,,,,,,multipolygon,,,,,285446.2501835107,40.2985937198012,-74.7247804714377,New Jersey,NJ00025
Orchard Hills Golf Course,Paramus,404,07652,NJ,Paramus Road,+1 201 447 3782,,,,,,,https://golfbergencounty.com/,,Yahoo,,,,,,,,,,,,,,US,,,,,,,,,,,,261106.14014595601,40.95304598637194,-74.0885715888685,New Jersey,NJ00265
Sakima Country Club,,,,,,,,,,,,,,,NJ2002LULC,,,,,,,,,,,,,,,,,,,,,,,,,,253001.59377888663,39.70034661547939,-75.47224250548847,New Jersey,NJ00234
Unknown Golf Course,,,,,,,,,,,,,,,NJ2002LULC,,,,,,,,,,,,,,,,,,,,,,,,,,251977.9938189285,40.18661190859027,-74.1539832747515,New Jersey,NJ00176
Abandoned Stonybrook Golf Course,,,,,,,,,,,,,,,NJ2002LULC,,,,,,,,,,,,,,,,,,,,,,,,,,246046.20516955305,40.376529984563,-74.78749011788608,New Jersey,NJ00206
Fairway Valley Golf Club,Washington,76,07882,,Mine Hill Road,+1 908-689-1530,,,,,,,http://www.fairwayvalleygolfclub.com/,,NJ2002LULC,,,,,,,,,,,,,,,,,,,,,,,,,,238189.2499041431,40.780813187726274,-74.99120143130948,New Jersey,NJ00196
Fairway Mews Golf Club,,,,,,,,,,,,,,,NJ2002LULC,,,,,,,,,,,,,,,,,,,,,,,,,,235080.73162858732,40.15478707930244,-74.04248800438192,New Jersey,NJ00139
Unknown Golf Course,,,,,,,,,,,,,,,,,,,,,,,,,,,,,,,,,,,,,,,,,231474.200926527,40.914868186155466,-74.24854356539822,New Jersey,NJ00285
Moorestown Field Club,,,,,,,,,,,,,,,,,,,,,,,,,,,,,,,,,,,,,,,,,223074.93667951605,39.97763844303673,-74.94481491335809,New Jersey,NJ00105
Sky View Golf & Banquets,,,,,,,,,,,,,,,NJ2002LULC,,,,,,,,,,,,,,,,,,,,,,,,,,218931.57989062366,41.05558024259536,-74.64776583355257,New Jersey,NJ00244
Old Tappan Golf Club,,,,,,,,,,,,,,,NJ2002LULC,,,,,,,,,,,,,,,,,,,,,,,,,,218412.4122653626,41.02403589105637,-73.9817420798067,New Jersey,NJ00118
Unknown Golf Course,,,,,,,,,,,,,,,NJ2002LULC,,,,,,,,,,,,,,,,,,,,,,,,,,214115.12562359724,40.20771821827652,-74.16047955653117,New Jersey,NJ00155
Packanack Golf Club,Wayne,7,07470,NJ,Osborne Terrace,,,,,,,,,,,,Packanack Golf Course,,,,,,,,,,,,,,,,,,,,,,,,213873.72911397056,40.93076425257431,-74.26028245304184,New Jersey,NJ00283
Unknown Golf Course,,,,,,,,,,,,,,,NJ2002LULC,,,,,,,,,,,,,,,,,,,,,,,,,,210873.89625990146,39.501616374886545,-74.92254507747856,New Jersey,NJ00213
Merchantville Country Club,,,,,,,,,,,,,,,NJ2002LULC,Q1568227,,,,,,,,,,en:Merchantville Country Club,,,,,,,,,,multipolygon,,,,,208635.1489897923,39.942826647741185,-75.0446894912137,New Jersey,NJ00063
Blair Golf Course,Blairstown,2,,,Park Street,,,Blair Academy,,,,,,,,,,,,,,,,,,,,,,,,,,,,multipolygon,,,,,192118.18256313325,40.98788667040629,-74.96957185088561,New Jersey,NJ00073
Mount Tabor Golf Course,,,,,,,,,,,,,,,NJ2002LULC,,,,,,,,,,,,,,,,,,,,,,,,,,187694.575047,40.872332726655976,-74.47334789114014,New Jersey,NJ00114
Hidden Acres golf Course,,,,,,+1-973-948-2000,,,9_hole,,,,https://hiddenacresgolfnj.com/,,NJ2002LULC,,,,recreation_ground,,"14 Ayers Rd, Hainesville, NJ, United States, New Jersey",https://www.facebook.com/people/Hidden-Acres-Golf-Course/100063669308976/,35,,,,,,,,,,,,,,,,,,185807.9954077952,41.26343121075537,-74.80800353199874,New Jersey,NJ00194
Pomona Golf Club,Pomona,400,08215,NJ,West Moss Mill Road,+1-609-965-3232,,,,,,,,,NJ2002LULC,,,,,,,,,,,,,,,,,,,,,,,,,,184349.0289670018,39.51918533782744,-74.54918651251971,New Jersey,NJ00245
Ramsey Golf and Country Club,,,,,,,,,,,,,,,NJ2002LULC,,,,,,,,,,,,,,,,,,,,,,,,,,183888.87647514755,41.05033608278169,-74.13381640625177,New Jersey,NJ00144
Greenbriar Woodlands Golf Club,,,,,,,,,,,,,,,,,,,,,,,,,,,,,,,,,,,,multipolygon,,,,,182757.35658846257,40.03039659844514,-74.19168725552333,New Jersey,NJ00067
Unknown Golf Course,,,,,,,,,,,,,,,NJ2002LULC,,,,,,,,,,,,,,,,,,,,,,,,,,181833.75125362727,40.229282852061324,-74.03299738599966,New Jersey,NJ00131
Unknown Golf Course,,,,,,,,,,,,,,,Bing,,,,,,,,,,,,,,,,,,,,,,,,,,179950.77250231913,40.47915417830617,-74.48881743198395,New Jersey,NJ00321
B L England Golf Course,,,,,,,,,,,,,,,,,,,,,,,,,,,,,,,,,,,,,,,,,178649.99813301268,39.2846999047199,-74.63424368198035,New Jersey,NJ00094
Unknown Golf Course,,,,,,,,,,,,,,,NJ2002LULC,,,,,,,,,,,,,,,,,,,,,,,,,,174199.69592752296,40.92954102826418,-74.57344673867495,New Jersey,NJ00252
Unknown Golf Course,,,,,,,,,,,,,,,NJ2002LULC,,,,,,,,,,,,,,,,,,,,,,,,,,174199.69592752296,40.92954102826418,-74.57344673867495,New Jersey,NJ00251
Unknown Golf Course,,,,,,,,,,,,,,,NJ2002LULC,,,,,,,,,,,,,,,,,,,,,,,,,,170456.13075274814,41.30087653507861,-74.76614835366877,New Jersey,NJ00189
Unknown Golf Course,,,,,,,,,,,,,,,NJ2002LULC,,,,,,,,,,,,,,,,,,,,,,,,,,161696.5556004175,39.86276531208141,-74.79287382233811,New Jersey,NJ00224
Plainfield West Nine,Edison,,,NJ,,+1-908-769-3672,,Plainfield Country Club,,,,,https://www.castnergolf.com/plainfield-west-9/,,,,,,,,,,,,,,,,,,,,,,,,,,,,156045.6047706788,40.59901544632605,-74.39259290056341,New Jersey,NJ00181
Unknown Golf Course,,,,,,,,,,,,,,,NJ2002LULC,,,,,,,,,,,,,,,,,,,,,,,,,,154934.8136222888,39.45871848099083,-74.95239427252983,New Jersey,NJ00230
Culver Lake Golf Course,,,,,,,Mo-Fr 07:00-21:00; Fr 07:00-21:30; Sa 06:30-21:30; Su 06:30-21:00,,,,,,,,NJ2002LULC,,,,,,,,,,,,,,,,,,,,,,,,,,153100.96961642843,41.16422042138667,-74.76743052003933,New Jersey,NJ00193
Unknown Golf Course,,,,,,,,,,,,,,,NJ2002LULC,,,,,,,,,,,,,,,,,,,,,,,,,,143982.01221718406,39.168782733015526,-74.7601635939122,New Jersey,NJ00208
Unknown Golf Course,,,,,,,,,,,,,,,NJ2002LULC,,,,,,,,,,,,,,,,,,,,,,,,,,132450.3094191135,41.307532124523455,-74.76282965899733,New Jersey,NJ00190
Shady Rest Country Club,,820,,,Jerusalem Road,,,,,Historic Shady Rest Golf and Country Club.,,,,,NJ2002LULC,Q113363314,,,,,,,,,,en:Shady Rest Country Club,,,,,,,,,,,,,,,132137.30452855988,40.65719564171702,-74.37577955039889,New Jersey,NJ00151
Unknown Golf Course,,,,,,,,,,,,,,,,,,,,,,,,,,,,,,,,,,,,,,,,,128992.01940121726,40.034914162063615,-74.17403868219037,New Jersey,NJ00240
Unknown Golf Course,,,,,,,,,,,,,,,NJ2002LULC,,,,,,,,,,,,,,,,,,,,,,,,,,127700.06581569534,40.57572091187108,-74.81030389257062,New Jersey,NJ00202
Unknown Golf Course,,,,,,,,,,,,,,,NJ2002LULC,,,,,,,,,,,,,,,,,,,,,,,,,,126707.65776285918,39.827004174980054,-74.86198025346451,New Jersey,NJ00223
Unknown Golf Course,,,,,,,,,,,,,,,NJ2002LULC,,,,,,,,,,,,,,,,,,,,,,,,,,120142.05217424328,40.395067408816615,-74.70603039983494,New Jersey,NJ00201
Ramsey Golf and Country Club,,,,,,,,,,,,,,,NJ2002LULC,,,,,,,,,,,,,,,,,,,,,,,,,,119844.85914897636,41.04752323154508,-74.13755926987962,New Jersey,NJ00142
Unknown Golf Course,,,,,,,,,,,,,,,,,,,,,,,,,,,,,,,,,,,,multipolygon,,,,,114397.29405933814,39.06995866253762,-74.82208529501966,New Jersey,NJ00062
Unknown Golf Course,,,,,,,,,,,,,,,NJ2002LULC,,,,,,,,,,,,,,,,,,,,,,,,,,113202.42068597645,40.35204686512409,-74.09637706810794,New Jersey,NJ00172
Ocean City Golf Course,,,,,,,,,,,,,,,,,,,,,,,,,,,,,,,,,,,,,,,,,111028.41134100266,39.266232617069164,-74.60180151472352,New Jersey,NJ00272
Unknown Golf Course,,,,,,,,,,,,,,,Bing,,,,,,,,,,,,,,,,,,,,,,,,,,109949.22730135366,39.51518174335429,-74.98393792203711,New Jersey,NJ00327
Lake Lackawanna Golf Course,Stanhope,131,,,Lake Dr,,,,,,,,,,NJ2002LULC,,,,,,,,,,,,,,,,,,,,,,,,,,103758.80903742384,40.94927674964768,-74.69584335127895,New Jersey,NJ00116
Washington Township Municipal Golf Course,Blackwood,197,08012,NJ,Fries Mill Road,,,,,,,,,,NJ2002LULC,,,,,,,,,,,,,,,,,,,,,,,,,,101660.75012449166,39.734489517423995,-75.05081765429766,New Jersey,NJ00211
Unknown Golf Course,,,,,,,,,,,,,,,NJ2002LULC,,,,,,,,,,,,,,,,,,,,,,,,,,101072.12518386325,40.398758985833624,-74.71745340505615,New Jersey,NJ00200
Raintree Golf Course,,,,,,,,,,,,,,,NJ2002LULC,,,,,,,,,,,,,,,,,,,,,,,,,,94674.06535626248,40.24417271836288,-74.31030723483333,New Jersey,NJ00122
Unknown Golf Course,,,,,,,,,,,,,,,,,,,,,,,,,,,,,,,,,,,,,,,,,88654.67773576605,40.039154780636984,-74.17155707170978,New Jersey,NJ00314
Unknown Golf Course,,,,,,,,,,,,,,,,,,,,,,,,,,,,,,,,,,,,,,,,,87335.27609889486,40.39316745812319,-74.71081832797559,New Jersey,NJ00339
Twin Willows Par 3 Golf,,,,,,,,,,,,,,,,,,,,,,,,,,,,,,,,,,,,,,,,,86170.28112515222,40.93016461123883,-74.29172591971991,New Jersey,NJ00282
Unknown Golf Course,,,,,,,,,,,,,,,,,,,,,,,,golf,,,,,,,,,,,,,,,,,79768.7624173863,40.796172609690544,-74.74009177201742,New Jersey,NJ00273
Minerals Family Golf Center,,,,,,,,,,,,,,,,,,,,,,,,,,,,,,,,,,,,,,,,,79405.76066028935,41.18011497746357,-74.52258220990208,New Jersey,NJ00280
Minerals Family Golf Center,,,,,,,,,,,,,,,,,,,,,,,,,,,,,,,,,,,,,,,,,69375.23437838683,41.18133664474287,-74.524684348059,New Jersey,NJ00278
Unknown Golf Course,,,,,,,,,,,,,,,,,,,,,,,,,,,,,,,,,,,,,,,,,65113.97490749041,40.74554298645446,-74.3414115134885,New Jersey,NJ00311
Golf 23 Driving Range,,,,,,,,,,,,,,,NJ2002LULC,,,,,,,,,,,,,,,,,,,,,,,,,,56065.46924304244,40.964714504670674,-74.28235202643882,New Jersey,NJ00147
Unknown Golf Course,,,,,,,,,,,,,,,NJ2002LULC,,,,,,,,,,,,,,,,,,,,,,,,,,54835.648118357225,40.63414543471707,-74.78168675591063,New Jersey,NJ00263
Unknown Golf Course,,,,,,,,,,,,,,,NJ2002LULC,,,,,,,,,,,,,,,,,,,,,,,,,,53834.08079926724,40.30305807496799,-74.47518060731655,New Jersey,NJ00120
Unknown Golf Course,,,,,,,,,,,,,,,,,,,,,,,,,,,,,,,,,,,,,,,,,53340.68981726211,40.029884913463256,-74.15095138763328,New Jersey,NJ00313
Willowbrook Golf Center,Wayne,366,07470,NJ,US-46,,,,,,,,,,NJ2002LULC,,,,,,,,,,,,,,,,,,,,,,,,,,49310.083384022364,40.89287289731032,-74.24722690757814,New Jersey,NJ00146
Golf Land,Voorhees,,,,Haddonfield-Berlin Road,,,,,,,,,,NJ2002LULC,,,,,,,,,,,,,,,,,,,,,,,,,,48168.01209160515,39.850668815029465,-74.97762934760527,New Jersey,NJ00207
Unknown Golf Course,,,,,,,,,,,,,,,NJ2002LULC,,,,,,,,,,,,,,,,,,,,,,,,,,46658.30741905446,39.78660178715844,-74.99881415574669,New Jersey,NJ00225
Pines Course,,,,,,,,Leisure Village West Association,9_hole,,,,,,NJ2002LULC,,,,,,,,,,,,,,,,private,,,,Leisure Village West Association,,,,,,42125.63345780858,40.01299001273274,-74.28412425051789,New Jersey,NJ00241
Essex Family Golf Center,,,,,,,,,,,,,,,,,,,,,,,,,,,,,,,,,,,,,,,,,41989.23726743332,40.827932603026255,-74.32943284930921,New Jersey,NJ00163
Unknown Golf Course,,,,,,,,,,,,,,,,,,driving_range,,,,,,,,,,,,,,,,,,multipolygon,,,,,35928.05602018868,40.276000934789735,-74.17438180224224,New Jersey,NJ00076
Unknown Golf Course,,,,,,,,,,,,,,,NJ2002LULC,,,,,,,,,,,,,,,,,,,,,,,,,,35681.28988157963,40.24528840572681,-74.76842510700281,New Jersey,NJ00323
Unknown Golf Course,,,,,,,,,,,,,,,NJ2002LULC,,,,,,,,,,,,,,,,,,,,,,,,,,34984.88409664019,39.84599838241108,-74.8919800364174,New Jersey,NJ00304
Unknown Golf Course,,,,,,,,,,,,,,,NJ2002LULC,,,,,,,,,,,,,,,,,,,,,,,,,,32183.35589634962,40.39464289558593,-74.70701767705359,New Jersey,NJ00199
Unknown Golf Course,,,,,,,,,,,,,,,NJ2002LULC,,,,,,,,,,,,,,,,,,,,,,,,,,30801.33015820799,39.79078400034365,-75.01174099930428,New Jersey,NJ00226
Willis Athletics Training Center at Raritan Golf Range,Raritan,101,08869,NJ,Orlando Drive,,,,,,,,,,NJ2002LULC,,,,,,,,,,,,,,,,,,,,,,,,,,28328.353384478774,40.56562934858746,-74.62688727438234,New Jersey,NJ00165
Unknown Golf Course,,,,,,,,,,,,,,,NJ2002LULC,,,,,,,,,,,,,,,,,,,,,,,,,,27881.063270463277,39.828847632693076,-74.86660860639246,New Jersey,NJ00222
Unknown Golf Course,,,,,,,,,,,,,,,NJ2002LULC,,,,,,,,,,,,,,,,,,,,,,,,,,26756.507848213565,39.794805904659924,-75.00966750370287,New Jersey,NJ00227
Willow Course,,,,,,,,Leisure Village West Association,9_hole,,,,,,,,,,,,,,,,,,,,,,private,,,,Leisure Village West Association,,,,,,25902.63805288902,40.01637979761654,-74.27669602513488,New Jersey,NJ00328
Unknown Golf Course,,,,,,,,,,,,,,,,,,,,,,,,,,,,,,,,,,,,,,,,,22631.146950866205,39.94806637719615,-74.98201860822508,New Jersey,NJ00308
Unknown Golf Course,,,,,,,,,,,,,,,NJ2002LULC,,,,,,,,,,,,,,,,,,,,,,,,,,22168.198718289266,40.57912811868308,-74.8069234663625,New Jersey,NJ00203
Unknown Golf Course,,,,,,,,,,,,,,,,,,,,,,,,,,,,,,,,,,,,,,,,,20037.31182036285,40.35132080756836,-74.09443921548261,New Jersey,NJ00319
Unknown Golf Course,,,,,,,,,,,,,,,NJ2002LULC,,,,,,,,,,,,,,,,,,,,,,,,,,18825.170402248477,40.39406105957638,-74.70248972743163,New Jersey,NJ00197
First Tee Course,,,,,,,,First Tee of the Jersey Shore,,,,,,,,,,,,,,,,,,,,,,,,,,,,,,,,,14911.0354834943,40.09063034497747,-74.18840655009186,New Jersey,NJ00338
Unknown Golf Course,,,,,,,,,,,,,,,,,,,,,,,,,,,,,,,,,,,,,,,,,13079.606858050598,39.78683371047107,-75.00997060194838,New Jersey,NJ00305
Unknown Golf Course,,,,,,,,,,,,,,,Bing,,,,,,,,,,,,,,,,,,,,,,,,,,12408.739828623982,39.45423056031266,-74.98696201398242,New Jersey,NJ00329
Cooper River Driving Range,,,,,,,,,,,,,,,NJ2002LULC,,,,,,,,,,,,,,,,,,,,,,,,,,10950.026263076836,39.92869525338071,-75.08452697747866,New Jersey,NJ00286
Minerals Family Golf Center,,,,,,,,,,,,,,,,,,,,,,,,,,,,,,,,,,,,,,,,,10186.667461005356,41.17794391068901,-74.52088147406879,New Jersey,NJ00279
