addr:city,addr:housenumber,addr:postcode,addr:state,addr:street,description,golf:course,golf:links,golf:par,name,operator,phone,access,source,website,gnis:feature_id,old_name,alt_name,magic:DESC_,sport,wikidata,wikipedia,magic:CATEGORY,note,email,start_date,opening_hours,owner,ownership,bar,carts,cost,driving_range,food,holes,membership,smoking,abandoned,fax,type,golf:course:tee_names,golf:length:blue,golf:length:gold,golf:length:green,golf:length:white,golf:length_unit,golf:stroke_index,url,operator:type,operator:wikidata,operator:wikipedia,area_m2,lat,lon,province,gcid
,,,,,"Two 18-hole courses; North Course is public, South Course is private",18;18,North Course;South Course,72;72,Lake of Isles,,,,,,,,,,,,,,,,,,,,,,,,,,,,,,,,,,,,,,,,,,3454499.320146609,41.48480818107436,-71.94664628377215,Connecticut,CT00174
Middlefield,70,06455,CT,Lyman Road,,18;18;9,Jones Course; Player Course; Appple Nine,72;71;29,Lyman Orchards Golf Club,,860-349-6031,,,https://www.lymangolf.com/,1923954,,,,,,,,,,,,,,,,,,,,,,,,multipolygon,,,,,,,,,,,,1644980.9744312435,41.49266459027083,-72.71160388011212,Connecticut,CT00032
Farmington,87,06032,CT,Town Farm Road,,,,,Tunxis Plantation Country Club,,860-677-1367,,University of Connecticut (http://magic.lib.uconn.edu/connecticut_data.html),https://www.tunxisgolf.com/,,,,,,,,,,,,,,,,,,,,,,,,,multipolygon,,,,,,,,,,,,1519642.8849432194,41.7390162727482,-72.82934353513598,Connecticut,CT00017
Fairfield,2390,06825,CT,Easton Tpke,"Comprises two 18-hole courses, Red and Black",18;18,Red;Black,72:71,Fairchild Wheeler Golf Course,City of Bridgeport,+1-203-3735911,,,,,,,,,,,,,,,,,,,,,,,,,,,,,,,,,,,,,,,,1395156.195941746,41.214488725034386,-73.2407862593962,Connecticut,CT00038
Fairfield,2390,06825,CT,Easton Tpke,"Comprises two 18-hole courses, Red and Black",18;18,Red;Black,72:71,Fairchild Wheeler Golf Course,City of Bridgeport,+1-203-3735911,,,,,,,,,,,,,,,,,,,,,,,,,,,,,,,,,,,,,,,,1395156.195941746,41.214488725034386,-73.2407862593962,Connecticut,CT00037
,,,,,,18,,72,Bull's Bridge Golf Club,,,,,,,,,,,,,,,,,,,,,,,,,,,,,,,,,,,,,,,,,,1381643.603217113,41.67103194325261,-73.48307897750496,Connecticut,CT00186
Hebron,180,06248,CT,West Street,,18;18,Andersons Glen Course; Gilead Highlands Course,72;72,Blackledge Country Club,,+1 860 228 0250,,,https://www.blackledgecc.net,,,,,,,,,,Kevin@blackledgecc.net,,,,,,,,,,,,,,,,,,,,,,,,,,,1114479.8143205498,41.68102495140424,-72.44335834888574,Connecticut,CT00097
Waterbury,1,06708,CT,Oronoke Road,"Private, Members Or Owners Only",,,,Country Club Of Waterbury,,203-753-4171,,University of Connecticut (http://magic.lib.uconn.edu/connecticut_data.html),https://www.ccwaterbury.com/,,,,,,,,,,,,,,,,,,,,,,,,,,,,,,,,,,,,,1077298.0280709642,41.53289131365065,-73.07210215515155,Connecticut,CT00114
,,,,,Golf course and residential houses,18,,71,The Club at River Oaks,,,,,,,,,,,,,,,,,,,,,,,,,,,,,,,,,,,,,,,,,,1042884.1335673946,41.653177856677914,-73.49454681480691,Connecticut,CT00162
East Haddam,1,06423,CT,Hopyard Road,,18,,71,Fox Hopyard Golf Club,,860-434-6644,,,https://golfthefox.com/fox-hopyard/,,,,,,,,,,,,,,,,,,,,,,,,,,,,,,,,,,,,,1026775.1305146817,41.440096806405926,-72.3453712555968,Connecticut,CT00134
Avon,160,06001,CT,Country Club Road,"Facility includes three 9-hole courses - Red, White and Blue. Any two can be played sequentially for an 18-hole round.",9;9;9,,36;36;36,Golf Club of Avon,,860-673-3216,,,https://www.golfclubofavon.com/,212926,,,,,,,,,,,,,,,,,,,,,,,,,,,,,,,,,,,,982173.1380697474,41.79087512119738,-72.85387688455455,Connecticut,CT00119
Pawcatuck,220,06379,CT,Elmridge Road,"Three 9-hole courses, which can be played in various combinations for an 18-hole round",9;9;9,Red South;White West;Blue North,35;36;36,Elmridge Golf Course,,860-599-2248,,,https://www.elmridgegolf.com/,1930834,,,,,,,,,,,,,,,,,,,,,,,,,,,,,,,,,,,,935999.9717066543,41.39590046769668,-71.86159952502348,Connecticut,CT00107
Avon,65,06001,CT,Nod Road,"Three 9 hole courses - Red, White and Blue. Can play two sequentially for 18 hole round.",9;9;9,,34;36;36,Blue Fox Run Golf Course,,860-678-1679,,,https://www.bluefoxent.com/,,,,,,,,,,,,,,,,,,,,,,,,,multipolygon,,,,,,,,,,,,932867.9662670589,41.813039660148235,-72.82015868645982,Connecticut,CT00008
,,,,,Private - members or owners only; Three 9-hole courses that can be combined for an 18-hole round.,9;9;9,Red;Blue;Green,35;36;35,Hartford Golf Club,,,,University of Connecticut (http://magic.lib.uconn.edu/connecticut_data.html),,,,,,,,,General Recreation,,,,,,,,,,,,,,,,,,,,,,,,,,,,,932008.8600033749,41.794707028668554,-72.72518792860996,Connecticut,CT00099
Orange,246,06477,CT,Derby Avenue,,,,,Race Brook Country Club,,203-389-9521,,,https://www.racebrook.org/,,,,,,,,,,,,,,,,,,,,,,,,,multipolygon,,,,,,,,,,,,926815.803547208,41.295647000155526,-73.01504565407652,Connecticut,CT00003
Ridgefield,439,06877,CT,Silver Spring Road,,18,,71,Silver Spring Country Club,,203-438-2671,,University of Connecticut (http://magic.lib.uconn.edu/connecticut_data.html),https://www.silverspringcc.org/,,,,,,,,,,,,,,,,,,,,,,,,,,,,,,,,,,,,,919002.9072484474,41.25341568739214,-73.50608084311965,Connecticut,CT00060
Bloomfield,376,06002,CT,Simsbury Road,country club,,,,Tumble Brook Country Club,Troon,860-242-4600,private,,http://tumblebrookcc.clubsoftlinks.com/,,,,,,,,,,,,,,,,,,,,,,,,,,,,,,,,,,,,,912512.1114607595,41.81453386285433,-72.75545837171889,Connecticut,CT00098
Agawam,281,01001,CT,Shoemaker Lane,,18,,72,Crestview Country Club,,+1 413-786-2593,,MassGIS OpenSpace (http://www.mass.gov/mgis/osp.htm),https://www.crestviewcc.org/,,,,,,,,,,,,,Crestview Country Club,private,,,,,,,,,,,,,,,,,,,,,,,911005.1338010695,42.035481558573444,-72.64928606596376,Connecticut,CT00034
Ellington,54,06029,CT,Abbott Road,,,,,Ellington Ridge Country Club,Ellington Purchasing Corp.,860-872-9133,,,https://www.ellingtonridge.org/,,,,,,,,,,,,,,,,,,,,,,,,,,,,,,,,,,,,,901086.4243531232,41.88347923138725,-72.50471257014071,Connecticut,CT00106
Cromwell,1,06416,CT,Golf Club Road,,,,,TPC River Highlands,,860-635-5000,private,,https://tpc.com/riverhighlands,1924044,,,,,Q2476740,en:TPC River Highlands,,,,,,,,,,,,,,,,,,multipolygon,,,,,,,,,,,,849827.0556569358,41.62991572372169,-72.64022994665851,Connecticut,CT00015
New Haven,200,06515,CT,Conrad Drive,,,,,Yale Golf Course,Yale University,203-392-2380,,University of Connecticut (http://magic.lib.uconn.edu/connecticut_data.html),https://yalegolf.yale.edu/,1933193,,The Course at Yale,,,Q8047441,,,,,,,,,,,,,,,,,,,,,,,,,,,,,,,846199.7678831365,41.3180388208708,-72.98613643760619,Connecticut,CT00084
,,,,,,18,,71,Connecticut National Golf Course,,,,,,,,,,,,,,,,,,,,,,,,,,,,,,,,,,,,,,,,,,838841.2781502181,41.89940039531499,-71.83835352211159,Connecticut,CT00133
Simsbury,85,06070,CT,Firetown Road,,,,,Hopmeadow Country Club,,860-658-7623,,,http://www.hopmeadowcc.net/,,,,,,,,,,,,,,,,,,,,,,,,,,,,,,,,,,,,,826626.7214855041,41.876582422366674,-72.82089425066525,Connecticut,CT00075
Hebron,91,06248,CT,North Street,,,,,Tallwood Country Club,"Tallwood Country Club, LLC.",860-646-1151,yes,University of Connecticut (http://magic.lib.uconn.edu/connecticut_data.html),https://www.tallwoodcountryclub.com/,,,,,,,,,,,,,,,yes,yes,$$,yes,yes,18,yes,outside,,,,,,,,,,,,,,,812697.5556115151,41.70098382359494,-72.44457363496792,Connecticut,CT00124
Greenwich,1241,06831,CT,King Street,,18,,72,Fairview Country Club,,203-531-6200,,University of Connecticut (http://magic.lib.uconn.edu/connecticut_data.html),https://www.fairviewcountryclub.org/,,,,"Private, members or owners only",,,,,,,,,,,,,,,,,,,,,,,,,,,,,,,,,805228.2920654346,41.069184152370504,-73.69114490567594,Connecticut,CT00056
,,,,,,,,,Rolling Meadows Country Club,Rolling Meadows LLC,,,,,,,,,,,,,,,,,,,,,,,,,,,,,,,,,,,,,,,,,794820.0008798189,41.91135357545624,-72.49434880660912,Connecticut,CT00180
New Britain,245,06053,CT,Hartford Road,"Three 9-hole courses; can be played White/Red, Red/Blue, Blue/White for an 18--hole round",9;9;9,White Nine; Red Nine; Blue Nine,36;35;35,Stanley Golf Course,,860-827-8570,,University of Connecticut (http://magic.lib.uconn.edu/connecticut_data.html),https://www.stanleygolf.com/,1944086,,,,,,,,,,,,,,,,,,,,,,,,,,,,,,,,,,,,794192.2490570233,41.7043663559065,-72.7652142359184,Connecticut,CT00074
Darien,410,06820,CT,Hollow Tree Ridge Road,,,,,Wee Burn Country Club,,203-655-1477,,,https://www.weeburn.org/,,,,,,,,,,,,,,,,,,,,,,,,,,,,,,,,,,,,,793854.344422144,41.09250106878928,-73.49475339830836,Connecticut,CT00048
Darien,540,06840,CT,Hoyt Street,,18,,71,Woodway Country Club,,203-322-1661,,University of Connecticut (http://magic.lib.uconn.edu/connecticut_data.html),https://www.woodway.org/,,,,,,,,,,,,,,,,,,,,,,,,,multipolygon,,,,,,,,,,,,765907.7731361284,41.10831628152576,-73.50652910083757,Connecticut,CT00001
Ridgefield,545,06877,CT,Ridgebury Road,,18,,73,Ridgefield Golf Club,,203-748-7008,,University of Connecticut (http://magic.lib.uconn.edu/connecticut_data.html),https://www.ridgefieldgc.com/,1942739,,,,,,,,,,,,,,,,,,,,,,,,,,,,,,,,,,,,763808.4930030834,41.359288051004896,-73.53665069625207,Connecticut,CT00065
Hartford,1130,06114,CT,Maple Avenue,"Two separate courses, one 18-hole and one 9-hole.",18;9,South Course;North Course,70;35,Goodwin Park Golf Course,,+1 860 543 8518,,,https://www.goodwinparkgolfcourse.com/,1950301,,,,,,,,,,,,,,,,,,,,,,,,,,,,,,,,,,,,755153.7570480744,41.72613832051509,-72.68638368199011,Connecticut,CT00158
Sprague,7,06330,CT,Dows Lane,,18,,72,Mohegan Sun Country Club at Pautipaug Hill,Mohegan Tribe,+1 860 822 6868,,,http://ww2.mohegansun.com/golf/,1931376,Pautipaug Golf Course and Country Club,,,,,,,,,,,,,,,,,,,,,,,,,,,,,,,,,,,750370.5467897415,41.638292186137576,-72.11385495887052,Connecticut,CT00076
Woodbridge,1027,06525,CT,Racebrook Road,,,,,The Tradition Golf Club at Oak Lane,,203-397-5103,,University of Connecticut (http://magic.lib.uconn.edu/connecticut_data.html),https://traditionatoaklane.com/,,Oak Lane Country Club,,,,,,,,,,,,,,,,,,,,,,,,,,,,,,,,,,,747676.6336084439,41.31946245482222,-73.0125117544319,Connecticut,CT00083
Harwinton,300,06791,CT,Hill Road,,18,,72,Fairview Farm Golf Course,AJT LLC,,,,,,,,,,,,,,,,,,,,,,,,,,,,,,,,,,,,,,,,,737859.6751360036,41.74950277665301,-73.07520322632394,Connecticut,CT00176
Danbury,100,06811,CT,Aunt Hack Road,,18,,71,Richter Park Golf Course,,203-792-2550,,,https://richterpark.com/,1942999,Stanley Lasker Richter Municipal Golf Course,,,,,,,,,,,,,,,,,,,,,,,,,,,,,,,,,,,736320.1859824602,41.41327034809456,-73.51981170892053,Connecticut,CT00066
,,,,,,18,,72,The Stanwich Club,,,,,https://www.stanwich.com,,,,,,,,,,,,,,,,,,,,,,,,,,,,,,,,,,,,,732792.6840383438,41.12604042817711,-73.62750869779289,Connecticut,CT00175
Kensington,51,06037,CT,Randeckers Lane,,18,,71,Shuttle Meadow Country Club,,+1 860 229 6000,,,https://www.shuttlemeadowcc.com,212986,,,,,,,,,smccoffice@shuttlemeadowcc.com,,,,,,,,,,,,,,,,,,,,,,,,,,,726786.5042978562,41.64333344536293,-72.79900115952204,Connecticut,CT00091
Waterbury,,,,Park Road,,,,,Western Hills Golf Course,,203-755-6828,,University of Connecticut (http://magic.lib.uconn.edu/connecticut_data.html),http://www.waterburyct.org/content/5063/5065/default.aspx,1933127,,,,,,,,,,,,,,,,,,,,,,,,,,,,,,,,,,,,719410.7969202022,41.55825195046316,-73.08606855170042,Connecticut,CT00116
,,,,,,18,,72,Morefar Back O' Beyond,,,private,,,,,,,,Q14707004,en:Morefar Back O'Beyond,,,,,,,,,,,,,,,,,,,,,,,,,,,,,,715331.0186874891,41.412422311314074,-73.54179951061269,Connecticut,CT00160
Fairfield,118,06824,CT,Cross Highway,,18,,71,The Patterson Club,,203-259-5244,,University of Connecticut (http://magic.lib.uconn.edu/connecticut_data.html),http://www.thepattersonclub.com/,,,,,,,,,,,,,,,,,,,,,,,,,,,,,,,,,,,,,705444.9614237408,41.1891126644208,-73.31486296431788,Connecticut,CT00059
Manchester,305,06045,CT,South Main Street,"Municipal, Open To Public With Fee",18,,72,Manchester Country Club,Town of Manchester,+1 860 646 0103,,University of Connecticut (http://magic.lib.uconn.edu/connecticut_data.html),https://www.mancc.com,,,,,,,,,,,,,,,,,,,,,,,,,multipolygon,,,,,,,,,,,,701784.3315291632,41.74549870792522,-72.5167602610529,Connecticut,CT00005
West Simsbury,100,06092,CT,Old Farms Road,,,,,Simsbury Farms Golf Course,Town of Simsbury,860-658-6246,,,https://www.simsburyfarms.com/,1950734,,,,,,,,,,,,,,,,,,,,,,,,,,,,,,,,,,,,694486.6445200621,41.880081139741804,-72.84187114602517,Connecticut,CT00157
Norwalk,165,06850,CT,Fillow Street,,,,,Oak Hills Park Golf Course,,203-838-0303,,,https://www.oakhillsgc.com/,1942625,,,,,,,,,,,,,,,,,,,,,,,,,,,,,,,,,,,,689818.573761709,41.11410412387427,-73.44359985383008,Connecticut,CT00054
Greenwich,1300,06831,CT,King Street,,,,,Griffith E. Harris Golf Course,Town of Greenwich,203-531-7200,,University of Connecticut (http://magic.lib.uconn.edu/connecticut_data.html),,1941788,,Bruce Memorial Golf Club,"Municipal, open to public with fee",,,,,,,,,,,,,,,,,,,,,,,,,,,,,,,,,685304.4344084342,41.07884560434892,-73.69933647446052,Connecticut,CT00052
Greenwich,33,06831,CT,Round Hill Club Road,,,,,Round Hill Club,,203-869-2350,,,https://www.rhclub.org/,,,,,,,,,,,,,,,,,,,,,,,,,,,,,,,,,,,,,685002.5608704201,41.0584750945142,-73.66156846968514,Connecticut,CT00161
Wallingford,180,06492,CT,Cheshire Road,,,,,Farms Country Club,,203-265-0941,,,https://www.farmscc.org/,,,,,,,,,,,,,,,,,,,,,,,,,,,,,,,,,,,,,684945.5860163725,41.47009053990473,-72.86085299087186,Connecticut,CT00087
Hamden,310,06514,CT,West Shepard Avenue,,18,,72,The VUE,,+1-203-287-2656,,,https://laurelviewcc.com/,,The Laurel View Country Club,,,,,,,,,,,,,,,,,,,,,,,,,,,,,,,,,,,683952.4192649821,41.39489135431832,-72.93523940040122,Connecticut,CT00080
Bloomfield,1360,06002,CT,Hall Boulevard,,,,,Gillette Ridge Golf Club,,860-726-1430,,,https://www.gilletteridgegolf.com/,,,,,,Q16891654,,,,,,,,,,,,,,,,,,,multipolygon,,,,,,,,,,,,681652.8293136954,41.814463532103694,-72.74119678468949,Connecticut,CT00013
Bloomfield,1360,06002,CT,Hall Boulevard,,,,,Gillette Ridge Golf Club,,860-726-1430,,,https://www.gilletteridgegolf.com/,,,,,,Q16891654,,,,,,,,,,,,,,,,,,,multipolygon,,,,,,,,,,,,681652.8293136954,41.814463532103694,-72.74119678468949,Connecticut,CT00014
Easton,915,06612,CT,Black Rock Turnpike,,,,,Connecticut Golf Club,,203-261-2544,,,https://www.ctgolfclub.com/,1941925,,,,,,,,,,,,,,,,,,,,,,,,,,,,,,,,,,,,678002.6212299851,41.263434675445666,-73.33265005136404,Connecticut,CT00139
Fairfield,936,06824,CT,Sasco Hill Road,,,,,Country Club Of Fairfield,,,private,University of Connecticut (http://magic.lib.uconn.edu/connecticut_data.html),https://www.ccfairfield.com/,,,,,,,,,,,,,,,,,,,,,,,,,,,,,,,,,,,,,674164.223122392,41.12921397157181,-73.27885842399165,Connecticut,CT00041
New Canaan,95,06840,CT,Country Club Road,,,,,Country Club of New Canaan,,203-966-3513,,University of Connecticut (http://magic.lib.uconn.edu/connecticut_data.html),https://www.ccofnewcanaan.org/,,,,,,,,,,,,,,,,,,,,,,,,,,,,,,,,,,,,,669138.9357053819,41.17327238228561,-73.50190652513076,Connecticut,CT00057
Bloomfield,206,06002,CT,Terry Plains Road,,18_hole,,,Wintonbury Hills Golf Course,,+1 860 242 1401,,,https://www.wintonburyhillsgolf.com/,,,,,,,,,,,,,,,,,,,,,,,,,,,,,,,,,,,,,668260.9078010804,41.86071857690207,-72.75418518377191,Connecticut,CT00143
Wethersfield,76,06109,CT,Country Club Road,,,,,Wethersfield Country Club,Wethersfield Country Club,860-529-3326,,,https://www.wethersfieldcc.org/,,,,,,,,,,,,,,,,,,,,,,,,,multipolygon,,,,,,,,,,,,666379.2326985514,41.68424636117722,-72.67971992838847,Connecticut,CT00028
Norwich,685,06360,CT,New London Turnpike,,,,,Norwich Golf Course,City of Norwich,860-889-6973,,University of Connecticut (http://magic.lib.uconn.edu/connecticut_data.html),https://www.norwichgolf.com/,,,,,,,,,,,,,,,,,,,,,,,,,multipolygon,,,,,,,,,government,Q631402,"en:Norwich, Connecticut",666184.8691361845,41.50192167486549,-72.10586027433503,Connecticut,CT00030
Watertown,246,06795,CT,Guernseytown Road,,18_hole,,,Watertown Golf Club,,+1-860-274-5486,private,,https://www.watertowngolfclub.org/,,,,,,,,,,,,,,,,,,,,,,,,,,,,,,,,,,,,,666150.8556559988,41.61667598240157,-73.1341296186444,Connecticut,CT00121
Watertown,834,06795,CT,Northfield Road,,,,,The Golf Course at Crestbrook Park,,860-945-5249,,,https://www.crestbrookpark.com/,,,,,,,,,,,,,,,,,,,,,,,,,,,,,,,,,,,,,660014.5278404935,41.633168410463796,-73.11090951757727,Connecticut,CT00148
Southbury,418C,06488,CT,Country Lane,,18,,72,Heritage Village Country Club,,203-264-8081,,,https://www.heritagevillagecc.org/,,,,,,,,,,,,,,,,,,,,,,,,,multipolygon,,,,,,,,,,,,649471.5642998049,41.484245701603285,-73.22804678323341,Connecticut,CT00004
Jewett City,259,06351,CT,Preston Road,,,,,River Ridge Golf Course,,860-376-3268,,,https://www.riverridgegolf.com/,,,,,,,,,,,,,,,,,,,,,,,,,,,,,,,,,,,,,649090.5779102572,41.57648065857503,-71.98282537741855,Connecticut,CT00131
West Hartford,60,06117,CT,Wampanoag Drive,,,,,Wampanoag Country Club,,860-236-1691,,,https://www.wampanoagcc.com/,,,,,,Q7966941,,,,,,,,,,,,,,,,,,,,,,,,,,,,,,,644575.9476998593,41.80183344970872,-72.75881504674777,Connecticut,CT00033
West Hartford,289,06107,CT,South Main Street,,,,,Rockledge Golf Club,,860-521-6284,,University of Connecticut (http://magic.lib.uconn.edu/connecticut_data.html),https://www.golfrockledge.com/,,,,,,,,,,,,,,,,,,,,,,,,,,,,,,,,,,,,,643299.2906156231,41.74132552014027,-72.7501483308153,Connecticut,CT00123
West Hartford,289,06107,CT,South Main Street,,,,,Rockledge Golf Club,,860-521-6284,,University of Connecticut (http://magic.lib.uconn.edu/connecticut_data.html),https://www.golfrockledge.com/,,,,,,,,,,,,,,,,,,,,,,,,,,,,,,,,,,,,,643299.2906156231,41.74132552014027,-72.7501483308153,Connecticut,CT00122
Monroe,175,06468,CT,Shelton Road,,18_hole,,"4,4,5,3,4,5,3,4,3,4,5,3,4,4,3,5,4,4",Whitney Farms Golf Course,,203-268-0707,,,https://www.whitneyfarmsgc.com/,1943192,,,,,,,,,,,,,,,,,,,,,,,,multipolygon,blue;white;green;gold,"423,405,526,174,347,562,225,315,200,365,552,150,368,366,183,568,363,442","365,364,434,138,308,410,190,275,141,325,419,113,299,301,77,459,308,350","375,374,491,146,318,510,196,287,150,333,487,120,312,317,147,465,320,356","391,385,508,156,328,534,211,300,163,341,523,131,332,333,164,554,334,397",yards,"7,5,3,17,11,1,13,9,15,8,4,18,10,14,16,6,12,2",,,,,640625.1116175395,41.33727197350317,-73.19529961945723,Connecticut,CT00002
Berlin,330,06037,CT,Southington Road,,,,,Timberlin Golf Course,,+1 860 828 3228,,,https://www.timberlingolf.com,1950821,,,,,,,,,timberlinhp@gmail.com,1970,,,,,,,,,,,,,,,,,,,,,,,,,,638993.1441163616,41.604257822053555,-72.80855726299087,Connecticut,CT00159
,,,,,,,,,Tashua Knolls Golf Course,Tashua Knolls,203-452-5186,,,https://www.tashuaknolls.com/,,,,,,,,,,,,,,,,,,,,,,,,,,,,,,,,,,,,,638085.6913907455,41.28583564205666,-73.2525933352132,Connecticut,CT00155
Stonington,396,06378,CT,Taugwonk Road,,,,,Stonington Country Club,,860-535-4653,,,https://stoningtoncountryclub.com/,,,,,,,,,,,,,,,,,,,,,,,,,,,,,,,,,,,,,632876.7316805298,41.397784327772506,-71.89026328484678,Connecticut,CT00144
Old Lyme,49,06371,CT,Buttonball Road,,18,,71,Black Hall Club,,860-434-2038,,,https://www.blackhallclub.com/,1930637,,,,,,,,,,,,,,,,,,,,,,,,,,,,,,,,,,,,625879.5900883821,41.29235745226517,-72.29831886315759,Connecticut,CT00095
New Milford,401,06776,CT,Danbury Road,"Private, Open To Public With Fee",,,,Candlewood Valley Country Club,,860-354-9359,,University of Connecticut (http://magic.lib.uconn.edu/connecticut_data.html),http://candlewoodvalleygolf.com/,,,,,,,,,,,,,,,,,,,,,,,,,,,,,,,,,,,,,620793.2404044808,41.530429836861416,-73.41964201363848,Connecticut,CT00073
,,,,,,,,,Topstone Golf Course,Five S Group,,,,,,,,,,,,,,,,,,,,,,,,,,,,,,,,,,,,,,,,,620047.6844336867,41.867327419668634,-72.55585674526426,Connecticut,CT00177
Greenwich,120,06830,CT,Perkins Road,,18,,72,Burning Tree Country Club,,203-869-9004,private,University of Connecticut (http://magic.lib.uconn.edu/connecticut_data.html),https://www.burningtreecc.org/,,,,,,,,,,,,,,,,,,,,,,,,,,,,,,,,,,,,,618281.6452796987,41.08675038069158,-73.6127292400195,Connecticut,CT00053
Stamford,2949,06903,CT,Long Ridge Road,,,,,Rockrimmon Country Club,,+1 203-322-3408,,,https://www.rockrimmoncc.org/,,,,,,,,,,,,,,,,,,,,,,,,,,,,,,,,,,,,,615454.7165742749,41.16449041330443,-73.59241855585765,Connecticut,CT00129
Wallingford,195,06492,CT,Long Hill Road,,,,,Wallingford Country Club,,203-269-9320,,University of Connecticut (http://magic.lib.uconn.edu/connecticut_data.html),https://wallingfordcc.com/,,,,,,,,,,,,,,,,,,,,,,,,,,,,,,,,,,,,,612957.703691116,41.44319422901698,-72.80212848519093,Connecticut,CT00088
Darien,300,06820,CT,Mansfield Avenue,,18,,71,Country Club Of Darien,,203-655-9726,private,University of Connecticut (http://magic.lib.uconn.edu/connecticut_data.html),https://www.ccdarien.org/,,,,,,,,,,,,,,,,,,,,,,,,,,,,,,,,,,,,,610295.6769253811,41.09968568538516,-73.47577297334445,Connecticut,CT00049
Greenwich,55,06831,CT,Locust Road,,,,,Tamarack Country Club,,203-531-7300,,University of Connecticut (http://magic.lib.uconn.edu/connecticut_data.html),https://www.tamarackcountryclub.com/,,,,,,,,,,,,,,,,,,,,,,,,,,,,,,,,,,,,,610144.6084938935,41.095677024012744,-73.71068230509155,Connecticut,CT00055
Fairfield,500,06825,CT,Algonquin rd,,,,,Brooklawn Country Club,,+1-203-3345116,,,,,,,,,Q24183677,,,,,,,,,,,,,,,,,,,multipolygon,,,,,,,,http://www.brooklawncc.com/,,,,608411.2099732023,41.18892916436391,-73.22750901325377,Connecticut,CT00027
Wilton,333,06897,CT,Hurlbutt Street,,,,,Rolling Hills Country Club,,203-762-4600,,University of Connecticut (http://magic.lib.uconn.edu/connecticut_data.html),http://www.rhcconline.com/,,,,,,,,,,,,,,,,,,,,,,,,,,,,,,,,,,,,,597102.2287166838,41.21031489020599,-73.41879175787001,Connecticut,CT00063
Thompson,241,06277,CT,County Home Road,,,,,Quinnatisset Country Club,,860-928-7516,,,https://www.quinnatisset.com/,,,,,,,,,,,,,,,,,,,,,,,,,multipolygon,,,,,,,,,,,,596185.8442922017,41.93870313246536,-71.8615062471203,Connecticut,CT00007
Greenwich,19,06830,CT,Doubling Road,,,,,Greenwich Country Club,,203-869-1000,private,University of Connecticut (http://magic.lib.uconn.edu/connecticut_data.html),https://www.greenwichcountryclub.org/,,,,,,,,,,,,,,,,,,,,,,,,,,,,,,,,,,,,,594859.2824864041,41.05530469613606,-73.61036731804703,Connecticut,CT00043
,,,,,,18,,72,H Smith Richardson Golf Course,,,,,,,,,,,,,,,,,,,,,,,,,,,,,,,,,,,,,,,,,,592348.1785782006,41.215354092643196,-73.27122370126135,Connecticut,CT00039
Groton,93,06340,CT,Plant Street,,,,,Shennecossett Golf Course,,860-448-1867,,,http://www.groton-ct.gov/depts/parksrec/shenny/shenny_about.asp,,,,,,Q7494307,,,,,,,,,,,,,,,,,,,,,,,,,,,,,,,588068.6010011607,41.327246809654575,-72.0678134190158,Connecticut,CT00165
Milford,130,06461,CT,Coram Lane,,,,,Great River Golf Club,,203-876-8051,,,https://greatrivergolfclub.com/,,,,,,,,,,,,,,,,,,,,,,,,,,,,,,,,,,,,,585193.9477093462,41.27421158201061,-73.08283385236687,Connecticut,CT00132
,,,,,"Municipal, Open To Public With Fee",,,,Hunter Memorial Golf Course,,,,University of Connecticut (http://magic.lib.uconn.edu/connecticut_data.html),,1933925,,,,,,,Existing Preserved Open Space,,,,,,,,,,,,,,,,,multipolygon,,,,,,,,,,,,580673.4547175413,41.55662665536952,-72.76871403891433,Connecticut,CT00025
Moodus,10,06469,CT,Banner Road,,18,,72,Banner Country Club,,860-873-9075,,,https://bannercountryclub.com/,1923657,Black Birch Golf Club,,,,,,,,,,,,,,,,,,,,,,,,,,,,,,,,,,,578100.5468028379,41.51277707915597,-72.46156689539292,Connecticut,CT00136
Glastonbury,239,06073,CT,Country Club Road,,,,,Glastonbury Hills Country Club,,+1 860 633 5253,,,https://www.glastonburyhills.com,,,,,,,,,,glastonburyhills@gmail.com,,,,,,,,,,,,,,+1 860 657 2320,,,,,,,,,,,,,576762.1718040499,41.65966615638726,-72.54629670810489,Connecticut,CT00167
New Haven,35,06513,CT,Eastern Street,,18_hole,,,Alling Memorial Golf Course,,203-946-8014,,University of Connecticut (http://magic.lib.uconn.edu/connecticut_data.html),https://www.allingmemorialgolfclub.com/,1933232,,,,,,,,owned by New Haven,,,,,,,,,,,,,,,,,,,,,,,,,,,,575948.947436512,41.30844509941418,-72.8672537208154,Connecticut,CT00077
New Haven,35,06513,CT,Eastern Street,,18_hole,,,Alling Memorial Golf Course,,203-946-8014,,University of Connecticut (http://magic.lib.uconn.edu/connecticut_data.html),https://www.allingmemorialgolfclub.com/,1933232,,,,,,,,owned by New Haven,,,,,,,,,,,,,,,,,,,,,,,,,,,,575948.947436512,41.30844509941418,-72.8672537208154,Connecticut,CT00078
Farmington,806,06034,CT,Farmington Avenue,,,,,Country Club Of Farmington,,860-677-1681,,University of Connecticut (http://magic.lib.uconn.edu/connecticut_data.html),https://www.farmingtoncountryclub.com/,,,,,,,,,,,,,,,,,,,,,,,,,multipolygon,,,,,,,,,,,,574937.7975533679,41.732446155258685,-72.82302229944656,Connecticut,CT00016
,,,,,"Private, Members Or Owners Only",,,,"Chippanee Golf Club,Inc.",,,,University of Connecticut (http://magic.lib.uconn.edu/connecticut_data.html),,,,,,,,,General Recreation,,,,,,,,,,,,,,,,,,,,,,,,,,,,,573456.4330946922,41.70449011644721,-72.98175479498447,Connecticut,CT00110
Thompson,205,06277,CT,East Thompson Road,,,,,Raceway Golf Club,,+1-860-923-9591,,,https://www.racewaygolf.com/,,,,,,,,,,,,,,,,,,,,,,,,,multipolygon,,,,,,,,,,,,573077.5686645127,41.984518841576275,-71.83269773139237,Connecticut,CT00006
Newington,111,06111,CT,Golf Street,,,,,Indian Hill Country Club,,860-666-5447,,University of Connecticut (http://magic.lib.uconn.edu/connecticut_data.html),https://www.ihccgolf.com/,,,,,,,,,,,,,,,,,,,,,,,,,,,,,,,,,,,,,568858.9567205268,41.68826543909102,-72.73666555117205,Connecticut,CT00111
Goshen,250,06756,CT,Torrington Road,,,,,Torrington Country Club,,860-491-2440,,,https://torringtoncountryclub.com/,,,,,,,,,,,,,,,,,,,,,,,,,,,,,,,,,,,,,563297.4296137792,41.83183785449451,-73.20219534106337,Connecticut,CT00070
Danbury,119,06811,CT,Franklin Street,,,,,Ridgewood Country Club,,203-743-4491,,,https://www.ridgewoodcc.com/,,,,,,,,,,,,,,,,,,,,,,,,,,,,,,,,,,,,,561922.0562885486,41.405298070290975,-73.47279214623458,Connecticut,CT00064
Stamford,1349,06905,CT,Newfield Avenue,,,,,Sterling Farms Golf Club,,203-461-9090,,University of Connecticut (http://magic.lib.uconn.edu/connecticut_data.html),https://www.sterlingfarmsgc.com/,1943007,,,,,,,,,,,,,,,,,,,,,,,,,,,,,,,,,,,,556368.4035120315,41.10548511781773,-73.52607469397823,Connecticut,CT00044
Hamden,160,06517,CT,Hartford Turnpike,,18_hole,,,New Haven Country Club,,203-248-4488,,,https://www.newhavencc.com/,,,,,,Q29641691,,,,,,,,,,,,,,,,,,,,,,,,,,,,,,,555699.1486896488,41.349091928391836,-72.9070429877617,Connecticut,CT00135
Weston,67,06883,CT,Old Redding Road,,18,,71,Aspetuck Valley Country Club,,203-226-4701,,,https://www.aspetuckvalley.com/,,,,,,,,,,,,,,,,,,,,,,,,,multipolygon,,,,,,,,,,,,555093.9072076208,41.22593990637877,-73.33135240811512,Connecticut,CT00022
Portland,9,06480,CT,Rose Hill Road,,18,,72,Quarry Ridge Golf Course,,860-342-6113,,,https://quarryridge.com/,,,,,,,,,,,,,,,,,,,,,,,,,,,,,,,,,,,,,554817.6969578281,41.59235162526922,-72.59020821291749,Connecticut,CT00145
Stratford,385,06614,CT,Oronoque Lane,,18,,72,Blackhawk Country Club,,203-375-4293,,,https://www.blackhawkct.com/,,Oronoque Country Club,,,,,,,,,,,,,,,,,,,,,,,multipolygon,,,,,,,,,,,,547211.2723425124,41.25043677848226,-73.11214148559952,Connecticut,CT00023
Hartford,280,06120,CT,Tower Avenue,,,,,Keney Golf Course,,+1 860 543 8618,,,https://www.keneyparkgolfcourse.com,,,,,,Q38250611,en:Keney Park Golf Course,,,,,,,,,,,,,,,,,,,,,,,,,,,,,,531573.6695470391,41.807250782835254,-72.67110543410485,Connecticut,CT00036
North Windham,184,06256,CT,Club Road,,,,,The Golf Club at Windham,184 CLUB ROAD LLC,860-456-4211,,University of Connecticut (http://magic.lib.uconn.edu/connecticut_data.html),https://www.windhamclub.com/,,Willimantic Country Club,,,,,,,,,,Tu-Su 07:00-20:00,,,,,,,,,,,,,,,,,,,,,,,,,527751.0669302895,41.726234565853446,-72.18493219370723,Connecticut,CT00108
Wallingford,37,06492,CT,Harrison Road,,18,,70,Wheeler Family Traditions Golf Club,,+1-347-682-5284,,,https://wheelertraditions.com/,,The Tradition Golf Club at Wallingford,,,,,,,,,,,,,,,,,,,,,,,multipolygon,,,,,,,,,,,,525391.314122065,41.42534389199329,-72.81340934791065,Connecticut,CT00011
Westport,260,06880,CT,South Compo Road,,,,,Longshore Golf Course,,203-222-7535,,,https://www.longshoregolf.com/,,,,,,,,,,,,,,,,,,,,,,,,,,,,,,,,,,,,,521952.1567423804,41.111719515013704,-73.36242038916426,Connecticut,CT00151
Waterbury,171,06706,CT,East Mountain Road,,18_hole,,,East Mountain Golf Course,,203-753-1425,,University of Connecticut (http://magic.lib.uconn.edu/connecticut_data.html),http://www.waterburyct.org/content/5063/5067/,1933659,,,,,,,,,,,,,,,,,,,,,,,,,,,,,,,,,,,,516526.34848261817,41.523697592875045,-73.010922646176,Connecticut,CT00117
Redding,109,06896,CT,Lonetown Road,,,,,Redding Country Club,,203-938-2567,,University of Connecticut (http://magic.lib.uconn.edu/connecticut_data.html),https://www.reddingcc.org/,,,,,,,,,,,,,,,,,,,,,,,,,,,,,,,,,,,,,509984.04587009153,41.320715244388374,-73.39288373324922,Connecticut,CT00068
Terryville,56,06786,CT,School Street,,18,,69,Pequabuck Golf Course,,860-583-7307,,,https://www.pequabuckgolf.com/,1950575,,,,,,,,,,,,,,,,,,,,,,,,multipolygon,,,,,,,,,,,,509283.8907576783,41.67514530566085,-72.98633383032221,Connecticut,CT00010
Avon,43,06001,CT,Heritage Drive,,18,,72,Farmington Woods Golf Club,,860-673-0062,,,https://www.farmingtonwoods.com/Golf-Home.aspx,,,,,,,,,,,,,,,,,,,,,,,,,multipolygon,,,,,,,,,,,,506877.35115729703,41.76906120514753,-72.8815886690084,Connecticut,CT00009
Clinton,128,06413,CT,Old Post Road,,,,,Clinton Country Club,,860-669-6587,,,https://www.clintoncc.org/,,,,,,,,,,,,,,,,,,,,,,,,,,,,,,,,,,,,,502763.0769605894,41.2805288284639,-72.49245179852115,Connecticut,CT00092
Stonington,127,06378,CT,Wheeler Road,,,,,Pequot Golf Club,,860-535-1898,,,https://www.pequotgolf.com/,1931388,,,,,,,,,,,,,,,,,,,,,,,,,,,,,,,,,,,,501418.38616264856,41.38126179274632,-71.91289060114542,Connecticut,CT00109
,,,,,,18,,70,Twin Hills Country Club,Courtyard 10 LLC,,,,,,,,,,,,,,,,,,,,,,,,,,,,,,,,,,,,,,,,,493678.81529738486,41.80095483249926,-72.39911200577014,Connecticut,CT00166
Portland,169,06480,CT,Bartlett Street,,,,,Portland Golf Course,,860-342-6107,,,https://www.portlandgolfcourse.com/,,,,,,,,,,,,,,,,,,,,,,,,,,,,,,,,,,,,,493642.0979589407,41.58965064425049,-72.59776092438707,Connecticut,CT00126
Waterford,28,06385,CT,Lamphere Road,,,,,Great Neck Country Club,,,private,,https://www.greatneckgolf.com/,,New London Country Club,,,,,,,,,,,,,,,,,,,,,,,,,,,,,,,,,,,491481.7495403015,41.31886726851537,-72.13916041397756,Connecticut,CT00040
Simsbury,140,06070,CT,Nod Road,"Course has four 18-hole layouts, only longest is mapped.",18,,61,Tower Ridge Disc Golf,,860-651-9393,,,http://www.towerridgecc.com/,,,,,,,,,,,,,,,,,,,,,,,,,,,,,,,,,,,,,490961.16036439623,41.827448832149116,-72.80768693290509,Connecticut,CT00125
Sharon,,,,,,9,,36,Sharon Country Club,,860-364-5856,private,,http://www.sharoncountryclub.org/,,,,,,,,,,,,,,,,,,,,,,,,,,,,,,,,,,,,,489642.4445896615,41.86623533622829,-73.4881204516571,Connecticut,CT00112
Orange,389,06477,CT,Racebrook Road,,18,,71,Orange Hills Country Club,,203-795-4161,,,https://orangehillscountryclub.com/,,,,,,,,,,,,,,,,,,,,,,,,,,,,,,,,,,,,,489133.8842314239,41.27696218469553,-73.00074719316962,Connecticut,CT00079
Orange,441,06477,CT,Clark Lane,,18,,70,Grassy Hill Country Club,,203-795-1422,,,https://www.grassyhillcountryclub.com/,,,,,,,,,,,,,,,,,,,,,,,,,,,,,,,,,,,,,476018.2970198958,41.26677280417537,-73.04586135050909,Connecticut,CT00045
,,,,,,18,,70,Skungamaug River Golf Club,J Motycka LLC,,,,,,,,,,,,,,,,,,,,,,,,,,,,,,,,,,,,,,,,,474683.00537236524,41.82477194538542,-72.34891951575915,Connecticut,CT00164
East Norwalk,14,06855,CT,Canfield Avenue,,,,,Shorehaven Golf Club,,203-866-5528,,,https://www.shorehavengc.org/,212985,,,,,,,,,,,,,,,,,,,,,,,,,,,,,,,,,,,,474052.3161683234,41.09791275582048,-73.39257438620278,Connecticut,CT00058
Old Greenwich,120,06870,CT,Tomac Avenue,,18,,70,Innis Arden Golf Club,,203-637-6900,,University of Connecticut (http://magic.lib.uconn.edu/connecticut_data.html),https://www.innisardengolfclub.com/,1942279,,,,,,,,,,,,,,,,,,,,,,,,,,,,,,,,,,,,472544.8651560855,41.03220413338989,-73.55911354378001,Connecticut,CT00046
Southington,201,06489,CT,Pattonwood Drive,,18,,70,Hawk's Landing Golf Club,,860-793-6000,,,https://www.hawkslandingcc.com/,,Patton Brook Country Club,,,,,,,,,,,,,,,,,,,,,,,multipolygon,,,,,,,,,,,,463188.67906323436,41.6417357352601,-72.85917059614542,Connecticut,CT00018
Norwalk,95,06850,CT,North Seir Hill Road,Barn Nine (which is non-sequential) and Grey Hollow Nine comprise the 18-hole course,18;9,"Barn Nine, Grey Hollow Nine; Pro Shop Nine",70;33,Silvermine Golf Club,,203-847-4020,private,,https://www.silverminegolf.com/,1942941,,,,,,,,,,,,,,,,,,,,,,,,multipolygon,,,,,,,,,,,,455241.5603951115,41.15411724266019,-73.43698489177268,Connecticut,CT00012
East Longmeadow,105,01028,CT,Somerville Road,,18_hole,,70,Elmcrest Country Club,,+1 413 525 8444,,MassGIS OpenSpace (http://www.mass.gov/mgis/osp.htm),http://golfelmcrestcc.com/,,,,,,,,,,,,,Elmcrest Country Club,private,,,,,,,,,,,,,,,,,,,,,,,455019.6081271163,42.03646965885867,-72.47486653846471,Connecticut,CT00035
Madison,8,06443,CT,West Wharf Road,,,,,Madison Country Club,,203-245-1407,,,https://www.madisoncountryclub.org/,,,,,,,,,,,,,,,,,,,,,,,,,multipolygon,,,,,,,,,,,,448592.4072516743,41.27505789132393,-72.6112734870087,Connecticut,CT00020
Woodstock,204,06281,CT,Roseland Park Road,,9,,34,Woodstock Golf Course,Trustees of Roseland Park,+1 860 315 7698,,,https://www.woodstockgolfcourse.com,,,,,,,,,,,,,,,,,,,,,,,,,,,,,,,,,,,,,445560.4077738164,41.949911875050006,-71.96188852567643,Connecticut,CT00182
East Hartford,130,06108,CT,Long Hill Street,,18,,72,East Hartford Golf Club,Town of East Hartford,860-616-6649,,University of Connecticut (http://magic.lib.uconn.edu/connecticut_data.html),https://www.easthartfordgc.com/,1950195,,,,,,,,,,,,,,,,,,,,,,,,,,,,,,,,,,,,442112.6829259332,41.792557288479735,-72.58893472025137,Connecticut,CT00179
Stratford,4567,06614,CT,Main Street,,,,,Mill River Country Club,,203-375-5641,,,https://www.millrivercc.org/,,,,,,,,,,,,,,,,,,,,,,,,,,,,,,,,,,,,,436986.27271236875,41.22408824656205,-73.1202120852541,Connecticut,CT00152
Farmington,14,06032,CT,Westwoods Drive,,18,,61,Westwoods Golf Course,,+1 860 675 2548,,,https://www.farmington-ct.org/departments/westwoods-golf-course,,,,,,,,,,,,,,,,,,,,,,,,,,,,,,,,,,,,,426104.0395532096,41.71032423234452,-72.88880725020259,Connecticut,CT00171
West Suffield,1070,06093,CT,South Grand Street,,18,,71,Airways Golf Course,,860-668-4973,,,http://www.airwaysgolf.com/,1949977,,,,,,,,,,,,,,,,,,,,,,,,,,,,,,,,,,,,417479.16865209065,41.9597854659966,-72.70480302613963,Connecticut,CT00115
Huntington,15,06484,CT,Soundview Avenue,,,,,Brownson Country Club,,203-929-5644,,,https://www.brownsoncc.com/,,,,,,,,,,,,,,,,,,,,,,,,,multipolygon,,,,,,,,,,,,399519.8893856033,41.29786623344335,-73.14065607904146,Connecticut,CT00019
Plantsville,150,06479,CT,Savage Street,,18,,71,Southington Country Club,,860-628-7032,,University of Connecticut (http://magic.lib.uconn.edu/connecticut_data.html),https://www.southingtoncountryclub.com/,,,,,,,,,,,,,,,,,,,,,,,,,,,,,,,,,,,,,396936.3832502319,41.56729488991753,-72.86608514154864,Connecticut,CT00118
East Granby,20,06026,CT,Copper Hill Road,,9,,36,Copper Hill Golf Club,,860-653-6191,,,https://www.copperhillgolf.com/,1950159,,,,,,,,,,,,,,,,,,,,,,,,multipolygon,,,,,,,,,,,,380416.7109288053,41.97766617624628,-72.74975286873658,Connecticut,CT00031
,,,,,"Golf course was closed Jan 2020, but latest imagery shows most features intact. Driving range may be still be operative.",18,,60,Willow Brook Golf Course,MBS GRAHAM LLC,+1 860 805-3115,,,https://www.willowbrookgc.com/,,,,,,,,,,Jking@ethicalsolutions.net,,,,,,,,,,,,,yes,,,,,,,,,,,,,,370497.97544603137,41.856239317186336,-72.56471658085596,Connecticut,CT00185
Wolcott,141,06716,CT,East Street,Holes 8 and 9 can be played with different tees/pars,9,,34;36,Farmingbury Hills Golf Course,,203-879-8038,,University of Connecticut (http://magic.lib.uconn.edu/connecticut_data.html),http://www.farmingburyhillsgolf.com/,,,,,,,,,,,,,,,,,,,,,,,,,,,,,,,,,,,,,364190.43902137625,41.57070734249477,-72.94469177508478,Connecticut,CT00113
Stamford,451,06902,CT,Stillwater Road,,,,,E. Gaynor Brennan Golf Course,,203-324-4185,,University of Connecticut (http://magic.lib.uconn.edu/connecticut_data.html),https://www.brennangolf.com/,212941,Hubbard Heights Golf Course,,,,,,,,,,,,,,,,,,,,,,,,,,,,,,,,,,,347771.38817904063,41.06064906412585,-73.55679725783735,Connecticut,CT00051
Canaan,74,06018,CT,High Street,,9_hole,,35,Canaan Country Club,,860-824-7683,,,https://www.canaancountryclub.com/,,,,,,,,,,,,,,,,,,,,,,,,,,,,,,,,,,,,,345770.35378266044,42.0211505447901,-73.33685416866747,Connecticut,CT00094
,,,,,,,,,Pine Orchard Yacht & Country Club,,,,,,,,,,golf,,,,,,,,,,,,,,,,,,,,,,,,,,,,,,,,343487.98326834844,41.27025566032105,-72.77244530956186,Connecticut,CT00163
,,,,,,9,,36,Highfield Club,,203-758-9101,private,,https://www.highfieldclub.com/,,,,,,,,,,,,,,,,,,,,,,,,,,,,,,,,,,,,,337324.1525502077,41.55435477582579,-73.15145197753391,Connecticut,CT00147
Westport,25,06880,CT,Kings Highway South,,9,,36,Birchwood Country Club,,203-221-3280,private,University of Connecticut (http://magic.lib.uconn.edu/connecticut_data.html),https://www.birchwoodcc.org/,,,,,,,,,,,,,,,,,,,,,,,,,,,,,,,,,,,,,334142.37241901626,41.12954640924339,-73.37330318018357,Connecticut,CT00050
Winsted,300,06098,CT,Torringford Street,,9,,71,Green Woods Country Club,,860-379-8302,,University of Connecticut (http://magic.lib.uconn.edu/connecticut_data.html),https://www.greenwoodscc.net/,,,,,,,,,,,,,,,,,,,,,,,,,,,,,,,,,,,,,324283.644211497,41.88396049710404,-73.06739857560169,Connecticut,CT00096
Portland,105,06480,CT,Gospel Lane,,18,,60,Portland Golf West,,860-342-6111,,,http://www.portlandwestgolf.com/,,,,,,,,,,,,,,,,,,,,,,,,,,,,,,,,,,,,,302157.5885648637,41.58491547249878,-72.60831626152218,Connecticut,CT00103
New Preston,22,06777,CT,Golf Links Road,,9,,35,Lake Waramaug Country Club,,860-868-2333,,University of Connecticut (http://magic.lib.uconn.edu/connecticut_data.html),https://www.lakewaramaugcc.com/,,,,,,,,,,,,,,,,,,,,,,,,,,,,,,,,,,,,,289945.660586354,41.69468956369631,-73.38122190889216,Connecticut,CT00120
,,,,,,9,,35,Hotchkiss Golf Course,,,,,https://www.hotchkiss.org/athletics/hotchkiss-golf-course,,,,,,,,,,,,,,,,,,,,,,,,,multipolygon,,,,,,,,,,,,285244.31357715296,41.944694726314474,-73.4408145994577,Connecticut,CT00024
Pomfret,34,06259,CT,Brayman Hollow Road,,9,,36,Vineyard Valley Golf Club,,+1 860 974 2100,,,https://www.vineyardvalleygolfclub.com/,,,,,,,,,,vvgcproshop@gmail.com,,,,,,,,,,,,,,,,,,,,,,,,,,,280860.25752232503,41.89336654147575,-71.98227830217029,Connecticut,CT00170
Greenwich,61,06830,CT,Woodside Drive,,9,,35,The Milbrook Club,,203-869-4540,,University of Connecticut (http://magic.lib.uconn.edu/connecticut_data.html),https://www.milbrookclub.com/,212949,,,,,,,,,,,,,,,,,,,,,,,,,,,,,,,,,,,,278761.74691109976,41.0320975860236,-73.60861066616673,Connecticut,CT00042
,,,,,,9,,36,Hop Brook Golf Course,,203-729-8013,,,http://www.naugatuck-ct.gov/content/77/441/3932.aspx,1933907,,,,,,,,,,,,,,,,,,,,,,,,,,,,,,,,,,,,278274.1122673306,41.50702464955446,-73.05854522372852,Connecticut,CT00141
Suffield,341,06078,CT,North Main Street,,9,,34,"Suffield Country Club, Inc.",,860-668-7260,,University of Connecticut (http://magic.lib.uconn.edu/connecticut_data.html),https://suffieldcc.com/,,,,,,,,,,,,,,,,,,,,,,,,,,,,,,,,,,,,,273343.7902477631,41.99246044286262,-72.6533680130619,Connecticut,CT00090
Rocky Hill,600,06067,CT,Cold Spring Road,,,,,Rolling Greens Golf Course,,+1 860 257 9775,,,https://www.ctrollinggreens.com/,1950634,,,,,,,,,,,,,,,,,,,,,,,,multipolygon,,,,,,,,,,,,265297.2043550405,41.63673837581204,-72.69179929686878,Connecticut,CT00029
Bethany,275,06524,CT,Miller Road,,9,,36,Woodhaven Country Club,,203-393-3230,,,http://www.woodhavengolf.org/,,,,,,,,,,,,,,,,,,,,,,,,,,,,,,,,,,,,,261942.24770850147,41.41660730364663,-73.04038602465903,Connecticut,CT00085
Newtown,214,06470,CT,Sugar Street,,9,,35,Rock Ridge Country Club,,203-426-2106,,,https://www.rockridgecc.com/,,,,,,,,,,,,,,,,,,,,,,,,,,,,,,,,,,,,,261589.5374875253,41.379278738932676,-73.34641116536177,Connecticut,CT00069
Washington,10,06793,CT,Golf Course Road,,9,,35,Washington Golf Course,,860-868-0166,private,,https://www.washingtonclub.net/,212999,,,,,,,,,,,,,,,,,,,,,,,,,,,,,,,,,,,,260913.9021744175,41.64420276435303,-73.29712277492494,Connecticut,CT00105
Middlefield,132,06455,CT,Mack Road,,,,,Indian Springs Golf Club,,860-349-8109,,,https://www.indiansprings-golf.com/,1923900,,,,,,,,,,,,,,,,,,,,,,,,,,,,,,,,,,,,259009.02892899574,41.51357554066642,-72.71951730330208,Connecticut,CT00062
Litchfield,263,06759,CT,Milton Road,,9,,35,Stonybrook Golf Course,,860-567-9977,,,https://www.stonybrookgc.com/,,,,,,,,,,,,,,,,,,,,,,,,,,,,,,,,,,,,,253567.5693106051,41.756858816910636,-73.23438797112988,Connecticut,CT00101
Litchfield,263,06759,CT,Milton Road,,9,,35,Stonybrook Golf Course,,860-567-9977,,,https://www.stonybrookgc.com/,,,,,,,,,,,,,,,,,,,,,,,,,,,,,,,,,,,,,253567.5693106051,41.756858816910636,-73.23438797112988,Connecticut,CT00100
Colchester,288,06415,CT,Old Hebron Road,,9,,35,Chanticlair Golf Course,,+1 860 537 3223,,,https://www.chanticlair.com/,1930710,,,,,,,,,,,,,,,,,,,,,,,,,,,,,,,,,,,,247787.23777750018,41.587707929662116,-72.34487842984706,Connecticut,CT00138
Southbury,522,06488,CT,Heritage Road,,9,,35,Pomperaug Golf Club,,203-264-9484,,,http://www.pomperauggolfclub.com/,1932637,,,,,,,,,,,,,,,,,,,,,,,,,,,,,,,,,,,,244342.4333152505,41.49432465096323,-73.22283227677829,Connecticut,CT00047
Rye Brook,,10573,,Anderson Hill Road,,,,,Doral Arrowwood Golf Course,,914-323-4478,,Bing,https://www.doralarrowwood.com/activities/golf,,,,,,,,,,,,,,,,,,,,,,,,,,,,,,,,,,,,,241089.91793181887,41.04531606490409,-73.68821651572438,Connecticut,CT00130
Enfield,130,06082,CT,Town Farm Road,,9,,35,Grassmere Country Club,,860-749-7740,,,http://www.grassmerecountryclub.com/,1950946,,,,,,,,,,,,,,,,,,,,,,,,,,,,,,,,,,,,235475.62266901572,41.95509540071156,-72.53148446037483,Connecticut,CT00127
Hamden,3931,06518,CT,Whitney Avenue,,,,,Sleeping Giant Golf Course,,203-281-9456,,,http://sleepinggiantgc.gotdns.com/,,,,,,,,,,,,,,,,,,,,,,,,,,,,,,,,,,,,,235118.14526733654,41.43475260475238,-72.90552334258409,Connecticut,CT00089
Woodstock,125,06281,CT,Harrisville Road,,9,,36,Harrisville Golf Course,,,,,https://www.harrisvillegolfcourse.com/,212930,,,,,,,,,,,,,,,,,,,,,,,,,,,,,,,,,,,,230290.07778076915,41.92159427520198,-71.93944077476775,Connecticut,CT00104
Glastonbury,16,06033,CT,Fairway Crossing,,9,,35,Minnechaug Golf Course,Town of Glastonbury,860-643-9914,,,https://www.minnechauggolf.com/,1950497,,,,,,,,,,,,,,,,,,,,,,,,multipolygon,,,,,,,,,,,,229358.7745511763,41.733152650761504,-72.52461566928808,Connecticut,CT00026
,,,,,,9,,33,Tashua Glen Golf Course,Tashua Knolls,203-452-5186,,,http://www.tashuaglen.com/,,,,,,,,,,,,,,,,,,,,,,,,,,,,,,,,,,,,,229247.9607815768,41.28595710411677,-73.24590938752966,Connecticut,CT00153
,,,,,,9,,33,Tashua Glen Golf Course,Tashua Knolls,203-452-5186,,,http://www.tashuaglen.com/,,,,,,,,,,,,,,,,,,,,,,,,,,,,,,,,,,,,,229247.9607815768,41.28595710411677,-73.24590938752966,Connecticut,CT00154
West Hartford,37,06107,CT,Buena Vista Road,,9,,31,Buena Vista Golf Course,,860-521-7359,,,https://www.westhartford.org/living_here/town_departments/leisure_services/buena_vista_golf_course.php,,,,,,,,,,,,,,,,,,,,,,,,,,,,,,,,,,,,,224586.3468383547,41.74553354332476,-72.76782126031435,Connecticut,CT00149
,,,,,,,,,Fenwick Golf Club,,,,,,,,,,,,,,,,,,,,,,,,,,,,,,multipolygon,,,,,,,,,,,,221365.59854577808,41.27163474045934,-72.35558080683212,Connecticut,CT00021
Torrington,1301,06790,CT,Torringford West Street,,9,,36,Eastwood Country Club,,860-489-2630,,,http://www.eastwoodcountryclub.net/,,,,,,,,,,,,,,,,,,,,,,,,,,,,,,,,,,,,,215886.09214886598,41.83532818188266,-73.09078150031544,Connecticut,CT00072
East Lyme,34,06333,CT,Drabik Road,,18,,27,Cedar Ridge Golf Course,,860-691-4568,,,http://cedarridgegolf.com/,1930702,,,,,,,,,,,,,,,,,,,,,,,,,,,,,,,,,,,,214584.04776631788,41.37943003105693,-72.2191372647948,Connecticut,CT00102
Norfolk,,06058,,Golf Drive,,9,,36,Norfolk Country Club,,860-542-5606,private,,https://norfolkcountryclub.com/,,,,,,Q29468989,,,,,,,,,,,,,,,,,,,,,,,,,,,,,,,204535.69972751418,41.98323782965718,-73.21917056362236,Connecticut,CT00093
Shelton,261,06484,CT,Wooster Street,,9,,34,Highland Golf Club,,203-924-8658,private,,http://www.highlandgolfclub.com/,1942220,,,,,,,,,,,,,,,,,,,,,,,,,,,,,,,,,,,,188006.58914040335,41.31427944167349,-73.1027722785326,Connecticut,CT00082
Shelton,261,06484,CT,Wooster Street,,9,,34,Highland Golf Club,,203-924-8658,private,,http://www.highlandgolfclub.com/,1942220,,,,,,,,,,,,,,,,,,,,,,,,,,,,,,,,,,,,188006.58914040335,41.31427944167349,-73.1027722785326,Connecticut,CT00081
,,,,,,9,,33,Homewood Acres Golf Course,,,,,http://www.homewoodacres.com/home.html,,,,,,,,,,,,,,,,,,,,,,,,,,,,,,,,,,,,,187307.00541961988,41.31582484619909,-73.02599965409605,Connecticut,CT00178
Newtown,2,06470,CT,Country Club Road,,9,,33,Newtown Country Club,,203-426-9311,,University of Connecticut (http://magic.lib.uconn.edu/connecticut_data.html),https://www.newtowncountryclub.com/,,,,,,,,,,,,,,,,,,,,,,,,,,,,,,,,,,,,,163783.04369056266,41.39788594856443,-73.29832194608363,Connecticut,CT00067
,,,,,,,,,Candlewood Lake Golf and Country Club,,860-354-7160,,,http://www.candlewoodlakeclub.org/,1931859,,,,,,,,,,,,,,,,,,,,,,,,,,,,,,,,,,,,162658.12479574681,41.496759593810346,-73.4361225312266,Connecticut,CT00137
Milford,137,06461,CT,Kozlowski Road,,9,,32,Orchards Golf Course,,+1-203-877-8200,,,https://orchardsgc.com/,,,,,,,,,,,,Mo-Su 09:00-14:30,,,,,,,,,,,,,,,,,,,,,,,,,149225.35744939264,41.249948750193084,-73.04996280807248,Connecticut,CT00183
,,,,,,9,,30,Miner Hills Golf Course & Driving Range,,,,,https://www.minerhillsgolf.com/,,,,,,,,,,,,,,,,,,,,,,,,,,,,,,,,,,,,,145343.47244685498,41.57828045344407,-72.7128508301772,Connecticut,CT00173
Stratford,1,06615,CT,Dorne Drive,,9,,27,Short Beach Golf Course,,203-381-2070,,,http://www.shortbeachgolf.com/,1942936,,,,,,,,,,,,,,,,,,,,,,,,,,,,,,,,,,,,132576.97610009945,41.16010488613915,-73.1138681780837,Connecticut,CT00156
,,,,,,9,,34,Goose Run Golf Course,,+1 860 694 3763,,,,,,,,,,,,,,,,,,,,,,,,,,,,,,,,,,,,,,,,126018.74785298253,41.40469282596692,-72.09152845811927,Connecticut,CT00128
,,,,,,9,,35,Sunset Hill Golf Club,,,,,,212916,Brookfield Golf Course,,,,Q107283937,en:Sunset Hill Golf Club,,,,,,,,,,,,,,,,,,,,,,,,,,,,,,113459.69655013947,41.45337015687153,-73.38551766730691,Connecticut,CT00142
Southbury,255,06488,CT,Old Field Road,,,,,Gainfield Farms Gold Course,,203-262-1100,,,https://www.gainfieldfarmsgolf.com/,,,,,,,,,,,,,,,,,,,,,,,,,,,,,,,,,,,,,102775.64339424239,41.47683086712811,-73.22504901435872,Connecticut,CT00146
Prospect,122,06712,CT,Cook Road,,,,,Highland Greens Golf Course,,203-758-4022,,,https://www.highlandgreens.com/,1933882,,,,,,,,,,,,,,,,,,,,,,,,,,,,,,,,,,,,94333.64336761943,41.484053323618156,-72.95846881934911,Connecticut,CT00140
Fairfield,70,06824,CT,Old Dam Road,,9,,27,Carl Dickman Par 3 Golf Course,,+1-203-254-5113,,,https://hsrgolf.com/carl-dickman-par-3/,1942685,Pine Creek Par 3 Golf Course,,,,,,,,,,,,,,,,,,,,,,,,,,,,,,,,,,,93887.17469613161,41.123398149288754,-73.26577433382299,Connecticut,CT00061
Guilford,200,06437,CT,North Madison Road,,9,,28,Guilford Lakes Golf Course,,203-453-8214,,,http://www.guilfordlakesgc.com/,,,,,,,,,,,,,,,,,,,,,,,,,,,,,,,,,,,,,73458.58981228637,41.331103362428316,-72.68769656338492,Connecticut,CT00150
Southington,1794,06489,CT,West Street,,,,,The Highland Golf Range,,860-863-5653,,,http://www.highlandgolfrange.com/,,Merrell's Highland Driving Range,,,,,,,,,,,,,,,,,,,,,,,,,,,,,,,,,,,65793.8871439352,41.63644398492788,-72.9017007291081,Connecticut,CT00071
Hebron,231,06248,CT,West Street,,,,,Bea Practice Facility,,+1 860 228 0250,,,https://www.blackledgecc.net,,,,,,,,,,,,,,,,,,,,,,,,,,,,,,,,,,,,,57953.381180462246,41.677517174130195,-72.43905201935537,Connecticut,CT00189
Brooklyn,170,06234,CT,South Street,,,,,Countryview Driving Range,"170 South Street, LLC",+1 860 774 1200,,,https://www.facebook.com/BCVDriver,1924262,,,,,,,,,,,,,,,,,,,,,,,,,,,,,,,,,,,,52101.609411885176,41.78821963562832,-71.90237257343088,Connecticut,CT00187
,,,,,Pitch and putt course,9,,27,Twin Lakes Golf Course,,,,,http://www.twinlakesgolfct.com/,1933004,,,,,,,,,,,,,,,,,,,,,,,,,,,,,,,,,,,,45175.8539477496,41.31543227796684,-72.7813639581645,Connecticut,CT00086
,,,,,,,,,Colchester Driving Range,,,,,,,,,,,,,,,,,,,,,,,,,,,,,,,,,,,,,,,,,,43664.85547237585,41.589322476552475,-72.34952059798242,Connecticut,CT00188
,,,,,,,,,Malerba's Golf Driving Range,,,,,,,,,,,,,,,,,,,,,,,,,,,,,,,,,,,,,,,,,,41988.46061460709,41.50476060056553,-72.10077069836778,Connecticut,CT00184
,,,,,,,,,H. Smith Richardson Driving Range,,,,,https://hsrgolf.com/h-smith-richardson-driving-range/,,,,,golf,,,,,,,,,,,,,,,,,,,,,,,,,,,,,,,,29324.831447293043,41.219406141101985,-73.27819303116488,Connecticut,CT00168
,,,,,,,,,Slicer's Driving Range,,,,,,,,,,,,,,,,,,,,,,,,,,,,,,,,,,,,,,,,,,22394.234092120896,41.513091564828414,-72.9241944517009,Connecticut,CT00172
,,,,,,,,,Unknown Golf Course,,,private,,,,,,,,,,,,,,,,,,,,,,,,,,,,,,,,,,,,,,,10959.611915745143,41.73501290157259,-73.41114859329808,Connecticut,CT00190
,,,,,,3,,9,Old Black Point Golf Course,,,,,,,,,,,,,,,,,,,,,,,,,,,,,,,,,,,,,,,,,,10784.84602213741,41.29155110011863,-72.20657714592595,Connecticut,CT00169
