name,website,addr:city,addr:state,addr:housenumber,addr:postcode,addr:street,operator,opening_hours,access,phone,source,wikidata,sport,area,addr:country,contact:phone,wikipedia,description,start_date,landuse,ref,golf:course,golf:par,fixme,distance,par,golf,note,type,ele,gnis:feature_id,facebook,area_m2,lat,lon,province,gcid
Heatherhurst Golf Club,,,,,,,,,,,,,,yes,,,,,,,,,,,,,,,,,,,3449450.177113142,36.036958214971385,-84.88506301735178,Tennessee,TN00241
The Grove Greg Norman Golf Course,https://groveliving.com/golf/,College Grove,TN,6200,37046,Wildings Boulevard,,,,+1-615-368-3044,,,,,,,,,,,,,,,,,,,,,,,3164457.3616642356,35.81769902462694,-86.72961383024902,Tennessee,TN00216
Troubadour Golf and Field Club,https://thetroubadourclub.com/,,,,,,,,,,,,,,,,,,,,,,,,,,,,,,,,2914851.907957897,35.82783443952529,-86.67759238714683,Tennessee,TN00238
Sevierville Golf Club,,,,,,,City of Sevierville,,,,,,,,,,,,,,,,,,,,,,multipolygon,,,,2480220.3656938365,35.90292764149352,-83.58993630993479,Tennessee,TN00046
Ross Creek Landing Golf Course,https://www.rosscreeklandinggolfclub.com/,,,,,,,,,,bing,,,,,,,,,,,,,,,,,,,,,,2381788.230183352,35.378589801790646,-87.974027149521,Tennessee,TN00192
Graysburg Hills Golf Course,,,,,,,,,,,,,,,,,,,,,,,,,,,,,,,,,2251061.8979044626,36.31238274750295,-82.70767348604065,Tennessee,TN00215
Unknown Golf Course,,,,,,,,,,,,,,,,,,,,,,,,,,,,,multipolygon,,,,2090776.054864555,36.01919623890964,-86.9536691228908,Tennessee,TN00027
Hermitage Golf Course,https://www.hermitagegolf.com/,Old Hickory,TN,3939,37138,Old Hickory Boulevard,,,,+1-615-987-0324,,,,,,,,,,,,,,,,,,,,,,,1991320.9737586637,36.228643246202786,-86.64042412813173,Tennessee,TN00169
Druid Hills Golf Club,,,,,,,,,,,,,,yes,,,,,,,,,,,,,,,,,,,1782447.5532168008,35.997410201986334,-84.88738275438985,Tennessee,TN00242
Windyke Country Club,https://www.windyke.com/,Memphis,,8525,38125,Winchester Road,,,,+1-901-754-1888,,,,,,,,,,,,,,,,,,,,,,,1767327.8398628305,35.04251336035475,-89.7775960623485,Tennessee,TN00117
Windyke Country Club,https://www.windyke.com/,Memphis,,8525,38125,Winchester Road,,,,+1-901-754-1888,,,,,,,,,,,,,,,,,,,,,,,1767327.8398628305,35.04251336035475,-89.7775960623485,Tennessee,TN00118
Tennessee National Golf Club,,,,,,,,,,,,,,,,,,,,,,,,,,,,,multipolygon,,,,1604238.422295199,35.76565574598242,-84.41137973617771,Tennessee,TN00040
Tennessee National Golf Club,,,,,,,,,,,,,,,,,,,,,,,,,,,,,multipolygon,,,,1604238.422295199,35.76565574598242,-84.41137973617771,Tennessee,TN00039
The Links at Davy Crockett,https://www.memphistn.gov/Government/ParksNeighborhoods/GolfCourses/LinksatDavyCrockett.aspx,Memphis,,4380,,Ridgeline Road,,,,+1-901-358-3375,,,,,,,,,,,,,,,,,,,multipolygon,,1282208,,1542529.3315617887,35.24231104544622,-89.97146347876573,Tennessee,TN00013
Bufford Ellington Golf Course,https://tnstateparks.com/golf/course/henry-horton,Chapel Hill,TN,4358,37034,Nashville Highway,,,,+1-931-364-2319,,,,,,,,,,,,,,,,,,,,,,,1392093.452742264,35.58464795335161,-86.69913667646615,Tennessee,TN00156
Patriot Hills Golf Club,,Jefferson City,TN,735,37760,Constitution Drive,,,,,,,,,,,,,,,,,,,,,,,,,,,1335748.039404377,36.0581279043679,-83.48169101516689,Tennessee,TN00184
The Honors Course,https://www.honorscourse.net/,Ooltewah,,9603,37363,Lee Highway,,,,423-238-4272,,Q16892375,,,,,,,,,,,,,,,,,,,,,1297274.7187967135,35.08727802821882,-85.0465368992648,Tennessee,TN00102
Fair Oaks Golf Course,,,,,,,,,,,,,,,,,,,,,,,,,,,,,,,,,1236972.6440318937,35.24030694651924,-89.51007421591348,Tennessee,TN00198
The Golf Club at WindRiver,,,,,,,,,,,,,,,,,,,,,,,,,,,,,multipolygon,,,,1214719.072733189,35.746759912929356,-84.23404091891996,Tennessee,TN00048
Memphis National Golf Course,,,,,,,,,,,,,,,,,,,,,,,,,,,,,,,,,1208338.2893768502,35.07320372869885,-89.72008733366246,Tennessee,TN00133
Pine Creek Golf Club,https://www.pinecreekgolf.net/,Mount Joliet,TN,1835,37122,Logue Road,,,,+1-615-449-7272,,,,,,,,,,,,,,,,,,,,,,,1176624.2880012214,36.12448874525155,-86.47165687646074,Tennessee,TN00123
Harpeth Hills Golf Course,https://www.nashville.gov/departments/parks/golf-courses/harpeth-hills-golf-course,Nashville,TN,2424,37221,Old Hickory Blvd,,,,+1-615-862-8493,,,,,,,,,,,,,,,,,,,,,,,1163157.1981055366,36.05516958056175,-86.8826559719601,Tennessee,TN00090
Unknown Golf Course,,,,,,,,,,,,,,,,,,,,,,,,,,,,,,,,,1154584.2847479722,36.089222426202,-87.26517502062418,Tennessee,TN00204
Nashville Golf & Athletic Club,https://www.ngac.net/,Brentwood,TN,1703,37027,Crockett Springs Trail,,,,+1-615-370-3346,,,,,,,,,,,,,,,,,,,,,,,1154343.691811995,35.95941048493142,-86.78839142690573,Tennessee,TN00146
The Governors Club,https://www.thegovernorsclub.com/,Brentwood,TN,18,37027,Governors Way,,,,+1-615-776-4311,,,,,,,,,,,,,,,,,,,multipolygon,,,,1141482.6452273068,35.97909164677233,-86.73187661165409,Tennessee,TN00031
Unknown Golf Course,,,,,,,,,,,,,,,,,,,,,,,,,,,,,,,,,1140645.544590625,35.95201258054574,-86.84155478060906,Tennessee,TN00066
Unknown Golf Course,,,,,,,,,,,,,golf,,,,,,,,,,,,,,,,,,,,1128246.8964643527,36.430450482372144,-88.09247687351282,Tennessee,TN00138
Warrior's Path State Park Golf Course,,,,,,,,,,,,,,,,,,,,,,,,,,,,,,,,,1116184.1076813075,36.504827102641684,-82.47778053486776,Tennessee,TN00232
Lambert Acres Golf Club,,,,,,,,,,,,,,,,,,,,,,,,,,,,,,,,,1077149.7107860653,35.74809140354266,-83.88489512899595,Tennessee,TN00230
Indian Hills Golf Course,https://www.indianhillsgc.com/,Murfreesboro,TN,405,37127,Calumet Trace,,,,+1-615-895-3642,,,,,,,,,,,,,,,,,,,multipolygon,,,,1076781.7437937495,35.79364011399381,-86.39405627952564,Tennessee,TN00051
Indian Hills Golf Club,https://www.indianhillsgc.com/,Murfreesboro,TN,405,37127,Calumet Trace,,,,+1-615-895-3642,,,,,,,,,,,,,,,,,,,,,,,1076781.7437937495,35.79364011399381,-86.39405627952564,Tennessee,TN00143
Unknown Golf Course,,,,,,,,,,,,,,,,,,,,,,,,"boundary was guessed, innaccurate. What is the name?",,,,,,,,,1070934.4014267698,36.46130604327726,-89.06159415519942,Tennessee,TN00225
Ridgeway Country Club,https://www.ridgewaycountryclub.com/,Memphis,,9800,38139,Poplar Avenue,,,,901-853-2247,,,,,,,,,,,,,,,,,,,,,,,1027661.9917865663,35.06230708793114,-89.73554590279427,Tennessee,TN00116
TPC Southwind,https://tpc.com/tpc-southwind,Memphis,,3325,38125,Club at Southwind,,,,901-748-0330,,Q7671120,,,,,,,,,,,,,,,,,multipolygon,,,,1013418.2297515481,35.054472589530626,-89.77943846883691,Tennessee,TN00016
TPC Southwind,https://tpc.com/tpc-southwind,Memphis,,3325,38125,Club at Southwind,,,,901-748-0330,,Q7671120,,,,,,,,,,,,,,,,,multipolygon,,,,1013418.2297515481,35.054472589530626,-89.77943846883691,Tennessee,TN00017
Lakewood Golf & Country Club,http://www.lakewoodgcctullahoma.com/,Tullahoma,,1900,37388,Country Club Drive,,,,+1 931 455 8770,,,,,,,,,,,,,,,,,,,,,,,967487.54522697,35.38971703805221,-86.21036456197476,Tennessee,TN00165
Greystone Golf Club,https://www.greystonegc.com/,Dickson,TN,2555,37055,Highway 70 East,,,,+1-615-446-0044,,,,,,,,,,,,,,,,,,,,,,,957425.1628156385,36.09209327180216,-87.3370878647127,Tennessee,TN00161
Cole Park Golf Course,https://campbell.armymwr.com/programs/cole-park-golf-course,Fort Campbell,KY,1601,42223,Club Loop,,08:15-16:30,,+1-270-798-4906,,,,,US,,,,,,,,,,,,,,multipolygon,,,,948012.593562886,36.61269526682156,-87.44056305923003,Tennessee,TN00019
The Greens at Deerfield,,La Follette,TN,161,37766,The Clubhouse Drive,,,,,,,,,,,,,,,,,,,,,,,multipolygon,,,,936642.281212224,36.34759317865222,-84.00639031104436,Tennessee,TN00036
Colonial Country Club,https://www.colonialcountryclub.org/index.php/golf,,,,,,,,,,,Q5148309,,,,,,,,,,,,,,,,,,,,,934101.5737769065,35.19428648932488,-89.77785527605694,Tennessee,TN00131
Colonial Country Club,https://www.colonialcountryclub.org/index.php/golf,,,,,,,,,,,Q5148309,,,,,,,,,,,,,,,,,,,,,934101.5737769065,35.19428648932488,-89.77785527605694,Tennessee,TN00132
Unknown Golf Course,,,,,,,,,,,,,,,,,,,,,,,,,,,,,,,,,907853.8176365306,35.34229646932493,-89.85807445947817,Tennessee,TN00208
Island Pointe Golf Club,,,,,,,,,,,,,,,,,,,,,,,,,,,,,,,,,885709.6483504644,35.96096612343204,-83.66425767827982,Tennessee,TN00219
Farms Golf Club,,,,,,,,,,,,,,,,,,,,,,,,,,,,,multipolygon,,,,876350.2332667107,36.05858446838351,-89.4105793190817,Tennessee,TN00032
Bear Trace at Cumberland Mountain State Park,https://tnstateparks.com/golf/course/bear-trace-at-cumberland-mountain,Crossville,TN,407,38572,Wild Plum Lane,,,,+1-931-707-1640,,,,,,,,,,,,,,,,,,,,,,,876117.1787061525,35.891636524649385,-85.00820509120265,Tennessee,TN00234
McCabe Golf Course,https://www.nashville.gov/Parks-and-Recreation/Golf-Courses/McCabe-Golf-Course.aspx,Nashville,TN,100,37209,46th Avenue North,,,,615-862-8491,,,,,,,,,,,,,,,,,,,,,,,865973.8275875347,36.13877585653762,-86.8471280667796,Tennessee,TN00111
Oak Ridge Country Club,https://oakridgecountryclub.org/,Oak Ridge,TN,150,37830,Gum Hollow Road,,,,,,,,,US,+1 865-482-2436,,,,,,,,,,,,,,,,,860286.8292270467,35.97605043981118,-84.32942435152586,Tennessee,TN00112
Unknown Golf Course,,,,,,,,,,,,,,,,,,,,,,,,,,,,,,,,,859846.4431591051,35.44308383101217,-86.7528492862081,Tennessee,TN00221
Willow Creek Golf Club,https://www.willowcreekgolf.com/,Farragut,TN,12300,37934,Kingston Pike,,,,+1-865-675-0100,,,,,,,,,,,,,,,,,,,,,,,854107.6041692032,35.86179391085206,-84.18948130684258,Tennessee,TN00140
Gaylord Springs Golf Links,https://www.gaylordsprings.com/,Nashville,,18,37214,Springhouse Lane,,,,+1 615 458 1730,,,,,,,,,,,,,,,,,,,,,,,853259.6045292155,36.2192836182322,-86.68020568071833,Tennessee,TN00171
Unknown Golf Course,,,,,,,,,,,,,,,,,,,,,,,,,,,,,,,,,853148.9301340693,36.022392836725835,-86.90039006687742,Tennessee,TN00149
"Woodlake Lodge, Golf, and Country Club",https://www.woodlakegolf.com/,Tazewell,,330,37879,Woodlake Boulevard,,,,+1 877 423 4653,,,,,,,,,,,,,,,,,,,multipolygon,,,,852834.5889319684,36.400049028755895,-83.55970063303278,Tennessee,TN00022
Westhaven Golf Club,http://www.privategolfcoursefranklintn.com/,Franklin,,4000,37064,Golf Club Lane,,,,+1 615 224 2990,,,,,,,,,,,,,,,,,,,,,,,851068.6445123302,35.935780273388154,-86.94117115274746,Tennessee,TN00122
Brentwood Country Club,http://bcctn.org/,,,,,,,,,,,,,,,,,,,,,,,,,,,,,,,,841987.4045404034,36.02006484601018,-86.8029043455452,Tennessee,TN00147
Cumberland Cove Golf Course,,,,,,,,,,,,,,,,,,,,,,,,,,,,,multipolygon,,,,839647.646205786,36.08277679531003,-85.22824647212796,Tennessee,TN00028
Bent Tree Golf Course,,,,,,,,,,,,,,,,,,,,,,,,,,,,,,,,,831185.6372093031,35.61843841867797,-88.7737636253756,Tennessee,TN00086
Centennial Golf Course,,,,,,,City of Oak Ridge,,,,,,,,,,,,,,,,,,,,,,multipolygon,,,,831070.1957529126,36.01195393180732,-84.17944677757878,Tennessee,TN00041
Three Ridges Golf Course,,knoxville,TN,6101,37918,Wise Springs Road,Three Ridges,11:00-20:00,,,,,,,,,,,,,,,,,,,,,,,,,823410.3214241057,36.086798058378974,-83.8447391865593,Tennessee,TN00157
Three Ridges Golf Course,,knoxville,TN,6101,37918,Wise Springs Road,Three Ridges,11:00-20:00,,,,,,,,,,,,,,,,,,,,,,,,,823410.3214241057,36.086798058378974,-83.8447391865593,Tennessee,TN00158
Egwani Farms,,,,,,,,,,,,,,,,,,,,,,,,,,,,,multipolygon,,,,818250.2073828485,35.832111150625416,-83.94842474154412,Tennessee,TN00045
Ridgefields Golf & Athletic Club,,,,,,,,,,,,,,,,,,,,,,,,,,,,,multipolygon,,,,810522.9605148723,36.544369899717175,-82.60643733000444,Tennessee,TN00042
Council Fire Golf Club,https://councilfire.net/,Chattanooga,,100,37421,Council Fire Drive,,,,+1-423-499-6300,,,,,,,,,,,,,,,,,,,multipolygon,,,,802959.2729907248,34.986573677237054,-85.16616382798142,Tennessee,TN00014
Forest Crossing Golf Club,http://www.forrestcrossing.com/,Franklin,TN,750,37064,Riverview Drive,,,,+1 615 794 9400,,,,,,,,,,,,,,,,,,,,,,,799896.8161576724,35.89253376951205,-86.83974387473918,Tennessee,TN00121
Fall Creek Falls Golf Course,,,,,,,,,,,,,,,,,,,,,,,,,,,,,,,,,789069.9654004853,35.648711978922925,-85.35643712908148,Tennessee,TN00172
Bear Trace Golf Course,,,,,,,,,,,,,,,,,,,,,,,,,,,,,,,,,787887.312868257,35.205406484544895,-86.26064513728188,Tennessee,TN00189
Unknown Golf Course,,,,,,,,,,,,,,,,,,,,,,,,,,,,,,,,,785982.3863352976,35.756742970043625,-84.3663706476286,Tennessee,TN00211
Covington Country Club,,,,,,,,,,,,,,,,,,,,,,,,,,,,,,,,,781031.03114185,35.53533523718105,-89.63036769969358,Tennessee,TN00124
Fox Den Country Club,,,,,,,,,,,,,,,,,,,,,,,,,,,,,multipolygon,,,,778690.6029629566,35.87607381571944,-84.19026804175023,Tennessee,TN00035
Dead Horse Lake Golf Course,https://deadhorselake.com/,Knoxville,TN,555,37923,Frank Gardner Lane,,,,+1-865-693- 5270,esri_USDOT_Tennessee,,,,,,,,,,,,,,,,,,multipolygon,,,,778657.0820623878,35.91978843586912,-84.10965934242812,Tennessee,TN00038
Southern Hills Golf Course,,,,,,,,,,,,,,,,,,,,,,,,,,,,,,,,,771085.770088856,36.106125528501124,-85.60205024345846,Tennessee,TN00187
Tri Cities Golf Club,https://www.tricitiesgc.com/,Blountville,,2354,37617,Feathers Chapel Road,,,,423-323-4178,,,,,,,,,,,,,,,,,,,,,,,769785.6743295832,36.5172651305302,-82.30116683022536,Tennessee,TN00114
Richland Country Club,https://www.richlandcc.com/,Nashville,TN,1,37215,Club Drive,,,,+1-615-370-0030,,,,,,,,,,,,,,,,,,,,,,,762118.3493183057,36.04862164075656,-86.82173761997778,Tennessee,TN00083
Ted Rhodes Golf Course,https://www.nashville.gov/departments/parks/golf-courses/ted-rhodes-golf-course,Nashville,TN,1901,37208,Ed Temple Blvd,,,,+1-615-862-8463,Bing,Q49569450,,,,,,,,,,,,,,,,,multipolygon,123,1324782,,758206.2867732974,36.187870927095226,-86.8247329942875,Tennessee,TN00058
Holston Hills Country Club,,,,,,,,,,,,Q5884473,,,,,en:Holston Hills Country Club,,,,,,,,,,,,,,,,757434.814889644,35.9926058188649,-83.84151560974692,Tennessee,TN00210
The Links at Pine Hill Golf Course,https://www.memphistn.gov/Government/ParksNeighborhoods/GolfCourses/LinksatPineHill.aspx,Memphis,,1005,,Alice Avenue,,,,+1-901-775-9434,,,,,,,,,,,,,,,,,,,,,,,753224.2173324702,35.09011122316037,-90.03051282576689,Tennessee,TN00068
Old Fort Golf Course,,,,,,,,,,,,,,,,,,,,,,,,,,,,,,,,,753008.4664581812,35.85244295134031,-86.41795933159666,Tennessee,TN00104
The Links at Fox Meadows,http://www.cityofmemphis.org/Government/ParksNeighborhoods/GolfCourses/LinksatFoxMeadows.aspx,Memphis,,3064,38115,Clarke Rd.,,,,,,,,,,,,,,,,,,,,,,Golf Course,,,,,748512.1812652451,35.0663855972779,-89.87222239787073,Tennessee,TN00099
Avalon Golf & Country Club,,,,,,,,,,,,,,,,,,,,,,,,,,,,,multipolygon,,,,744006.3678224402,35.85808422253004,-84.25695815957347,Tennessee,TN00033
The Golf Club of Bristol,http://countryclubofbristol.com/,Bristol,,6045,37620,Old Jonesboro Road,,,,+1 423-652-1700,,,,,,,,,,,,,,,,,,,,,,,735964.0846557018,36.588793413222,-82.12081254703727,Tennessee,TN00115
The Links at Audubon,https://www.memphistn.gov/Government/ParksNeighborhoods/GolfCourses/TheLinksatAudubon.aspx,Memphis,,4160,,Park Avenue,City of Memphis,07:00-19:00,,(901) 683 -6941,,,,,,,,,,,,,,,6345 yds,70,,,,,,,735388.9494873087,35.111991626192506,-89.91919663777948,Tennessee,TN00065
Cedar Crest Golf Club,https://www.cedarcrestgolfclub.com/,Murfreesboro,,7972,37129,Mona Road,,,,615-849-7837,,,,,,,,,,,,,,,,,,,,,,,735089.7414447339,36.00580045608262,-86.41527143080657,Tennessee,TN00103
Chatata Valley Golf Club,,Cleveland,TN,,,,,,,,,,,,,,,,,,,,,,,,,,,,,,728811.2795144924,35.16772289388346,-84.78459284489985,Tennessee,TN00190
The Crossings Golf Club,,,,,,,,,,,,,,,,,,,,,,,,,,,,,,,,,728780.9281135668,36.36004447258449,-82.60001091867014,Tennessee,TN00233
Irene Golf & Country Club,https://www.irenegolfcc.com/,Memphis,,8141,38125,Irene Boulevard,,,,901-752-1521,,,,,,,,,,,,,,,,,,,multipolygon,,,,726146.0367742314,35.01616174231614,-89.78770037232981,Tennessee,TN00015
The Country Club,,Morristown,TN,1635,37814,Doyal Drive,,,,,,,,,,,,,,,,,,,,,,,,,,,723764.024908978,36.21572005121642,-83.32593782313113,Tennessee,TN00180
Belle Meade,https://bellemeadecc.org/,Nashville,TN,815,37205,Belle Meade Boulevard,,,,+1-615-385-0150,,,,,,,,,,,,,,,,,,,,,,,723356.407731899,36.09561094875673,-86.86312911724214,Tennessee,TN00175
Moccasin Bend Golf Course,,,,,,,,,,,,,,,,,,,,,,,,,,,,,,,,,721444.1223089178,35.04502799016496,-85.33926659655074,Tennessee,TN00060
Grand Valley Lakes Golf Course,,,,,,,,,private,,Bing,,,,,,,,,,,,,,,,,,,,,,712529.4145092776,35.1553983679072,-88.99794282909487,Tennessee,TN00186
Redtail Mountain,https://www.redtailmountain.com/golf,Redtail Mountain,,300,37683,Clubhouse Lane,,,,+1 423 727 7600,,,,,,,,,,,,,,,,,,,multipolygon,,,,709471.557188419,36.42688360657969,-81.78739121862527,Tennessee,TN00021
Unknown Golf Course,,,,,,,,,,,,,,,,,,,,,,,,,,,,,,,,,704202.99492742,35.1553840707613,-85.20700417511769,Tennessee,TN00087
Link Hills Country Club,,,,,,,,,,,,,,,,,,,,,,,,,,,,,,,,,703154.5358901988,36.09659763613519,-82.85992757968114,Tennessee,TN00200
Pickwick Landing State Park Golf Course,,,,,,,,,,,,,,,,,,,,,,,,,,,,,,,,,702401.2891241093,35.04754018554637,-88.2421105187618,Tennessee,TN00188
Elizabethton Municipal Golf Course,,Elizabethton,TN,185,37643,Buck Van Huss Road,City of Elizabethton,Mo-Su 08:30-19:00,,,,,,,,,,,,,,,,,,,,,,,,,699230.3669876258,36.32039751815061,-82.2665719482683,Tennessee,TN00205
Country HIlls,https://chillsgc.com/,Hendersonville,TN,1501,37075,Saundersville Rd,,,,+1-615-824-1100,,,,,,,,,,,,,,,,,,,,,,,694051.7510143752,36.3475867411107,-86.56407568628077,Tennessee,TN00213
Gettysvue Golf & Country Club,,,,,,,,,,,,,,,,,,,,,,,,,,,,,multipolygon,,,,692414.0238230271,35.89110913969582,-84.08002252412642,Tennessee,TN00034
Champions Run Golf Course,https://www.championsrun.golf/,Rockvale,TN,14262,37153,Mt. Pleasant Road,,,,+1-615-274-2301,,,,,,,,,,,,,,,,,,,,,,,685889.6793680446,35.7242809277779,-86.58208288565251,Tennessee,TN00227
Unknown Golf Course,,,,,,,,,,,,,,,,,,,,,,,,,,,,,multipolygon,,,,681188.0609240645,35.14166367654925,-85.0653323875973,Tennessee,TN00018
Unknown Golf Course,,,,,,,,,,,,,,,,,,,,,,,,,,,,,multipolygon,,,,673670.2227197613,36.339055101549356,-86.50534781887521,Tennessee,TN00056
Hillwood Country Club,https://hillwoodcc.org/,Nashville,,6201,37205,Hickory Valley Road,,,,615-352-6591,,,,,,,,,,,,,,,,,,,,,,,672965.6384602676,36.122105142857016,-86.86706693141267,Tennessee,TN00110
Nashboro Golf Club,https://www.nashborogolf.com/,Nashville,TN,1101,37217,Nashboro Boulevard,,,,+1 615 367 2311,,,,,,,,,,,,,,,,,,,multipolygon,,,,672407.4084104737,36.08850870002432,-86.63654376300713,Tennessee,TN00026
Unknown Golf Course,,,,,,,,,,,,,,,,,,,,,,,,,,,,,,,,,669116.868958109,35.509467593730236,-88.75876965827341,Tennessee,TN00092
Long Hollow Golf Course,https://www.gallatintn.gov/485/Golf,Gallatin,TN,1080,37066,Long HollowPike,City of gallatin,,,+1-615-451-3120,,,,,,,,,,,,,,,,,,,,,,,667287.949852713,36.389076153390256,-86.48455768290746,Tennessee,TN00229
Unknown Golf Course,,,,,,,,,,,,,,,,,,,,,,,,,,,,,,,,,666052.0856459967,35.45814758935864,-86.41176564094324,Tennessee,TN00101
Clarksville Country Club,,,,,,,,,,,,,,,,,,,,,,,,,,,,,,,,,648276.199206552,36.52924252755959,-87.28950272435661,Tennessee,TN00240
Oak Hills,https://www.oakhillsgolfcoursetn.com/,Greenbrier,TN,1928,37073,Hygeia Rd,,,,+1-615-643-4505,,,,,,,,,,,,,,,,,,,,,,,643805.1747666528,36.404099262959626,-86.80160749008111,Tennessee,TN00098
Ruggles Ferry Golf Course,,,,,,,,,,,,,,,,,,,,,,,,,,,,,,,,,641269.3793137232,36.03730561160342,-83.74893912391435,Tennessee,TN00202
Dandridge Golf & Country Club,,Dandridge,TN,1247,37725,Stonewall Jackson Drive,,,,,,,,,,,,,,,,,,,,,,,,,,,634299.6340402522,36.04143977556775,-83.40759856920091,Tennessee,TN00181
Bent Creek Golf Course,https://www.bentcreekgolf.com/,Gatlinburg,TN,3919,37738,E. Parkway,,,,+1-865-436-3947,,,,,,,,,,,,,,,,,,,multipolygon,,,,633883.3534481544,35.7613083516796,-83.3465574528526,Tennessee,TN00050
Gatlinburg Golf Course,,,,,,,City of Gatlinburg,,,,,,,,,,,,,,,,,,,,,,,,,,624972.3856932822,35.78454312938506,-83.54137578509933,Tennessee,TN00152
Lakeland Golf Course of Baneberry,,,,,,,,,,,,,,,,,,,,,,,,,,,,,multipolygon,,,,620940.3360841635,36.04177546827782,-83.2673394678062,Tennessee,TN00043
Quail Ridge Golf Course,,,,,,,,,,,,,,,,,,,,,,,,,,,,,,,,,620547.3895688759,35.23728198383597,-89.85301477973807,Tennessee,TN00077
Old Hickory Country Club,https://www.iamoldhickory.com/,Old Hickory,,1904,37138,Hadley Avenue,,,,+1 615 847 3966,,,,,,,,,,,,,,,,,,,,,,,613109.7533193106,36.24835223966417,-86.647499574135,Tennessee,TN00170
Clinchview Golf and Country Club,,Bean Station,TN,970,37708,Highway 11W,Private,,,,local knowledge;streetlevel imagery;gps,,,,,,,"18-hole golf course in Bean Station, Tennessee, U.S.",1969,,,,,,,,,,,,,,611638.3029154799,36.336793223224475,-83.27339324059389,Tennessee,TN00214
Unknown Golf Course,,,,,,,,,,,,,,,,,,,,,,,,,,,,,,,,,611598.6916695153,35.5440313687462,-86.00325677649217,Tennessee,TN00107
Unknown Golf Course,,,,,,,,,,,,,,,,,,,,,,,,,,,,,,,,,605196.840433955,35.67485173605431,-88.83892395183743,Tennessee,TN00084
Andrew Johnson Golf Club,,,,,,,,,,,,,,,,,,,,,,,,,,,,,,,,,599498.656223497,36.13218115602738,-82.86525750669522,Tennessee,TN00235
Ironwood Golf Course,https://ironwoodgolfcourse.net/,Cookeville,,3801,38501,Ironwood Road,,,,+1 931 528 2331,,,,,,,,,,,,,,,,,,,,,,,593583.1272531782,36.224090306609675,-85.53043760991088,Tennessee,TN00166
Southwest Point Golf Course,,,,,,,,,,,,,,,,,,,,,,,,,,,,,multipolygon,,,,593104.5941565494,35.85732311963411,-84.54122956493642,Tennessee,TN00053
Hunters Point Golf Club,http://hunterspointgolf.com/,Lebanon,,1500,37087,Hunters Point Pike,,,,+1 615 444 7521,,,,,,,,,,,,,,,,,,,,,,,591945.8490542931,36.23353644468387,-86.29622214108323,Tennessee,TN00167
Sweetens Cove Golf Club,,South Pittsburg,TN,2040,37380,Sweetens Cove Road,,,,,,,,,,,,,,,,,,,,,,,,,,,590743.802355588,35.053058476786546,-85.722701848246,Tennessee,TN00212
Unknown Golf Course,,,,,,,,,,,,,,,,,,,,,,,,,,,,,multipolygon,,,,590394.1954678954,35.14116300197544,-85.15325904452163,Tennessee,TN00057
Knoxville Municipal Golf Course,https://www.golfknox.com/,Knoxville,,3925,37921,Schaad Road,City of Knoxville,,,865-691-7143,,,,,,,,,,,,,,,,,,,multipolygon,,,,589527.8227924127,35.995902560785616,-84.04350324657362,Tennessee,TN00037
Pine Oaks Golf Club,htttps://pineoaksgolf.com,Johnson City,TN,1709,37604,Buffalo Road,City of Johnson City,Mo-Su 08:00-20:00,,+14234346250,,,,,,,,,,,,,,,,,,,,,,,582433.9934637166,36.29970191776608,-82.3483487609161,Tennessee,TN00246
Lawrenceburg Golf and Country Club,,,,,,,,,,,,,,,,,,,,,,,,,,,,,,,,,578476.8621650657,35.24107810010416,-87.36480790428259,Tennessee,TN00108
Unknown Golf Course,,,,,,,,,,,,,,,,,,,,,,,,,,,,,,,,,575574.8744723749,35.14772590803932,-85.21229681982419,Tennessee,TN00228
Riverside Golf Course,http://www.farmlakes.com/,Old Hickory,,640,37138,Old Hickory Boulevard,,,,+1 615 847 5074,,,,,,,,,,,,,,,,,,,,,,,571023.4383520517,36.26910206750852,-86.67416588405213,Tennessee,TN00168
Stones River Country Club,,,,,,,,,,,,,,,,,,,,,,,,,,,,,,,,,570808.3927242422,35.876006282953696,-86.41681083430817,Tennessee,TN00105
Unknown Golf Course,,,,,,,,,,,,,,,,,,,,,,,,,,,,,,,,,563419.0357007881,36.231800404198445,-88.7963620921459,Tennessee,TN00224
Brainerd Golf Course,https://chattanooga.gov/general-services/public-golf-courses/brainerd,Chattanooga,,5203,37411,Old Mission Road,,,,423-855-2692,,,,,,,,,,,,,,,,,,,,,,,563002.0722224201,35.018285709855654,-85.21865725851563,Tennessee,TN00078
Golden Eagle Golf Club,https://www.ttugoldeneaglegolfclub.com/,Cookeville,,1500,38501,Country Club Road,Tennessee Technological University,,,+1 931 372 4653,,,,,,,,,,,,,,,,,,,multipolygon,,,,559758.3414324678,36.18418627117015,-85.47045110258068,Tennessee,TN00023
Golden Eagle Golf Club,https://www.ttugoldeneaglegolfclub.com/,Cookeville,,1500,38501,Country Club Road,Tennessee Technological University,,,+1 931 372 4653,,,,,,,,,,,,,,,,,,,multipolygon,,,,559758.3414324678,36.18418627117015,-85.47045110258068,Tennessee,TN00024
Shiloh Golf Course,,Adamsville,TN,2913,38310,Caney Branch Road,,,,,,,,,,,,,,,,,,,,,,,multipolygon,,,https://www.facebook.com/ShilohGC/,559568.8066726618,35.20604568691506,-88.36269163248603,Tennessee,TN00054
Smyrna Golf Course,https://www.smyrnagolfcourse.com/,Smyrna,TN,101,37167,Sam Ridley Pkwy East,,,,+1-615-459-2666,,,,,,,,,,,,,,,,,,,multipolygon,,,,559456.077854261,35.99845190653358,-86.51577687568142,Tennessee,TN00052
White Plains Golf Course,https://www.whiteplainsgolfcourse.com/,Cookeville,,4000,38506,Plantation Drive,,,,+1 931 537 6397,,,,,,,,,,,,,,,,,,,multipolygon,,,,557198.8755725282,36.18114029304489,-85.43004446816066,Tennessee,TN00025
Shelby Golf Course,,,,,,,,,,,,,,,,,,,,,,,,,,,,,,,,,556783.2625692622,36.1757693187422,-86.73073647469252,Tennessee,TN00095
Green Meadow Country Club,http://greenmeadowcc.com/,Alcoa,,1700,37701,Louisville Road,,,,+1 865 982 8783,,,,,,,,,,,,,,,,,,,,,,,553703.3440435987,35.785339298237794,-84.00087429233788,Tennessee,TN00162
Smoky Mountain Golf Club,,,,,,,,,,,,,,,,,,,,,,,,,,,,,multipolygon,,,,553641.601353212,35.93102513558319,-83.18863818676174,Tennessee,TN00055
Fulton Country Club,http://www.fultoncountryclub.com/,South Fulton,,9307,38257,State Line Road,,,,+1 731 479 3016,,,,,,,,,,,,,,,,,,,,,,,552992.1766464289,36.498706535635634,-88.85018487486099,Tennessee,TN00145
Unknown Golf Course,,,,,,,,,,,,,,,,,,,,,,,,,,,,,,,,,552482.2393388617,35.44921473024538,-84.73038567017029,Tennessee,TN00091
Greymere Country Club,https://www.graymerecc.com/,Columbia,,2100,38401,Country Club Lane,,,,+1 931 388 4455,,,,,,,,,,,,,,,,,,,,,,,547458.5107741475,35.595638148533546,-87.07217530490688,Tennessee,TN00164
Memphis Country Club,,,,,,,,,,,,,,,,,,,,,,,,,,,clubhouse,,,,,,545849.8082889882,35.1196030865233,-89.95816854343241,Tennessee,TN00070
Beaver Creek Country Club,,,,,,,Beaver Creek Country Club,,,,,,,,,,,,,,,,,,,,,,,,,,545318.0017339402,36.06643377186432,-83.94657725353846,Tennessee,TN00081
McDonald Hills,,,,,,,,,,,,,,,,,,,,,,,,,,,,,,,,,538809.460450481,36.38704716632934,-82.98049796471794,Tennessee,TN00209
Johnson City Country Club,,Johnson City,TN,1901,37601,East Unaka Avenue,,,,,,,golf,,,,,,,,,,,,,,,,,,,,533916.1607455618,36.34346670799307,-82.34106919228444,Tennessee,TN00144
Wild Laurel Golf Course,,,,,,,,,,,,,,,,,,,,,,,,,,,,,,,,,528283.8993565284,35.6685800144227,-83.80606519548968,Tennessee,TN00178
Unknown Golf Course,,,,,,,,,,,,,,,,,,,,,,,,,,,,,multipolygon,,,,526057.2729597982,35.06500218008321,-90.10757603030629,Tennessee,TN00011
Jackson National Golf Club,https://www.golfjacksontn.us/,Jackson,TN,307,38305,Henderson Road,,,,+1-731-424-3146,,,,,,,,,,,,18_hole,72,,,,,,,,,,520097.31535700534,35.685320886666005,-88.79660251101856,Tennessee,TN00085
Carroll Lake Golf Course,,,,,,,,,,,,,,,,,,,,,,,,,,,,,,,,,514392.7516993964,36.10961864342469,-88.47035026383985,Tennessee,TN00223
Chickasaw Country Club,,,,,,,,,,,,,,,,,,,,,,,,,,,,,,,,,506535.11254958453,35.143592360873356,-89.94881030472342,Tennessee,TN00071
Swan Lake Golf Course,https://www.cityofclarksville.com/453/Golf-Courses,Clarksville,TN,1514,37043,Golf Club Ln,,,,+1-931-645-7479,,,,,,,,,,,,,,,,,,,multipolygon,,,,505725.4670262786,36.55133369567358,-87.29627654216067,Tennessee,TN00029
Unknown Golf Course,,,,,,,,,,,,,,,,,,,,,,,,,,,,,,,,,501160.85070359416,36.351176754686655,-89.1517578809979,Tennessee,TN00196
The Links at Galloway,https://www.memphistn.gov/Government/ParksNeighborhoods/GolfCourses/LinksatGalloway.aspx,,,3815,,Walnut Grove Road,,,,901-685-7805,,,,,,,,,,,,,,,,,,,,,,,498737.6421506852,35.129362393402275,-89.93594675375128,Tennessee,TN00069
Unknown Golf Course,,,,,,,,,,,,,,,,,,,,,,,,,,,,,,,,,493002.5595559918,36.51431352122205,-82.5706068104067,Tennessee,TN00139
Williams Creek Golf Course,http://www.williamscreekgolfcourse.com/,Knoxville,,2351,37915,Dandridge Avenue,,,,865-546-5828,,,,,,,,,,,,,,,,,,,,,,,491546.1354634017,35.97406135110585,-83.88197786610151,Tennessee,TN00109
Fairvue,,,,,,,,,,,,,,,,,,,,,,,,,,,,,,,,,490411.4538872963,36.34821982449144,-86.4916043125672,Tennessee,TN00243
Unknown Golf Course,,,,,,,,,,,,,,,,,,,,,,,,,,,,,,,,,488999.0784701438,35.549954162520876,-84.97252812260773,Tennessee,TN00088
Dyersburg Municipal Golf Course,,,,,,,,,,,,,,,,,,,,,,,,,,,,,,,,,477728.0354636214,35.998456953390445,-89.41004243061732,Tennessee,TN00093
The Links at Whitehaven,https://www.memphistn.gov/Government/ParksNeighborhoods/GolfCourses/LinksatWhitehaven.aspx,,,750,,East Holmes Road,,,,901-396-1608,,,,,,,,,,,,,,,,,,,,,,,460011.43554675125,35.010587731303715,-90.0399291409215,Tennessee,TN00100
VA Golf Course,,,,,,,,,,,,,,,,,,,,,,,,,,,,,,,,,453036.14556192013,35.92270588203662,-86.38043195844152,Tennessee,TN00106
Poplar Meadows Country Club,,,,,,,,,,,,,,,,,,,,,,,,,,,,,,,,,449497.5777591188,36.3780909957424,-88.98056174202932,Tennessee,TN00206
Cherokee Country Club,,,,,,,,,,,,,,,,,,,,,,,,,,,,,,,,,449130.9683552811,35.93431452609155,-83.98976400650633,Tennessee,TN00199
Springbrook Golf and Country Club,,,,,,,,,,,,,,,,,,,,,,,,,,,,,,,,,431081.0958087904,35.5155026716191,-84.55571791966084,Tennessee,TN00151
Unknown Golf Course,,,,,,,,,,,,,,,,,,,,,,,,,,,,,,,,,416116.89961598255,35.749755986894975,-89.5087833367256,Tennessee,TN00195
Links at Riverside Golf Course,,,,,,,,,,,,,,,,,,,,,,,,,,,,,,,,,406084.8625770092,35.10325196993241,-90.07914159247736,Tennessee,TN00185
Whittle Springs Golf Course,https://www.golfwhittlesprings.com/,Knoxville,,3113,37917,Valley View Drive,,,,865-525-1022,,,,,,,,,,,,,,,,,,,,,,,387276.6212238584,36.01624811058996,-83.90787652438921,Tennessee,TN00082
Brown Acres Golf Course,,,,,,,,,,,,,,,,,,,,,,,,,,,,,,,,,382492.5548615968,35.007895699625884,-85.19536784639907,Tennessee,TN00079
Lebanon Golf & Country Club,https://www.lebanongolfandcountryclub.com/,Lebanon,TN,1300,37087,Coles Ferry Pike,,,,+1-615-444-8300,,,,,,,,,,,,,,,,,,,,,,,376956.53675279114,36.22204733347237,-86.30796417602531,Tennessee,TN00150
Unknown Golf Course,,,,,,,,,,,,,,,,,,,,,,,,,,,,,,,,,375778.5776756546,35.9718151966972,-85.8203777283227,Tennessee,TN00237
Signal Mountain Golf and Country Club,,,,,,,,,,,,,golf,,,,,,,,,,,,,,,,,,,,370032.60854588065,35.130298781781796,-85.3426147401395,Tennessee,TN00191
Smyrna Municipal,https://www.smyrnagolfcourse.com/,Smyrna,TN,101,37167,Sam Ridley Pkwy East,,,,+1-615-459-2666,,,,,,,,,,,,,,,,,,,,,,,366808.4382132712,35.994676752292925,-86.50475448545845,Tennessee,TN00097
Cattails Golf Course,,,,,,,,,,,,,,,,,,,,,,,,,,,,,,,,,366723.98768767156,36.50674289430283,-82.56388374741081,Tennessee,TN00059
Stonebridge Golf Course,,,,,,,,,,,,,,,,,,,,,,,,,,,,,,,,,362010.39700354834,35.2116998119307,-89.75512086369628,Tennessee,TN00128
Franklin County Country Club,,,,,,,,,,,,,,,,,,,,,,,,,,,,,,,,,347830.07841313456,35.170849626204294,-86.09355662591268,Tennessee,TN00155
Unknown Golf Course,,,,,,,,,,,,,,,,,,,,,,,,,,,,,,,,,344534.9812418134,35.94487032035394,-86.83903006317063,Tennessee,TN00067
Unknown Golf Course,,,,,,,,,,,,,,,,,,,,,,,,,,,,,,,,,314936.8960240156,35.2811414105322,-89.00999354305107,Tennessee,TN00160
Unknown Golf Course,,,,,,,,,,,,,,,,,,,,,,,,,,,,,,,,,314551.17373310484,35.17824921586508,-88.62019912026317,Tennessee,TN00236
Arnold Golf Course,https://www.arnoldafbservices.com/golf-course.html,,TN,,,,,,yes,+1-931-454-4653,Bing,,,,,,,,,,,,,,,,,,,,,,314008.5261233255,35.35352147344191,-86.1721511561619,Tennessee,TN00135
Paris Country Club,,,,,,,,,,,,,,,,,,,,,,,,,,,,,,,,,306221.3495965698,36.344201618657564,-88.25026082211751,Tennessee,TN00134
Concord Golf Course,,,,,,,,,,,,,,,,,,,,,,,,,,,,,,,,,305930.8323247122,35.011597644514794,-85.18038581845782,Tennessee,TN00136
The Course at Sewanee,https://www.thecourseatsewanee.com/index.htm,,,,,,,,,,,,,,,,,,,,,,,,,,,,multipolygon,,,,302561.1263430468,35.21251172797051,-85.91365727153494,Tennessee,TN00049
Unknown Golf Course,,,,,,,,,,,,,,,,,,,,,,,,,,,,,,,,,299849.1812919496,35.91581481591528,-85.43463811960463,Tennessee,TN00194
Copper Basin Golf Course,,,,,,,,,,,,,,,,,,,,,,,,,,,,,,,,,299512.8264017085,35.02516688645401,-84.32515291160652,Tennessee,TN00239
Belle Acres Golf Course,,,,,,,,,,,,,,,,,,,,,,,,,,,,,,,,,289000.7879277114,36.16309222342311,-85.4833161904497,Tennessee,TN00173
Creekside Golf Course,,,,,,,,,,,,,,,,,,,,,,,,,,,,,,,,,287410.45156005525,35.88618400904838,-83.7246427352556,Tennessee,TN00226
LaFallotte Country Club,,,,,,,,,,,,,,,,,,,,,,,,,,,,,multipolygon,,,,271150.40821774426,36.38428914179676,-84.09862462083157,Tennessee,TN00047
Oakview Links,http://www.westtngolf.com/,Newbern,,218,38059,Wheatley Drive Extension,,,,+1 731-627-0047,,,,,,,,,,,,,,,,,,,,,,,270570.4881984495,36.116640453177745,-89.27826045413757,Tennessee,TN00119
Lakeside Golf Course,,,,,,,,,,,,,,,,,,,,,,,,,,,,,,,,,262652.3748190662,35.84960061873139,-84.49551240571166,Tennessee,TN00231
Dandridge Golf & Country Club,,Dandridge,TN,1247,37725,Stonewall Jackson Drive,,,,,,,,,,,,,,,,,,,,,,,,,,,260223.96484492306,36.04535853162453,-83.40055324924765,Tennessee,TN00182
Unknown Golf Course,,,,,,,,,,,,,,,,,,,,,,,,,,,,,,,,,255740.8249163361,35.01052954853662,-85.19853201516908,Tennessee,TN00064
Fayetteville Golf and Country Club,,,,,,,,,,,,,,,,,,,,,,,,,,,,,multipolygon,,,,243843.20985645824,35.17383862985354,-86.58435893627907,Tennessee,TN00012
The Links at Overton Park,https://www.memphistn.gov/Government/ParksNeighborhoods/GolfCourses/LinksatOvertonPark.aspx,,,2080,,Poplar Avenue,,,,901-725-9905,,,,,,,,,,,,,,,,,,,multipolygon,,,,241960.02688633202,35.143479343342584,-89.99116065576993,Tennessee,TN00030
Morristown Golf & Country Club,,Morristown,TN,1180,37813,Valley Home Road,,,,,,,,,,,,,,,,,,,,,,,,,,,236260.59401160752,36.1910635295845,-83.3187541782132,Tennessee,TN00179
Signal Mountain Golf Course,,,,,,,,,,,,,golf,,,,,,,,,,,,,,,,,,,,233325.08775206585,35.127905019586876,-85.35393490836556,Tennessee,TN00193
Percy Warner Golf Course,,,,,,,,,,,,,,,,,,,,,,,,,,,,,,,,,214549.00943933064,36.083910824177785,-86.870021363967,Tennessee,TN00089
Mason Rudolph Golf Course,https://www.cityofclarksville.com/453/Golf-Courses,Clarksville,TN,1514,37043,Golf Club Lane,,,,+1-931-645-7479,,,,,,,,,,,,,,,,,,,multipolygon,,,,212314.81220617908,36.51258615694593,-87.3264488131316,Tennessee,TN00020
Memphis Athletic Ministries Park Golf Course,,,,,,,,,,,,,,,,,,,,,,,,,,,,,,,,,202901.48033264428,35.08317737420795,-89.99147977709315,Tennessee,TN00176
Unknown Golf Course,,,,,,,,,,,,,,,,,,,,,,,,,,,,,,,,,196311.14731820422,35.92170282375785,-84.56788119612013,Tennessee,TN00163
Fairvue,,,,,,,,,,,,,,,,,,,,,,,,,,,,,,,,,193312.11690765625,36.33857832554085,-86.48417295033802,Tennessee,TN00244
Lupton City Golf Club,http://www.luptoncitygolf.com/,,,,,,,,,+1-423-364-6947,,,,,,,,,,,,,,,,,,,,,,,174409.1512681746,35.10088506773037,-85.2637794033166,Tennessee,TN00061
Harpeth Valley Golf Center,https://www.harpethvalleygolf.com/,Nashville,TN,7629,37221,Old Harding Rd,,,,+1-615-646-8858,,,,,,,,,,,,,,,,,,,,,,,171796.7086181671,36.05622050070652,-86.94484919684182,Tennessee,TN00174
Unknown Golf Course,,,,,,,,,,,,,,,,,,,,,,,,,,,,,,,,,149462.41724525334,35.17863852223944,-85.2325226549161,Tennessee,TN00073
The Patch at The Preserve,,,,,,,,,,,,,,,,,,,,,,,,,,,,,multipolygon,,,,145640.88359895654,35.91041260004053,-84.41322618450417,Tennessee,TN00044
UT Day Golf Practice Facility,,,,,,,"University of Tennessee, Knoxville",,,,,,,,,,,,,,,,,,,,,,,,,,137229.2150679152,35.9348434093615,-83.95039079843448,Tennessee,TN00148
Stonebridge Golf Course,,,,,,,,,,,,,,,,,,,,,,,,,,,,,,,,,131807.4904544377,35.21143108780441,-89.74778430275963,Tennessee,TN00126
Stonebridge Golf Course,,,,,,,,,,,,,,,,,,,,,,,,,,,,,,,,,130980.63968000964,35.207980025682964,-89.74311893898758,Tennessee,TN00125
Vinny Links Golf Course,https://www.nashville.gov/departments/parks/golf-courses/vinnylinks-golf-course,Nashville,TN,2009,37206,Sevier Street,,,,+1-615-645-9863,,,,,,,,,,,,,,,,,,,,,,,128325.67073839015,36.1653853343852,-86.73711883931887,Tennessee,TN00096
Wynridge Golf Club,,,,,,,,,,,,,,,,,,,,,,,,,,,,,,,,,126201.20334997104,36.35370965681571,-89.1437966551938,Tennessee,TN00197
Beverly Park Junior Golf Course,,,,,,,,,,,,,,,,,,,,,,,,,,,,,,,,,107971.1461636149,36.06005144271261,-83.89047653146761,Tennessee,TN00154
Stonebridge Golf Course,,,,,,,,,,,,,,,,,,,,,,,,,,,,,,,,,105087.94979167945,35.20829083768233,-89.75610017767664,Tennessee,TN00127
Fairways and Greens Golf Center,http://fairwaysandgreens.org,Knoxville,,626,37932,Simmons Road,,,,,,,,,,,,,,,,,,,,,,,,,,,101573.54995022203,35.91346355244457,-84.13742040265679,Tennessee,TN00137
Stonebridge Golf Course,,,,,,,,,,,,,,,,,,,,,,,,,,,,,,,,,99661.36927046125,35.21678727906445,-89.74475548226957,Tennessee,TN00130
Unknown Golf Course,,,,,,,,,,,,,,,,,,,,,,,,,,,,,,,,,97832.03204285732,35.12927822766133,-85.30478401783975,Tennessee,TN00080
Lightning Bug Golf Course,,,,,,,,,,,,,,,,,,,,,,,,,,,,,,,,,93546.09792378511,35.85583380467891,-86.63172022607958,Tennessee,TN00220
Unknown Golf Course,,,,,,,,,,,,,,,,,,,,,,,,,,,,,,,,,91345.71057053184,35.17808929923446,-85.22948451343142,Tennessee,TN00072
Temple Hills Golf Course,,,,,,,,,,,,,,,,,,,,,,,,,,,,,,,,,85405.08162173477,36.025043179228206,-86.95389726358336,Tennessee,TN00094
Fairvue,,,,,,,,,,,,,,,,,,,,,,,,,,,,,,,,,71123.65303061472,36.344805415797,-86.48588278620011,Tennessee,TN00245
Beverly Park Golf Course,,,,,,,,,,,,,,,,,,,,,,,,,,,,,,,,,68142.41086335089,36.058041177665665,-83.8932858490098,Tennessee,TN00153
Concord Park Golf Course,,Knoxville,TN,10909,37922,South Northshore Drive,,,,,,,,,,,,,,,,,,,,,,,,,,,56525.26698934271,35.86430292066857,-84.12375018591537,Tennessee,TN00203
Unknown Golf Course,,,,,,,,,,,,,,,,,,,,,,,,,,,,,,,,,55415.395090978906,35.132354723970394,-85.30516593727343,Tennessee,TN00062
ETSU Golf Course,,,,,,,,,,,,,,,,,,,,,,,,,,,,,,,,,52937.45077180091,36.29461258970651,-82.36969949106782,Tennessee,TN00141
Unknown Golf Course,,,,,,,University of Memphis,,,,,,,,,,,,,drving_range,,,,,,,,,,,,,52616.63282889903,35.10177023588663,-89.92896369037327,Tennessee,TN00177
Unknown Golf Course,,,,,,,,,,,,,,,,,,,,,,,,,,,,,,,,,49238.817700857624,35.244285150933784,-84.98469599010154,Tennessee,TN00120
Big Hollow Par III,http://www.bighollowpar3.com/,Blountville,,1901,37617,Highway 394,,,,423-323-6615,,,,,,,,,,,,,,,,,,,,,,,39907.8113749969,36.52689995138578,-82.32343756240716,Tennessee,TN00113
Jerry Carpenter Practice Grounds,,,,,,,The University of Tennessee at Martin,,,,,,,,,,,,,,,,,,,,,,,,,,38936.58098501789,36.34812344235524,-88.86587671081223,Tennessee,TN00222
Stonebridge Golf Course,,,,,,,,,,,,,,,,,,,,,,,,,,,,,,,,,36923.092791059345,35.213155289524195,-89.74270872401864,Tennessee,TN00129
Unknown Golf Course,,,,,,,,,,,,,,,,,,,,,,,,,,,,,,,,,30991.45115388436,35.13498077606088,-85.30644350129349,Tennessee,TN00063
Dandridge Golf & Country Club,,Dandridge,TN,1247,37725,Stonewall Jackson Drive,,,,,,,,,,,,,,,,,,,,,,,,,,,26809.783823001555,36.04215027584378,-83.40005613075778,Tennessee,TN00183
Unknown Golf Course,,,,,,,,,,,,,,,,,,,,,,,,,,,,,,,,,24944.820918925096,34.9955687592411,-85.2038603799405,Tennessee,TN00217
Unknown Golf Course,,,,,,,,,,,,,,,,,,,,,,,,,,,,,,,,,13515.254524867414,35.17781793906017,-85.23320117638777,Tennessee,TN00074
Unknown Golf Course,,,,,,,,,,,,,,,,,,,,,,,,,,,,,,,,,13508.76758340743,35.177495706718524,-85.18384039428385,Tennessee,TN00076
