addr:city,addr:housenumber,addr:postcode,addr:state,addr:street,name,phone,website,source,sport,addr:floor,check_date,internet_access,level,opening_hours,wheelchair,designation,old_name,alt_name,landuse,fixme,addr:country,golf:course,golf:par,operator,access,email,operator:type,umn:landuse,disused,gnis:feature_id,abandoned,addr:postbox,holes,addr:unit,description,wikidata,building:levels,operator:wikidata,surface,golf,ref,note,type,area,fax,start_date,wikipedia,area_m2,lat,lon,province,gcid
,,,,,Legacy Courses at Cragun's,,,,,,,,,,,,,,,,,,,Cragun's Resort,,,,,,,,,,,,,,,,,,,multipolygon,,,,,2547703.367658565,46.387355443603596,-94.33535103940801,Minnesota,MN00069
,,,,,The Refuge Golf Course,,,,,,,,,,,,,,,,,,,,,,,,,,,,,,,,,,,,,,,,,,,2141605.5604942166,45.34951051802676,-93.29869833421651,Minnesota,MN00381
,,,,,The Refuge Golf Course,,,,,,,,,,,,,,,,,,,,,,,,,,,,,,,,,,,,,,,,,,,2141605.5604942166,45.34951051802676,-93.29869833421651,Minnesota,MN00380
Red Wing,409,55066,,Golf Links Drive,Mississippi National Golf Links,+1-651-388-1874,https://www.golfredwing.com/,,,,,,,,,,,,,,,,,,,,,,,,,,,,,,,,,,,,,,,,,2073515.610090644,44.5495684645599,-92.4823980093784,Minnesota,MN00221
Stillwater,6667,55082,MN,Keats Avenue North,Indian Hills Golf Club,,,,,,,,,,,,,,,,,,,,,,,,,,,,,,,,,,,,,,,,,,,2056466.466945563,45.04640405891081,-92.89781011885975,Minnesota,MN00417
,,,,,Bearpath,,,,,,,,,,,,,,residential,,,,,,,,,,,,,,,,,,,,,,,,multipolygon,,,,,1763659.8222388332,44.84157416043729,-93.50919736702699,Minnesota,MN00013
,,,,,Emerald Greens,,,,,,,,,,,,,,,,,,,,,,,,,,,,,,,,,,,,,,,,,,,1481959.7409532042,44.736415426872234,-92.96687848743497,Minnesota,MN00171
,,,,,Victory Links Golf Course,,,Bing,,,,,,,,,,,,,,,,,,,,,,,,,,,,,,,,,,,,,,,,1466790.797362622,45.15284685751931,-93.221572454692,Minnesota,MN00255
Ham Lake,701,55304,MN,Bunker Lake Boulevard Northeast,Majestic Oaks Golf Club,+1-763-755-2140,https://www.majesticoaksgolfclub.com,,,,,,,sunrise-sunset,,,,,,,,,72+72+29,Majestic Oaks Golf Club,,,,,,,,,,,,,,,,,,,,,,,,1408472.827187746,45.22200031305258,-93.24902677206542,Minnesota,MN00172
Lutsen,5731,55612,MN,Highway 61,Superior National at Lutsen-Golf Course,+1-218-663-7195,https://superiornational.com/,,,,,wlan,,Mo-We 16:00-21:00; Th-Su 12:00-21:00,,,,Superior National Golf Course,,,,,,,,,,,,,,,,,,,,,,,,,,,,,,1372069.28648232,47.64136351629044,-90.71740518503002,Minnesota,MN00376
,,,,,Enger Park Golf Course,,,,,,,,,,,,,,,,,,,,,,,,,,,,,,,,,,,,,,,,,,,1276590.1610227108,46.78108590649893,-92.13189994490125,Minnesota,MN00071
Aurora,6325,55705,MN,Wynne Creek Dr,The Ledgend,,,,,,,,,,,,,,,,,,,Giant's Ridge,,,,,,,,,,,,,,,,,,,,,,,,1262688.3696078719,47.586043405035426,-92.30654499724982,Minnesota,MN00250
,,,,,Deacon's Lodge,,https://breezypointresort.com/deacons-lodge-golf-course/,,,,,,,,,,,,,,,,,Breezy Point Resort,,,,,,,,,,,,,,,,,,,,,,,,1181442.0377965553,46.60780319586825,-94.20384206655106,Minnesota,MN00405
,,,,,Albion Ridges Golf Course,,,,,,,,,,,,,,,,,,,,,,,,,,,,,,,,,,,,,,,,,,,1162593.4385509589,45.18138657607037,-94.04886282534811,Minnesota,MN00369
,,,,,Albion Ridges Golf Course,,,,,,,,,,,,,,,,,,,,,,,,,,,,,,,,,,,,,,,,,,,1162593.4385509589,45.18138657607037,-94.04886282534811,Minnesota,MN00368
,,,,,The Pines,,,,,,,,,,,,,,,,,,,Grand View Resort,,,,,,,,,,,,,,,,,,,multipolygon,,,,,1140147.6194638633,46.503748503691014,-94.31297928244972,Minnesota,MN00043
Coon Rapids,12800,55448,MN,Bunker Prairie Road NW,Bunker Hills Golf Course,+1-763-755-4141,https://www.bunkerhillsgolf.com/,,,,,,,sunrise-sunset,,,,,,,,27_hole,72,Bunker Hills Golf Club,,,,,,,,,,,,,,,,,,,,,,,,1137750.8325708685,45.204540285438824,-93.28769926258735,Minnesota,MN00162
Blaine,11444,55449,MN,Tournament Players Parkway,TPC Twin Cities,,,,,,,,,,,,,,,"Many course changes since last mapped, outlines need to be added/updated/deleted.",,,,PGA Tour,,,,,,,,,,,,,,,,,,,multipolygon,,,,,1127472.9377015438,45.17630144856042,-93.21384244589852,Minnesota,MN00061
Perham,2727,56573,,450th Street,Perham Lakeside Golf Club,+1-218-346-6070,https://www.perhamlakeside.com/,,,,,,,,,,,,,,,,,,,,,,,,,,,,,,,,,,,,,,,,,1122014.0050423867,46.61523903135831,-95.57105383486586,Minnesota,MN00177
,,,,,Unknown Golf Course,,,,,,,,,,,,,,,,,,,,,,,,,,,,,,,,,,,,,,,,,,,1101732.9584827374,45.67647492362561,-92.99709217717303,Minnesota,MN00421
,,,,,The Wilderness at Fortune Bay,,,,,,,,,,,,,,,,,,,,,,,,,,,,,,,,,,,,,,,,,,,1100527.850374943,47.81957700974238,-92.34761331960065,Minnesota,MN00300
,,,,,Chaska Town Course,,,,,,,,,,,,,,,,,,,,,,,,,,,,,,,,,,,,,,multipolygon,,,,,1090370.670535068,44.82974404881774,-93.63113446433884,Minnesota,MN00019
,,,,,Geneva Golf Club,,,,,,,,,,,,,,,,,,,,,,,,,,,,,,,,,,,,,,,,,,,1080241.594841658,45.902804189257644,-95.31219413461595,Minnesota,MN00447
,,,,,The Jewel Golf Club,,,"Bing, http://jewelgolfclub.com/",,,,,,,,,,,,,,,,,,,,,,,,,,,,,,,,,,,,,,,,1074581.3322693026,44.44254059570008,-92.29320935941948,Minnesota,MN00192
,,,,,Lakeside Country Club,,,,,,,,,,,,,,,,,,,,,,,,,,,,,,,,,,,,,,,,,,,1074576.2826191091,44.099469019929316,-93.48444795881996,Minnesota,MN00299
,,,,,Braemar Golf Course,,,,,,,,,,,,,,,,,,,,,,,,,,,,,,,,,,,,,,,,,,,1072384.3261450194,44.867696177986055,-93.38500389033081,Minnesota,MN00113
Prior Lake,8670,55372,MN,Credit River Boulevard,Legends Golf Club,,https://www.legendsgc.com/,,,,,,,,,,,,,,,,,,,,,,,2092619,,,,,,,,,,,,,multipolygon,,,,,1058338.0256024944,44.674047017882735,-93.34585338980018,Minnesota,MN00046
,,,,,Wedgewood Cove Golf Club,,,,,,,,,,,,,,,,,,,,,,,,,,,,,,,,,,,,,,multipolygon,,,,,1051927.326842656,43.63762782470487,-93.40097341684488,Minnesota,MN00032
Frontenac,32420,55026,,Ski Road,Mount Frontenac Golf Course,800-488-5826,https://mountfrontenac.com/,,,,,,,,,,,,,,,,,,,,,,,,,,,,,,,,,,,,,,,,,1046866.6855042322,44.51047857861525,-92.39195515706108,Minnesota,MN00222
Detroit Lakes,19790,56501,MN,Co Hwy 20,Wildflower GC,,,,,,,,,sunrise-sunset,,,,,,,,,,,,,,,,,,,,,,,,,,,,,multipolygon,,,,,1031693.3896962353,46.72011879283847,-95.99301352439238,Minnesota,MN00045
,,,,,Tanner's Brook,,,,,,,,,,,,,,,,,,,,,,,,,,,,,,,,,,,,,,,,,,,1023052.5589349297,45.22538829536091,-92.9911870530299,Minnesota,MN00373
,,,,,Inver Wood Golf Course,,,,,,,,,,,,,,,,,,,,,,,,,,,,,,,,,,,,,,,,,,,1013430.7492262955,44.841503572663505,-93.07369076131138,Minnesota,MN00294
,,,,,Unknown Golf Course,,,,,,,,,,,,,,,,,,,,,,,,,,,,,,,,,,,,,,,,,,,1012312.6882264597,45.098358311141446,-93.52115520575937,Minnesota,MN00426
,,,,,Unknown Golf Course,,,,,,,,,,,,,,,,,,,,,,,,,,,,,,,,,,,,,,,,,,,972840.1024067618,46.952145672687095,-95.04103915956283,Minnesota,MN00407
Aurora,,55705,MN,Co Rd 138,The Quarry,,,,,,,,,,,,,,,,,,,Giant's Ridge,,,,,,,,,,,,,,,,,,,,,,,,969440.4290113325,47.542626503329934,-92.29501460429898,Minnesota,MN00249
,,,,,Golden Eagle Golf Club,,,,,,,,,,,,,,,,,,,,,,,,,,,,,,,,,,,,,,,,,,,965541.1679573356,46.7571476289682,-94.06560699420297,Minnesota,MN00382
,,,,,Unknown Golf Course,,,,,,,,,,,,,,,,,,,,,,,,,,,,,,,,,,,,,,,,,,,935103.1529319414,46.849938626160714,-91.99781639920339,Minnesota,MN00174
,,,,,Eagle Ridge Gold Course,,,,,,,,,,,,,,,,,,,,,,,,,,,,,,,,,,,,,,,,,,,926343.0799096477,47.27609677712012,-93.43493631124944,Minnesota,MN00256
,,,,,North Oaks Golf Course,,,,golf,,,,,,,,,,,,,,,,,,,,,,,,,,,,,,,,,,,,,,,913153.2408502782,45.083273368791424,-93.09519599412138,Minnesota,MN00159
,,,,,Unknown Golf Course,,,,,,,,,,,,,,,,,,,,,,,,,,,,,,,,,,,,,,multipolygon,,,,,912546.9890190944,44.49226162578864,-92.95080459536742,Minnesota,MN00025
Two Harbors,1349,55616,MN,Highway 61,Lake View National Golf Course,+1-218-834-2664,https://www.lakeviewnationalgolfcourse.com/,,,,,,,,,,,,,,,,,City of Two Harbors,,,,,,,,,,,18 Holes,,,,,,,,,,,,,905554.6379650751,47.033770062601604,-91.66101894689147,Minnesota,MN00072
Ramsey,9333,55303,MN,Alpine Drive Northwest,Links at Northfork,,,,,,,,,,,,,,,,,,,,,,,,,,,,,,,,,,,,,,multipolygon,,,,,892888.9581526038,45.253116985860764,-93.5027922945983,Minnesota,MN00016
St. Cloud,488,56304,MN,55th Avenue Southeast,Territory Golf Club,+1-320-258-4653,https://www.territorygc.com/,,,,,,,,,,,,,,,,,St. Cloud Ventures LLC,,,,,,,,,,,,,,,,,,,,,,,,891022.9448096695,45.56487756320894,-94.04062005826123,Minnesota,MN00357
,,,,,Pioneer Creek,,,,,,,,,,,,,,,,,,,,,,,,,,,,,,,,,,,,,,,,,,,887099.0900102179,44.991833267543214,-93.75222772711973,Minnesota,MN00430
,,,,,Tepetonka Golf Club,,https://tepetonka.com/,,,,,,,,,,,,,,,,,,,,,,,,,,,,,,,,,,,"Under Development, Fall 2024",,,,,,885507.4587933746,45.29305609114356,-95.03196341745371,Minnesota,MN00453
,,,,,Eagle's Landing Golf Club and Grill,,,,,,,,,,,,,,,,,,,,,,,,,,,,,,,,,,,,,,,,,,,882169.7367628622,46.13924054514012,-94.34231096534704,Minnesota,MN00435
East Bethel,1788,55011,MN,Viking Boulevard NE,Viking Meadows Golf Club,+1-763-434-4205,https://www.vikingmeadows.com/,Mapbox,,,,,,,,,,,,,,,,,,,,,,,,,,,,,,,,,,,multipolygon,,,,,871798.5050162019,45.31313456876564,-93.22610778023294,Minnesota,MN00063
Independence,18,55359,MN,Golf Walk,Windsong Farm Golf Club,,,,,,,,,,,,,,,,,,,,,,,,,,,,,,,,,,,,,,,,,,,868270.286388858,44.98321419286968,-93.74058312531439,Minnesota,MN00123
Lake Elmo,11455,55042,,20th Street North,Royal Golf Club,+1-651-505-9050,https://royalclubmn.com/,,,,,,,,,,,,,,,,,,,,,,,,,,,,,,,,,,,,,,,,,867471.9305364776,44.973239909533525,-92.87119404505876,Minnesota,MN00226
Minneapolis,1301,55422,MN,Theodore Wirth Parkway,Theodore Wirth Golf Course,,https://www.minneapolisparks.org/golf/courses/theodore_wirth_golf_club/,,,,,,,,,,,,,,,,,Minneapolis Park and Recreation Board,,,public,,,,,,,,,,,Q46750735,,,,,,,,,,863772.4895812852,44.99417908179761,-93.32487133591167,Minnesota,MN00433
,,,,,Dacotah Ridge Golf Club,,,,,,,,,,,,,,,,,,,,,,,,,,,,,,,,,,,,,,,,,,,863340.4794885081,44.49746193972342,-94.93126583267289,Minnesota,MN00452
,920,55963,,8th Street SE,Pine Island Golf Course,+1-507-356-8252,https://www.pineislandgolf.com/,MOA,,,,,,,,,,,,,,,,,,,,,,,,,,,,,,,,,,,,,,,,863122.4895812641,44.19855811855582,-92.62955065512021,Minnesota,MN00136
,,,,,Northland Country Club,,,,,,,,,,,,,,,,,,,,,,,,,,,,,,,Q7059515,,,,,,,,,,,,861617.5897639297,46.83041982565845,-92.05014375916068,Minnesota,MN00093
Wayzata,200,55391,MN,Wayzata Boulevard,Wayzata Country Club,+1-952-473-8846,http://wayzatacc.com,,,,,,,,,,,,,,,,,,,,,,,,,,,,,,,,,,,,,,,,,860064.2140680766,44.98017033029984,-93.53101115227923,Minnesota,MN00124
Becker,14000,55308,MN,Club House Lane,Pebble Creek Golf Course,,https://pebblecreekgolf.com/,,,,,,,,,,,,,,,,,,,,,,,,,,,,,,,,,,,,multipolygon,,,,,858292.106645522,45.40769114232069,-93.8690388969369,Minnesota,MN00033
Woodbury,9555,55125,,Wedgewood Drive,Prestwick Golf Club,+1-651-731-4779,https://www.prestwick.com/,,,,,,,,,,,,,,,,,,,,,,,,,,,,,,,,,,,,multipolygon,,,,,852592.268016526,44.89581275271565,-92.91240830009973,Minnesota,MN00021
,,,,,Bellwood Oaks Golf Course,+1-651-437-4141,https://www.bellwoodoaksgolf.com/,,,,,,,sunrise-sunset,,,,,,,,18_hole,73,Bellwood Oaks Golf Club,,,,,,,,,,,,,,,,,,,,,,,,844049.8588618801,44.649463771507634,-92.83797063260023,Minnesota,MN00341
,,,,,Unknown Golf Course,,,,,,,,,,,,,,,,,,,,,,,,,,,,,,,,,,,,,,,,,,,841283.6448120408,44.56803857217485,-92.81045221779114,Minnesota,MN00279
,,,,,Little Crow Country Club,,,,,,,,,,,,,,,,,,,,,,,,,,,,,,,,,,,,,,,,,,,840511.6703156971,45.28090898428993,-94.94948532758418,Minnesota,MN00304
,,,,,Whitefish Golf club,,,,,,,,,,,,,,,,,,,,,,,,,,,,,,,,,,,,,,,,,,,839550.9763003894,46.65702305818889,-94.23630094083946,Minnesota,MN00469
,,,,,Hazeltine National Golf Course,,,,,,,,,,,,,,,,,,,,,,,,,,,,,,,,,,,,,,multipolygon,,,,,834507.5936965942,44.83114490297014,-93.58518390127578,Minnesota,MN00034
,,,,,Unknown Golf Course,,,,,,,,,,,,,,,,,,,,,,,,,,,,,,,,,,,,,,,,,,,820180.1808806959,45.08393219436995,-93.53402171473174,Minnesota,MN00425
,,,,,Unknown Golf Course,,,,,,,,,,,,,,,,,,,,,,,,,,,,,,,,,,,,,,multipolygon,,,,,812474.2018934903,45.25114822672324,-94.14474669820262,Minnesota,MN00070
,1920,55972,,Gladiola Drive,St. Charles Golf Club,+1-507-932-5444,https://www.stcharlesgolfclub.com/,bing,,,,,,,,,,Saint Charles Golf Club,,hole ways here are highway paths and don't have golf tag,,,,,,,,,,,,,,,,,,,,,,,,,,,,810370.7912054627,43.95858051166089,-92.04601445197943,Minnesota,MN00139
,,,,,Somerby Golf Club,,,,,,,,,,,,,,,,,,,,,,,,,,,,,,,,,,,,,,,,,,,810184.7112165404,44.04815720472639,-92.63541924438489,Minnesota,MN00150
,,,,,Cannon Golf Club,,,,,,,,,,,,,,,,,,,,,,,,,,,,,,,,,,,,,,,,,,,809048.848526554,44.51769943736149,-92.93058964293476,Minnesota,MN00140
,,,,,Medina Golf & Country Club,,,,,,,,,,,,,,,,,,,,,,,,,,,,,,,,,,,,,,,,,,,808551.2879310976,45.05261743561756,-93.53721711696241,Minnesota,MN00254
Stillwater,13600,55082,,North Hudson Boulevard,StoneRidge Golf Club,+1-651-436-4653,http://stoneridgegc.com/,,,,,,,,,,,,,,,,,,,,,,,,,,,,,,,,,,,,,,,,,807046.2751037459,44.95270928392486,-92.82936223839047,Minnesota,MN00225
Otsego,10247,55362,MN,95th Street Northeast,Riverwood National,,,,,,,,,,,,,,,,,,,,,,,,,,,,,St NE,,,,,,,,,multipolygon,,,,,804751.5719100591,45.282623105810295,-93.6798866454172,Minnesota,MN00066
,,,,,Oak Summit Golf Course,,,digitalglobe,,,,,,,,,,,,,,18_hole,,,,,,,,,,,,,,,,,,,,,,,,,,798077.0562239039,43.923808764732804,-92.49736543427214,Minnesota,MN00104
,,,,,Oak Summit Golf Course,,,digitalglobe,,,,,,,,,,,,,,18_hole,,,,,,,,,,,,,,,,,,,,,,,,,,798077.0562239039,43.923808764732804,-92.49736543427214,Minnesota,MN00103
,,,,,Burl Oaks Golf Club,,,,,,,,,,,,,,,,,,,,,,,,,,,,,,,,,,,,,,,,,,,795054.5457665421,44.974922657153556,-93.66422944660033,Minnesota,MN00149
,,,,,Unknown Golf Course,,,,,,,,,,,,,,,,,,,,,,,,,,,,,,,,,,,,,,,,,,,788436.1222946473,45.557114515607466,-93.57461102667537,Minnesota,MN00239
,,,,,Unknown Golf Course,,,,,,,,,,,,,,,,,,,,,,,,,,,,,,,,,,,,,,,,,,,784454.8121578406,44.77179022670731,-93.69703432926927,Minnesota,MN00335
Oakdale,526,55128,,Inwood Avenue North,Oak Marsh Golf Course,+1-651-730-8886,https://www.oakmarshgolf.com/,,,,,,,,,,,,,,,,,,,,,,,,,,,,,,,,,,,,,,,,,782161.047396024,44.95648698266329,-92.94209528105583,Minnesota,MN00168
,,,,,Unknown Golf Course,,,,,,,,,,,,,,,,,,,,,,,,,,,,,,,,,,,,,,multipolygon,,,,,778886.0303158365,45.69473131436042,-94.94539928806886,Minnesota,MN00062
Brooklyn Park,8700,55443,,Edinbrook Crossing,Edinburgh USA,+1-763-315-8550,https://www.edinburghusa.com/,,,,,,,,,,,,,,,,,,,,,,,,,,,,,,,,,,,,multipolygon,,,,,771653.5046836392,45.114592186995,-93.32527229011285,Minnesota,MN00024
Walker,6516,56484,MN,Long Bow Trail NW,Long Bow Golf Club,+1-218-547-4124,https://longbowgolfclub.com,,,,,,,,,,,,,,,,,,,,,,,,,,,,,,,,,,,,,,,,,771308.0170880035,47.17012568354446,-94.63110083139675,Minnesota,MN00410
,,,,,Hidden Greens,,,,,,,,,,,,,,,,,,,,,,,,,,,,,,,,,,,,,,,,,,,767646.9671074902,44.66014040487827,-92.83954168661006,Minnesota,MN00179
,,,,,Minniwaska Golf Club,,https://www.minnewaskagolf.com/,,,,,,,,,,,,,,,18_hole,72,,,,,,,,,,,,,,,,,,,,,,,,,762236.8708312514,45.662128489932954,-95.41898896747152,Minnesota,MN00429
,,,,,Tipsinah Mounds,,,,,,,,,,,,,,,,,,,,,,,,,,,,,,,,,,,,,,,,,,,757249.6197064051,46.00341192204742,-95.87430028645011,Minnesota,MN00359
,,,,,Columbia Golf Course,,,,,,,,,,,,,,,,,,,Minneapolis Park and Recreation Board,yes,,public,,,,,,,,,,,,,,,,,,,,,755284.2628195428,45.02706999753818,-93.25324683432675,Minnesota,MN00084
,,,,,Wild Marsh Golf Club,,https://www.wildmarsh.com/,,golf,,,,,,,,,,,,,,,,,,,,,,,,,,,,,,,,,,,,,,,754079.4894730954,45.14793367938843,-93.87990151250813,Minnesota,MN00238
Owatonna,1991,55060,,Lemond Road,Owatonna Country Club,+1-507-451-6120,https://www.owatonnacc.com/,,,,,,,,yes,,,,grass,,,,,,,,,,,,,,,,,,,,,,,,,,,,,753490.8966965603,44.064995025017225,-93.246907904229,Minnesota,MN00182
,,,,,Unknown Golf Course,,,,,,,,,,,,,,,,,,,,,,,,,,,,,,,,,,,,,,,,,,,749793.9034822538,45.65939884148472,-94.24158879097138,Minnesota,MN00385
,725,,,Sixth Avenue North,Spring Hill Golf Club,,https://springhillgc.com/,,,,,,,,,,,,,,,,,,private,,,,,,,,,,,,,,,,,,multipolygon,,,,,748552.6444551954,44.9966393913105,-93.54569688416049,Minnesota,MN00065
Stillwater,11950,55082,,80th Street North,Loggers Trail Golf Course,+1-651-439-7862,https://www.loggerstrail.com/,,,,,,,,,,,,,,,,,,,,,,,,,,,,,,,,,,,,,,,,,745739.6713346589,45.067198079186845,-92.87122572805718,Minnesota,MN00220
,,,,,Dellwood Country Club,,,,,,,,,,,,,,,,,,,,,,,,,,,,,,,,,,,,,,multipolygon,,,,,739749.9819650177,45.102747964142026,-92.97694016225728,Minnesota,MN00060
,6200,,MN,Interlachen Boulevard,Interlachen Country Club,,https://www.interlachencc.org/,,,,,,,,,,,,,,,,,,,,,,,,,,,,,,,,,,,,,,,,,735874.0511193558,44.9150295207451,-93.37724525413587,Minnesota,MN00089
,,,,,Eastwood Golf Club,,,MOA,,,,,,,,City of Rochester Park 19,,Eastwood Golf Course,,,,,,City of Rochester,,,,,,,,,,,,,,,,,,,,,,,,735690.1785152012,44.00689418840176,-92.40665366174257,Minnesota,MN00130
,,,,,The Classic at Madden's,,,,,,,,,,,,,,,,,18_hole,,Madden's Resort,,,,,,,,,,,,,,,,out_of_bounds,,,,,,,,735009.6353075744,46.37907421222254,-94.35403763984645,Minnesota,MN00397
Moorhead,401,56560,MN,34th Street South,The Meadows,+1 218 299 7888,https://www.cityofmoorhead.com/departments/parks-recreation/golf-courses/the-meadows/restaurant-pro-shop,,,,,,,,,,,,,,,,,City of Moorhead,,,,,,,,,,,,,,,,,,,multipolygon,,,,,731626.4029098325,46.86849260016418,-96.72795262921058,Minnesota,MN00026
,,,,,Meadowbrook Golf Course,,,,,,,,,,,,,,,,,,,,,,,,,,,,,,,,,,,,,,,,,,,731607.6490591817,44.92402624757435,-93.36907215648249,Minnesota,MN00091
,,,,,Tianna Country Club,,,,,,,,,,,,,,,,,,,,,,,,,,,,,,,,,,,,,,,,,,,727717.5614988899,47.07753804815773,-94.58400964592572,Minnesota,MN00116
,,,,,Mesaba Country Club,,,,,,,,,,,,,,,,,,,,,,,,,,,,,,,,,,,,,,,,,,,725492.3874162091,47.38139882492993,-92.93026490398482,Minnesota,MN00465
Bemidji,2425,56601,MN,Birchmont Beach Road Northeast,Bemidji Town & Country Club,,,,,,,,,,,,,,,,,,,,,,,,,,,,,,,,,,,,,,,,,,,723183.0818824719,47.544370727759684,-94.83633524394003,Minnesota,MN00115
Prior Lake,3151,55372,MN,Wilds Ridge,The Wilds,,,,,,,,,,,,,,,,,,,,,,,,,,,,,,,,,,,,,,multipolygon,,,,,721408.4753603719,44.73644705505511,-93.4584394850989,Minnesota,MN00040
,,,,,"The River Golf Course, Inc.",,,,,,,,,,,,,,,,,,,,,,,,,,,,,,,,,,,,,,,,,,,721011.907959662,48.576008155279624,-93.45614431376922,Minnesota,MN00243
,,,,,Oak Harbor Golf Course,,,,,,,,,,,,,,,,,,,,,,,,,,,,,,,,,,,,,,,,,,,718797.700513365,48.798160994997964,-94.70947645563314,Minnesota,MN00339
Sauk Centre,10548,56378,MN,Andrews Drive,GreyStone Golf Club,,,,,,,,,,,,,,,,,,,,,,,,,,,,,,,,,,,,,,,,,,,700122.8898071682,45.776989979896136,-94.93999556783949,Minnesota,MN00457
Cottage Grove,11099,55016,,South Highway 61,River Oaks Golf Course,+1-651-438-2121,https://www.riveroaksmunigolf.com/,,,,,,,,,,,,,,,,,,,,,,,,,,,,,,,,,,,,,,,,,692538.1544011898,44.79004872153782,-92.89077166727243,Minnesota,MN00223
,,,,,Kimball Golf Club,,,,,,,,,,,,,,,,,,,,,,,,,,,,,,,,,,,,,,,,,,,689214.7183428291,45.29571734732566,-94.295931048787,Minnesota,MN00372
Lakeville,16725,55044,MN,Innsbrook Drive,Crystal Lake Golf Club,+1-952-432-6566,https://crystallakegolfcourse.com/,,,,,,,,,,,,,,,,,,,info@crystallakegolfcourse.com,,,,,,,,,,,,,,,,,multipolygon,,+1-952-953-6462,,,686123.7886641774,44.70748728157051,-93.25170033916446,Minnesota,MN00038
,,,,,White Bear Yacht Club,,,,,,,,,,,,,,,,,,,,,,,,,,,,,,,,,,,,,,,,,,,685739.9402591991,45.0936977995897,-92.9679524942275,Minnesota,MN00434
,,,,,Valleywood Golf Course,,,,,,,,,,,,,,,,,,,City of Apple Valley,,,,,,,,,,,,,,,,,,,,,,,,684568.0725488876,44.77162031944143,-93.15889975237455,Minnesota,MN00131
,,,,,Unknown Golf Course,,,,,,,,,,,,,,,,,,,,,,,,,,,,,,,,,,,,,,,,,,,682864.2239602176,44.686614559185394,-93.31076023462556,Minnesota,MN00148
,,,,,The Minikahda Club,,,,,,,,,,,,,,,,,,,,,,,,,,,,,,,Q7751561,,,,,,,multipolygon,,,,en:The Minikahda Club,678675.1227706352,44.9398811203892,-93.32541703573342,Minnesota,MN00050
,,,,,Chomonix Golf Course,,,,,,,,,,,,,,,,,,,,,,,,,,,,,,,,,,,,,,,,,,,676825.7210960188,45.16061255519785,-93.10366883551544,Minnesota,MN00175
,,,,,Austin Country Club,,,bing,,,,,,,,country club,,,,,,,,,,,,,,,,,,,,,,,,,,,,,,,,674371.336745484,43.67778236828955,-92.92407627532371,Minnesota,MN00128
,,,,,Village Green Golf Course,+1 218 299 7888,https://www.cityofmoorhead.com/departments/parks-recreation/golf-courses/village-green,,,,,,,,,,,,,,,,,,,,,,,,,,,,,,,,,,,,multipolygon,,,,,671262.1827663088,46.84024166951108,-96.72544101967061,Minnesota,MN00020
,,,,,Whitebirch Golf Course,,https://breezypointresort.com/whitebirch-brainerd-golf-course/,,,,,,,,,,,,,,,,,Breezt Point Resort,,,,,,,,,,,,,,,,,,,multipolygon,,,,,670671.7418408284,46.59097956814401,-94.23539443309102,Minnesota,MN00047
,,,,,Oneka Ridge Golf Course,,,,,,,,,,,,,,,,,,,,,,,,,,,,,,,,,,,,,,,,,,,666639.5245485113,45.12739032552965,-92.98919803801151,Minnesota,MN00412
,,,,,Elk River Golf Club,,,,,,,,,,,,,,,,,,,,,,,,,,,,,,,,,,golf cartpath,,,,,,,,,666620.1198466679,45.332445910746095,-93.59719147653699,Minnesota,MN00283
,,,,,Brookview Golf Course,,,,,,,,,,,,,,,,,,,,,,,,,,,,,,,,,,,,,,,,,,,663990.3262496454,44.97972971197898,-93.38676845017906,Minnesota,MN00092
,,,,,Heritage Links Golf Club,,https://www.heritagelinks.com/,,,,,,,,,,,,,,,,,,,,,,,,,,,,,,,,,,,,,,,,,662268.0308994807,44.63312110579152,-93.35665456851584,Minnesota,MN00284
,,,,,Fox Hollow Golf Course,,,,,,,,,,,,,,,,,,,,,,,,,,,,,,,,,,,,,,multipolygon,,,,,660775.2267853868,45.22115815003759,-93.57359789576478,Minnesota,MN00064
Rochester,8600,55904,MN,Maple Valley Road SE,Maple Valley Golf & Country Club,+1-507-285-9100,https://www.maplevalleygolf.com/,bing,,,,,,,,,,Maple Valley Golf Course,,,,,,,,,,,,,,,,,,,,,,,,,,,,,,658993.9650222333,43.89617068459493,-92.37685314599554,Minnesota,MN00142
,,,,,Atikwa Golf Club,+1-320-762-8337,https://arrowwoodresort.com/recreation-golf,,,,,,,,,,,,,,,18_hole,72,Arrowwood Resort,,,,,,,,,,,,,,,,,,,,,,,,658282.7468013407,45.93025844732893,-95.40616282934634,Minnesota,MN00446
,25238,55912,,540th Avenue,Meadow Greens Golf Course,+1-507-433-4878,https://www.meadowgreensgc.com/sites/courses/layout9.asp?id=722&page=40268,bing,,,,,,,,,Ramsey Golf Club,,,,,,,,,,,,,,,,,,,,,,,,,,,,,,,656649.5788870545,43.721225758573496,-92.96479198492987,Minnesota,MN00204
,,,,,Blueberry Pines Golf Club,,,,,,,,,,,,,,,,,,,,,,,,,,,,,,,,,,,,,,,,,,,654781.8785518843,46.794374339421616,-95.11709940863756,Minnesota,MN00360
Farmington,2830,55024,MN,220th Street West,Fountain Valley Golf Course,,,,,,,,,,,,,,,,US,,,,,,,,,,,,,,,,,,,,,,,,,,,654360.4293544489,44.626981012245984,-93.12154723341264,Minnesota,MN00244
,,,,,Unknown Golf Course,,,,,,,,,,,,,,,,,,,,,,,,,,yes,,,,,,,,,,,,,,,,,653827.2288910047,46.853693308555066,-95.04923678556446,Minnesota,MN00409
,,,,,Unknown Golf Course,,,,,,,,,,,,,,,,,,,,,,,,,,yes,,,,,,,,,,,,,,,,,653827.2288910047,46.853693308555066,-95.04923678556446,Minnesota,MN00408
,,,,,Midland Hills Country Club,,,,,,,,,,,,,,,,,,,,,,,,,,,,,,,,,,,,,,,,,,,651534.5022012368,45.003504796544554,-93.19646307179369,Minnesota,MN00080
,,,,,Unknown Golf Course,,,,,,,,,,,,,,,,,,,,,,,,,,,,,,,,,,,,,,,,,,,649669.6151497725,44.729202891149825,-93.48061162769764,Minnesota,MN00394
,,,,,Unknown Golf Course,,,,,,,,,,,,,,,,,,,,,,,,,,,,,,,,,,,,,,multipolygon,,,,,647637.6898852994,46.48503577796887,-95.08284881078097,Minnesota,MN00051
,,,,,Willow Creek Country Club,,,bing,,,,,,,,,,,,,,,,,,,,,,,,,,,,,,,,,,,,,,,,646992.5661739027,43.94927432505523,-92.48604218984252,Minnesota,MN00143
Golden Valley,7001,55427,MN,Golden Valley Road,Golden Valley Country Club,,,,,,,,,,,,,,,,,,,,,,,,,,,,,,,,,,,,,,,,,,,646858.8326578042,44.98885329133614,-93.36992456634741,Minnesota,MN00087
Cloquet,400,55720,,Country Club Drive,Cloquet Country Club,+1 218 879 7997,https://cloquetcc.com/,,,,,,,,,,,,,,,,,,,,,,,,,,,,,,,,,,,,,,,,,646065.4897076987,46.72327907300588,-92.48168681048773,Minnesota,MN00269
,,,,,Unknown Golf Course,,,,,,,,,,,,,,,,,,,,,,,,,,,,,,,,,,,,,,,,,,,644867.3871879523,45.5469623039871,-95.8609568695531,Minnesota,MN00456
New Prague,26826,56071,MN,Langford Avenue,Creeksbend Golf Course,+1-952-758-7203,,,,,,,,,,,,,,,,,,,,,,,,,,,,,,,,,,,,,,,,,,643998.3596900969,44.56193833563139,-93.50845853499409,Minnesota,MN00318
,,,,,Unknown Golf Course,,,,,,,,,,,,,,,,,,,,,,,,,,,,,,,,,,,,,,,,,,,640757.5313583752,46.407792636391825,-94.78688526241379,Minnesota,MN00252
Rochester,3100,55902,MN,Country Club Road SW,Rochester Golf & Country Club,+1 507 282 2708,https://www.rgcc.org/,NAIP,,,,,,,,,,Rochester Country Club,,,,,,,,info@rgcc.org,,,,,,,,,,,,,,,,,,,,,,638123.7209055121,44.01784006650523,-92.51115701514284,Minnesota,MN00108
,,,,,Lake Pepin Golf Course,,,,,,,,,,,,,,,,,,,,,,,,,,,,,,,,,,,,,,,,,,,638087.515576663,44.407264703927346,-92.18470939612789,Minnesota,MN00338
,,,,,Castle Highlands Golf Course,,,,,,,,,,,,,,,,,,,,,,,,,,,,,,,,,,,,,,,,,,,637509.126712677,47.609055139150215,-94.75223282914736,Minnesota,MN00418
Saint Louis Park,2001,55426,MN,Flag Avenue South,Minneapolis Golf Club,,,,,,,,,,,,,,,,,,,,,,,,,,,,,,,,,,,,,,multipolygon,,,,,635999.0221698063,44.9614867059558,-93.3908423727248,Minnesota,MN00059
New Ulm,1,56073,MN,Golf Drive,New Ulm Country Club,+1-507-354-8896,https://www.golfnewulm.com/,Bing,,,,,,,,,,,,,,,,,,,,,,,,,,,,,,,,,,,,,,,,634943.0958638261,44.29019601355435,-94.45826729804322,Minnesota,MN00265
,,,,,Unknown Golf Course,,,,,,,,,,,,,,,,,,,,,,,,,,,,,,,,,,,,,,,,,,,633741.9532400381,44.93803111181816,-93.41273196598857,Minnesota,MN00079
,,,,,Olympic Hills Golf Club,,,,,,,,,,,,,,,,,,,,,,,,,,,,,,,,,,,,,,multipolygon,,,,,633263.057656981,44.831682781693566,-93.41500518416005,Minnesota,MN00036
East Grand Forks,2407,56271,,River Road Northwest,Valley Golf Course,218-773-1207,https://www.valleygolfegf.com/,,,,,,,,,,,,,,,,,,,,,,,,,,,,,,,,,,,,,,,,,632120.8420336626,47.95050179634136,-97.04422146524101,Minnesota,MN00217
,,,,,Mayflower Golf Club,,,,,,,,,,,,,,,,,,,,,,,,,,,,,,,,,,,,,,,,,,,631856.6547941009,44.48162300870705,-94.74023885008044,Minnesota,MN00448
,,,,,Unknown Golf Course,,,,,,,,,,,,,,,,,,,,,,,,,,,,,,,,,,,,,,,,,,,631372.2813832539,44.86452892792483,-93.75106992935243,Minnesota,MN00462
,,,,,Francis Gross Golf Course,,,,,,,,,,,,,,,,,,,,,,,,,,,,,,,,,,,,,,,,,,,630790.6026774689,45.012175691821874,-93.21085291303372,Minnesota,MN00081
,,,,,Les Bolstad Golf Course,,,,,,,,,,,,,,,,,,,University of Minnesota,,,,golf_course,,,,,,,,,,,,,,,,,,,,627809.4281785797,44.99512632162612,-93.19291347328218,Minnesota,MN00083
,,,,,The Preserve,,,,,,,,,,,,,,,,,,,Grand View Resort,,,,,,,,,,,,,,,,,,,,,,,,626205.3255793139,46.56841885795586,-94.28204142834302,Minnesota,MN00395
Hinckley,300,55037,MN,Lady Luck Drive,Grand National Golf Course,,http://www.grandnationalgolf.com,,,,,,,,,,,,,,,,,,,,,,,,,,,,,,,,,,,,,,,,,623723.4295212761,46.00536013358742,-92.91754282728955,Minnesota,MN00153
Hastings,2015,55033,,Westview Drive,Hastings Country Club,+1-651-437-4612,http://www.hastingscountryclub.org/,,,,,,,,,,,,,,,,,,,,,,,,,,,,,,,,,,,,multipolygon,,,,,623435.9415302246,44.72582762151129,-92.87278501627819,Minnesota,MN00017
,,,,,Unknown Golf Course,,,,,,,,,,,,,,,,,,,,,,,,,,,,,,,,,,,,,,,,,,,623306.2013287214,45.36873553638724,-92.84992681010333,Minnesota,MN00384
Wayzata,200,55391,MN,Woodhill Road,Woodhill Country Club,+1-952-473-7333,https://www.woodhillcc.com/,,,,,,,,,,,,,,,,,,,,,,,,,,,,,,,,,,,,,,,,,620857.0232569792,44.9738568175099,-93.54410761837042,Minnesota,MN00242
,,,,,Deer Run Golf Club,,,,,,,,,,,,,,,,,,,,,,,,,,,,,,,,,,,,,,multipolygon,,,,,617354.2818342767,44.847031462320594,-93.66101178947511,Minnesota,MN00035
Stillwater,11177,55082,,McKusick Road North,Stillwater Oaks Golf Course,+1-651-439-0212,https://www.stillwateroaksgolf.com/,,,,,,,,,,,,,,,18_hole,70,,,,,,,,yes,,,,,,,,,,,,,,,,,616351.6424693394,45.07410231508533,-92.87909880839123,Minnesota,MN00224
Corcoran,10705,55374,MN,Fletcher Lane,Pheasant Acres Golf Course,,,,,,,,,,,,,,,,,,,,,,,,,,,,,,,,,,,,,,,,,,,615803.9612050208,45.14809969888003,-93.54919158094629,Minnesota,MN00344
,,,,,Purple Hawk Country Club,,,,,,,,,,,,,,,,,,,,,,,,,,,,,,,,,,,,,,,,,,,614449.5734143535,45.626191390051495,-93.20363177622241,Minnesota,MN00247
,,,,,Forest Hills Golf Course,,,,,,,,,,,,,,,,,,,,,,,,,,,,,,,,,,,,,,,,,,,612266.0440503914,46.83400626447116,-95.92854112603646,Minnesota,MN00471
,,,,,Forest Hills Golf Course,,,,,,,,,,,,,,,,,,,,,,,,,,,,,,,,,,,,,,,,,,,612266.0440503914,46.83400626447116,-95.92854112603646,Minnesota,MN00470
,,,,,Unknown Golf Course,,,,,,,,,,,,,,,,,,,,,,,,,,,,,,,,,,,,,,,,,,,609053.7061057271,44.19219715293097,-93.97399266516877,Minnesota,MN00141
,,,,,Manitou Ridge Golf Course,,,,,,,,,,,,,,,,,,,,,,,,,,,,,,,,,,,,,,,,,,,608012.3979328979,45.03962991385819,-92.99990011913883,Minnesota,MN00090
Owatonna,1369,55060,MN,Cherry Street,Brook Tree Golf Course,,,bing,,,,,,,,,,,,,,,,,,,,,,,,,,,,,,,,,,,,,,,,606915.2862221962,44.091308754726214,-93.19843490256841,Minnesota,MN00290
Winona,22852,55987,,County Road 17,The Bridges,+1-507-452-3535,https://www.winonagolf.com/,,,,,,,,,,Winona Country Club,,,,,,,,,,,,,,,,,,,,,,,,,,,,,,,606196.8834845135,44.010967020494654,-91.60665531657655,Minnesota,MN00237
Mendota Heights,2075,55120,MN,Mendakota Drive,Mendakota Country Club,+1-651-454-2822,https://www.mendakotacc.com/,metcouncil;image,,,,,,,,,,,,,,,,,,,,,,,,,,,,,,,,,,,,,,,,604885.5982222781,44.880778624792576,-93.13408459202512,Minnesota,MN00099
,,,,,Legacy Golf Course,,https://www.legacygolf.net/,,,,,,,,,,,,,,,,,,,,,,,,,,,,,,,,,,,,multipolygon,,,,,604066.0548693123,44.308633090794935,-93.25392932255221,Minnesota,MN00018
,54384,55912,,244th Street,River Oaks Golf Club,+1-507-433-9098,"http://www.rivergolf1.com/riveroaks/Course%20layout,%20leagues,%20scorecard.htm",bing,,,,,,,,,Ramsey Golf Club,,,,,,,,,,,,,,,,,,,,,,,,,,,,,,,602995.2824190801,43.7128258091658,-92.96097572083883,Minnesota,MN00205
,,,,,Unknown Golf Course,,,,golf,,,,,,,,,,,,,,,,,,,,,,,,,,,,,,,,,,,,,,,602265.0440891687,44.45302120999028,-93.57788767342326,Minnesota,MN00285
,,,,,Rose Lake Golf Club,,,,,,,,,,,,,,,,,,,,,,,,,,,,,,,,,,,,,,,,,,,600650.6188332624,43.63196170879923,-94.37718855781678,Minnesota,MN00328
,,,,,Northern Hills Golf Course,,,MOA,,,,,,,,City of Rochester Park 45,,,,,,,,,,,,,,,,,,,,,,,,,,,,,,,,597874.0840186657,44.072453419584086,-92.53075886093363,Minnesota,MN00102
,,,,,Unknown Golf Course,,,,,,,,,,,,,,,,,,,,,,,,,,,,,,,,,,,,,,,,,,,596748.0467214065,45.174033519934625,-93.21167753835921,Minnesota,MN00393
,,,,,Hawley Golf and Country Club,,,,,,,,,,,,,,,,,,,,,,,,,,,,,,,,,,,,,,,,,,,596609.2323371362,46.87159566579249,-96.30887768521971,Minnesota,MN00200
,,,,,Minnesota Valley Country Club,,,Yahoo,,,,,,,,,,,,,,,,,,,,,,,,,,,,,,,,,,,,,,,,596554.9801672219,44.796521743444735,-93.36110321018211,Minnesota,MN00094
,,,,,Pebble Lake Golf Course,,,Bing,,,,,,,,,,,,,,,,,,,,,,,,,,,,,,,,,,,,,,,,596076.7656758131,46.245678117139036,-96.03959019326537,Minnesota,MN00208
Stillwater,1421,55082,,North 4th Street,Stillwater Country Club,+1-651-439-7979,https://www.sccgolf.com/,,,,,,,,,,,,,,,,,,,,,,,,,,,,,,,,,,,,,,,,,595112.3251636655,45.07151248384986,-92.81868834596288,Minnesota,MN00146
Minneapolis,4553,55407,MN,Longfellow Avenue South,Hiawatha Golf Club,+1 612 230 6525,https://www.minneapolisparks.org/golf/courses/hiawatha_golf_club/,Bing,,,,,,,,,Hiawatha Golf Course,,,,,,,Minneapolis Park and Recreation Board,yes,hiawathagolf@minneapolisparks.org,public,,,,,,,,,,,,,,,,,,,,,593256.7085681692,44.92082252279425,-93.24113308444588,Minnesota,MN00074
,,,,,Balmoral,,,,,,,,,,,,,,,,,,,,,,,,,,,,,,,,,,,,,,,,,,,589393.0918334988,46.37266835789098,-95.64729432011626,Minnesota,MN00401
,,,,,Eagle Creek Golf Club,,,,,,,,,,,,,,,,,,,,,,,,,,,,,,,,,,,,,,,,,,,585768.9559895502,45.152792323069356,-95.03043634344074,Minnesota,MN00292
Annandale,8713,55302,MN,70th Street Northwest,Whispering Pines Golf Course,,https://www.whisperingpinesgolf.com/,,,,,,,,,,,,,,,,,,,,,,,,,,,#2465,,,,,,,,,,,,,,585643.9390807393,45.249953199754984,-94.07146216093584,Minnesota,MN00467
,,,,,Shadowbrooke Golf Course,,,,,,,,,,,,,,,,,,,,,,,,,,,,,,,,,,,,,,,,,,,582716.6323781821,44.909683480781446,-94.05927391350039,Minnesota,MN00088
,,,,,Black Bear Golf Course,,,,,,,,,,,,,,,,,,,,,,,,,,,,,,,,,,,,,,,,,,,580377.292361648,46.67351033875878,-92.4793210243765,Minnesota,MN00306
,,,,,Redwood Falls Golf Club,,,,,,,,,,,,,,,,,,,,,,,,,,,,,,,,,,,,,,,,,,,578181.9091663479,44.54983129048787,-95.11708015743,Minnesota,MN00307
Dayton,14730,55327,MN,Lawndale Lane North,Daytona Golf Course,+1-763-427-6110,https://www.daytonagolfclub.com,,,,,,,sunrise-sunset,,,,,,,,18_hole,72,Daytona Golf Club,,,,,,,,,,,,,,,,,,,,,,,,576788.061877561,45.21995079950072,-93.49797098630454,Minnesota,MN00340
,,,,,Somerset Country Club,,,,golf,,,,,,,,,,,,,,,,,,,,,,,,,,,,,,,,,,,,,,,575278.5419035893,44.90147272407672,-93.11037513222045,Minnesota,MN00152
,,,,,St. Cloud Country Club,,,,,,,,,,,,,,,,,,,,,,,,,,,,,,,,,,,,,,,,,,,575110.3110493283,45.51888241186677,-94.14882944219156,Minnesota,MN00274
Long Prairie,406,56347,MN,6th Street SE,Long Prairie Country Club,+1-320-732-3312,https://www.longprairiecountryclub.com/,Bing,,,,,,,,,,Long Prairie Golf Club,,,,,,,,,,,,,,,,,,,,,,,,,,,,,,573149.2590411634,45.965225536357764,-94.85064057882438,Minnesota,MN00211
,,,,,Unknown Golf Course,,,,,,,,,,,,,,,,,,,,,,,,,,,,,,,,,,,,,,,,,,,569793.2834479827,44.93917668664364,-93.32506471304954,Minnesota,MN00086
,,,,,Unknown Golf Course,,,,,,,,,,,,,,,,,,,,,,,,,,,,,,,,,,,,,,,,,,,567391.4587070531,45.310397165662096,-93.81894970550643,Minnesota,MN00109
,,,,,Marshall Golf Club,,,,,,,,,,,,,,,,,,,,,,,,,,,,,,,,,,,,,,,,,,,565022.3838475351,44.43965218674311,-95.80462703657324,Minnesota,MN00178
,,,,,Unknown Golf Course,,,,,,,,,,,,,,,,,,,,,,,,,,,,,,,,,,,,,,,,,,,563182.7078965176,44.556811932618785,-93.32849662025961,Minnesota,MN00454
Roseau,,56751,,5th Street South,Unknown Golf Course,+1 218 463 3016,https://www.oakcrestgolfcourse.com/,,,,,,,,,,,,,,,,,,,,,,,,,,,,,,,,,,,,multipolygon,,,,,561043.8596089295,48.836221894025016,-95.75720845201224,Minnesota,MN00030
,,,,,Unknown Golf Course,,,Bing,,,,,,,,,,,,,,,,,,,,,,,,,,,,,,,,,,,,,,,,560820.0470488417,46.898017329880204,-96.76833974295351,Minnesota,MN00194
,,,,,Koronis Hills Golf Club,,,,,,,,,,,,,,,,,,,,,,,,,,,,,,,,,,,,,,,,,,,556961.5055196224,45.36553715695465,-94.72558528616798,Minnesota,MN00303
,,,,,Bluff Creek Golf Course,,,,,,,,,,,,,,,,,,,,,,,,,,,,,,,,,,,,,,,,,,,552048.0972312087,44.823633825052255,-93.54786461570124,Minnesota,MN00183
,,,,,Forest Hills Golf Club,,,,,,,,,,,,,,,,,,,,,,,,,,,,,,,,,,,,,,,,,,,552038.8505983865,45.2550722386331,-92.95141102890163,Minnesota,MN00298
,,,,,Coffee Mill Country Club,,,,,,,,,,,,,,,,,,,,,,,,,,,,,,,,,,,,,,,,,,,548575.4114316127,44.35498102759504,-92.04230289511172,Minnesota,MN00337
Duluth,700,55803,MN,W Redwing St,Ridgeview Country Club,,,,,,,,,,,,,,,,,,,,,,,,,,,,,,,,,,,,,,,,,,,547901.5773411186,46.84798935772762,-92.10588842160837,Minnesota,MN00289
,,,,,The Oaks Golf Club,,,,,,,,,,,,,,,,,,,,,,,,,,,,,,,,,,,,,,,,,,,546823.6950644978,43.88196222126142,-92.90490615429842,Minnesota,MN00431
Stillwater,1599,55082,,McKusick Road North,Oak Glen Golf Course,+1-651-439-6981,https://www.oakglengolf.com/,,,,,,,,,,,,,,,18_hole,72,,,,,,,,,,,,,,,,,,,,,,,,,544813.5458691847,45.07039863875065,-92.83172710664269,Minnesota,MN00145
,,,,,Valley High Golf Course,,,,,,,,,,,,,,,,,,,,,,,,,,,,,,,,,,,,,,,,,,,543370.6081022281,43.75763307853871,-91.42793519040464,Minnesota,MN00288
Lake City,33587,55041,,Lakeview Drive,Lake City Golf,+1 651 345 3221,https://www.lakecitygolf.com/,Bing,,,,,,,,,,,,,,,,,,,,,,,,,,,,,,,,,,,,,,,,540270.9785039336,44.46518464663513,-92.29861672087202,Minnesota,MN00193
,,,,,Oakdale Golf Course,,,,,,,,,,,,,,,,,,,,,,,,,,,,,,,,,,,,,,,,,,,539563.858068675,44.8123574683299,-94.55550679737846,Minnesota,MN00441
,,,,,Thumper Pond,,,,,,,,,,,,,,,,,,,,,,,,,,,,,,,,,,,,,,multipolygon,,,,,539370.1301030646,46.43215176525684,-95.5725666317729,Minnesota,MN00044
,,,,,Sugarbrooke Golf Course,,,,,,,,,,,,,,,,,,,,,,,,,,,,,,,,,,,,,,multipolygon,,,,,538942.429459991,47.16764267141479,-93.6478890705512,Minnesota,MN00041
,,,,,Valley View Golf Club,,,,,,,,,,,,,,,,,,,,,,,,,,yes,,,,,,,,,,,,multipolygon,,,,,537769.832593696,44.60213279377131,-93.7564799969549,Minnesota,MN00039
,,,,,Albany 18 Hole Public Course,,,,,,,,,,,,,,,,,,,,,,,,,,,,,,,,,,,,,,,,,,,537112.98214614,45.62488373141608,-94.56337063714595,Minnesota,MN00216
,,,,,Unknown Golf Course,,,,,,,,,,,,,,,,,,,,,,,,,,,,,,,,,,,,,,,,,,,533699.831368697,44.424532062910984,-93.88343351332863,Minnesota,MN00293
,,,,,Unknown Golf Course,,,,,,,,,,,,,,,,,,,,,,,,,,,,,,,,,,,,,,,,,,,533280.5559460497,45.13342948159267,-94.79605213544502,Minnesota,MN00291
,,,,,Highland National Golf Course,,,,,,,,,,,,,,,,,,,,,,,,,,,,,,,,,,,,,,,,,,,533229.0664507883,44.91598699666198,-93.16121575256939,Minnesota,MN00078
,,,,,Greenhaven Golf Course,,,,,,,,,,,,,,,,,,,,,,,,,,,,,,,,,,,,,,,,,,,533029.9027127938,45.20998975582705,-93.40001482514603,Minnesota,MN00199
,,,,,Unknown Golf Course,,,,,,,,,,,,,,,,,,,,,,,,,,,,,,,,,,,,,,,,,,,529677.3029322972,45.324557679653694,-95.61416449750992,Minnesota,MN00451
Hutchinson,915,55350,MN,Colorado Street,Crow River Country Club,,,,,,,,,Mo-Su 08:00-22:00,,,,,,,,,,,,,,,,,,,,,,,,,,,,,,,,,,527247.7051660877,44.90589944168441,-94.39745131570581,Minnesota,MN00202
,,,,,Unknown Golf Course,,,,,,,,,,,,,,,,,,,,,,,,,,,,,,,,,,,,,,,,,,,527198.5930999103,44.28824394280479,-96.14498355506272,Minnesota,MN00310
North Mankato,41553,56001,MN,520th Street,North Links Golf Course,,http://northlinksgolf.com,,,,,,,,,,,,,,,18_hole,,,,,,,,,,,,,,,,,,,,,,,,,,523189.22735581704,44.19276147944212,-94.10410896458772,Minnesota,MN00264
,,,,,Northfield Golf Club,,,,,,,,,,,,,,,,,,,,,,,,,,,,,,,,,,,,,,,,,,,519292.1758369266,44.453691047454434,-93.14008603818935,Minnesota,MN00095
,,,,,Edina Country Club,,,,,,,,,,,,,,,,,,,,,,,,,,,,,,,,,,,,,,,,,,,518920.7231235533,44.90816781836651,-93.34411345680566,Minnesota,MN00082
,,,,,Cedar River Golf Course,,,,,,,,,,,,,,,,,,,,,,,,,,,,,,,,,,,,,,,,,,,517285.5236536609,43.56496611069496,-92.7485517793735,Minnesota,MN00378
,,,,,Wapicada Golf Club,,,,,,,,,,,,,,,,,,,,,,,,,,,,,,,,,,,,,,,,,,,516221.2462991454,45.58837803005269,-94.06793049469391,Minnesota,MN00427
,,,,,Faribault Golf Club,,https://www.faribaultgolf.com/,Bing,,,,,,,,,,,,,,,,,,,,,,,,,,,,,,,,,,,,,,,,513023.1035034252,44.31187743922989,-93.2986729805726,Minnesota,MN00112
,,,,,Faribault Golf Club,,https://www.faribaultgolf.com/,Bing,,,,,,,,,,,,,,,,,,,,,,,,,,,,,,,,,,,,,,,,513023.1035034252,44.31187743922989,-93.2986729805726,Minnesota,MN00111
,,,,,Hadley Creek Golf Learning Center,,,NAIP,,,,,,,,City of Rochester Park 27,,,,,,,,,,,,,,,,,,,,,,,,,,,,,,,,512895.0260530044,44.07525609171407,-92.43474973655616,Minnesota,MN00127
Virginia,1308,55792,MN,18th Street North,Virginia Golf Course,+1-218-748-7530,https://www.virginiamn.us/department/golf_course/index.php,Bing,golf,,,,,,,,,,,,,,,,,,,,,,,,,,,,,,,,,,,,,,,512424.8415789909,47.5342456733772,-92.55474330101835,Minnesota,MN00097
,,,,,Stonebrooke Golf Course,,,,,,,,,,,,,,,,,,,,,,,,,,,,,,,,,,,,,,,,,,,510539.448666053,44.7535840698208,-93.51583724181108,Minnesota,MN00234
Brainerd,11266,56401,MN,Pine Beach Peninsula,Pine Beach East Golf Course,,,,,,,,,Mo-Su 08:00-21:00,,,,,,,,,,Madden's On Gull Lake,,,,,,,,,,,,,,,,,,,,,,,,509940.7022354907,46.39086902474401,-94.37611021086093,Minnesota,MN00155
Jordan,21775,55352,MN,Ridges Drive,Ridges at Sand Creek,,,,,,,,,,,,,,,,,,,,,,,,,,,,,,,,,,,,,,multipolygon,,,,,508821.66104835545,44.63462810767746,-93.6084226246207,Minnesota,MN00068
Zumbrota,80,55992,MN,Golf Links Avenue,Zumbrota Golf Club,+1 507 732 5817,https://www.zumbrotagolfclub.com/,MOA,,,,,,,,,,,,,,,,,,zumbrotatagcpro@gmail.com,,,,,,,,,,,,,,,,,,,,,,504045.0062307523,44.3125961425094,-92.67712235872453,Minnesota,MN00147
Alexandria,2300,56308,MN,N Nokomis NE,Alexandria Golf Club,+1-320-763-3605,,,,,,,,,,,,,,,,,,,,,,,,,,,,,,,,,,,,,multipolygon,,,,,500293.2468953298,45.91693070040612,-95.37362776025338,Minnesota,MN00028
,,,,,Unknown Golf Course,,,,,,,,,,,,,,,,,,,,,,,,,,,,,,,,,,,,,,,,,,,500152.9633322861,46.48231442934885,-93.8889313631796,Minnesota,MN00164
,,,,,Worthington Country Club,,,,,,,,,,,,,,,,,,,,,,,,,,,,,,,,,,,,,,,,,,,497698.6250617374,43.62774913423854,-95.62395800629956,Minnesota,MN00105
Litchfield,405,55355,,West Pleasure Drive,Litchfield Golf Club,+1 320 693 6059,https://www.litchfieldgolfcourse.com/,,,,,,,,,,,,,,,,,,,,,,,,,,,,,,,,,,,,,,,,,494414.92761660705,45.11746699187701,-94.53853444336916,Minnesota,MN00313
,,,,,Unknown Golf Course,,,,,,,,,,,,,,,,,,,,,,,,,,,,,,,,,,,,,,,,,,,486651.0735386585,45.39091728918723,-93.76724493506795,Minnesota,MN00189
Farmington,18950,55024,MN,Chippendale Avenue,Southern Hills Golf Course,,,,,,,,,,,,,,,,US,,,,,,,,,,,,,,,,,,,,,,,,,,,482155.65885879204,44.67678501520082,-93.13139607561517,Minnesota,MN00167
,,,,,Unknown Golf Course,,,,,,,,,,,,,,,,,,,,,,,,,,,,,,,,,,,,,,,,,,,481073.4346726282,43.709670631426675,-92.03443153748711,Minnesota,MN00169
Grand Rapids,3910,55744,,Golf Course Road,Pokegama Golf Course,+1 218 326 3444,https://www.pokegamagolf.com/,,,,,,,,,,,,,,,,,,,,,,,,,,,,,,,,,,,,,,,,,480218.0378796628,47.20487173017248,-93.57298362029283,Minnesota,MN00268
Stillwater,11840,55082,,60th Street North,Applewood Hills Golf Course,+1-651-439-7276,https://www.applewoodhillsgolf.com/,,,,,,,,,,,,,,,,,,,,,,,2097939,,,,,,,,,,,,,,,,,,479898.08519547456,45.039197253031595,-92.86906551839711,Minnesota,MN00218
,,,,,Unknown Golf Course,,,,,,,,,,,,,,,,,,,,,,,,,,,,,,,,,,,,,,multipolygon,,,,,476925.80507827946,44.851465832592886,-92.7900080040388,Minnesota,MN00027
,18187,55927,,County Road 34,Dodge Country Club,+1-507-374-2374,https://www.dodgecountryclub.com/,,,,,,,,,,,,,,,,,,,,,,,,,,,,,,,,,,,,,,,,,476843.6976577875,44.037009129099694,-92.87753702725449,Minnesota,MN00170
Ely,901,55731,MN,South Central Avenue,Ely Golf Club,+1-218-365-5932,https://www.elymngolfclub.com/,,,,,,,,,,,,,,,,,,,,,,,,,,,,,,,,,,,,,,,,,474363.60083989723,47.89369030500452,-91.87330395108349,Minnesota,MN00396
,,,,,Unknown Golf Course,,,,,,,,,,,,,,,,,,,,,,,,,,,,,,,,,,,,,,,,,,,469853.2836366467,46.091442637005954,-95.03754945088848,Minnesota,MN00370
Red Wing,1311,55066,,West 6th Street,Red Wing Golf Club,+1-651-388-9524,http://www.redwinggolfclub.com/,,,,,,,,,,,,,,,,,,,,,,,,,,,,,,,,,,,,,,,,,463084.566985938,44.554579693857804,-92.54509276313529,Minnesota,MN00187
,,,,,Unknown Golf Course,,,Bing,,,,,,,,,,,,,,,,,,,,,,,,,,,,,,,,,,,,,,,,460029.3936843173,45.961447851822044,-94.37752128691154,Minnesota,MN00210
Saint Paul,300,55104,MN,North Mississippi River Boulevard,Town & Country Club,,,,,,,,,,,,,,,,,,,,,,,,,,,,,,,,,,,,,,,,,,,459145.9356854303,44.952082402667685,-93.1962102011392,Minnesota,MN00075
,,,,,Unknown Golf Course,,,,,,,,,,,,,,,,,,,,,,,,,,,,,,,,,,,,,,,,,,,458936.680381309,44.98766061610152,-93.06155440774043,Minnesota,MN00197
Albertville,5700,55301,MN,Jason Avenue Northeast,Cedar Creek Golf Course,,,,,,,,,,,,,,recreation_ground,,,,,,,,,,,,,,,,,,,,,,,,multipolygon,,,,,457509.27476496156,45.234164966265226,-93.68146046761647,Minnesota,MN00029
,,,,,Glencoe Country Club,+1- 320-864-3023,https://glencoecountryclub.com/,,,,,,,,,,,,,,,,,,,,,,,,,,,,,,,,,,,,,,,,,452644.0953605984,44.76375901945476,-94.14045488748485,Minnesota,MN00236
Dayton,15240,55369,MN,113th Avenue North,Sundance Golf Banquet Bowl,,,,,,,,,,,,,,,,,,,,,,,,,,,,,,,,,,,,,,,,,,,445827.50444598193,45.160790489820656,-93.4770601109648,Minnesota,MN00356
,,,,,Ma Cal Grove Country Club,,,http://www.macalgrove.com/,,,,,,,,,,,,,,,,,,,,,,,,,,,,,,,,,,,,,,,,439845.9249540885,43.61660378260833,-91.50206350177778,Minnesota,MN00185
,,,,,Adrian Country Club,,http://www.adriancountryclub.com/,Bing,,,,,,,,,,,,,,,,,,,,,,,,,,,,,,,,,,,,,,,,437716.86422984395,43.626002605874135,-95.93912603648339,Minnesota,MN00195
,,,,,Savannah Oaks Golf Club,,https://savannahoaksgolfclub.com/,,,,,,,,,,,,,,,,,,,,,,,,,,,,,,,,,,,,multipolygon,,,,,437485.39671232656,44.39913805664892,-95.87870139754324,Minnesota,MN00067
,,,,,Green Lea Golf Course,,,Bing,,,,,,,,,,,,,,,,,,,,,,,,,,,,,,,,,,,,,,,,433120.6566152056,43.66876235676121,-93.36672370680841,Minnesota,MN00198
,,,,,Unknown Golf Course,,,,,,,,,,,,,,,,,,,,,,,,,,,,,,,,,,,,,,,,,,,432184.2497304332,43.60617040375046,-94.46527935477769,Minnesota,MN00383
,,,,,Wolfridge Golf Course,,,,,,,,,,,,,,,,,,,,,,,,,,,,,,,,,,,,,,,,,,,427534.5645511628,47.73149775868679,-92.7189999508607,Minnesota,MN00374
Silver Bay,17,55614,MN,Golf Course Road,Silver Bay Golf Course,,,,,,,,,,,,,,,,,,,,,,,,,,,,,,,,,,,,,,,,,,,425712.49488859205,47.275325426077146,-91.31375060128818,Minnesota,MN00161
,,,,,Detroit Country Club,,,,,,,,,,,,,,,,,,,,,,,,,,,,,,,,,,,,,,,,,,,424156.7603739536,46.75832701376492,-95.88560338794406,Minnesota,MN00333
,,,,,Como Park Golf Course,,,,,,,,,,,,,,,,,,,,,,,,,,,,,,,,,,,,,,multipolygon,,,1929,,421273.96234590374,44.98491263725791,-93.14909053710512,Minnesota,MN00014
Wanamingo,,,MN,,Unknown Golf Course,,,EsriWorldImageryClarity,golf,,,,,,,,,,,permanently closed?,,,,,,,,,,,,,,,,,,,,,,,,,,,,421233.2711650974,44.300657993322446,-92.77291570554532,Minnesota,MN00371
,,,,,Stones Throw Golf Course,,,,,,,,,,,,,,,,,,,,,,,,,,,,,,,,,,,,,,,,,,,419852.8061759253,45.7709330858268,-93.65686422080965,Minnesota,MN00305
Rochester,244,55902,MN,Soldiers Field Drive SW,Soldiers Field Golf Course,+1-507-281-6176,https://www.rochestermn.gov/departments/parks-and-recreation/golf/soldiers-memorial-field,MOA,,,,,,,,,,Soldiers Memorial Field Golf Course,,,,,,,,,,,,,,,,,,,,,,,,,,,,,,413460.5213438115,44.01005316986039,-92.46735384080037,Minnesota,MN00315
Maplewood,601,55119,MN,Century Avenue South,The Ponds at Battle Creek,+1-651-501-6321,http://www.pondsatbattlecreek.com/,,,,,,,,,,,,,,,,,,,,,,yes,,,,,,,,,,,,,,,,,,,413100.11538019025,44.92436372121211,-92.98720699319385,Minnesota,MN00206
,,,,,Rum River Hills Golf Club,,https://www.rumriverhills.com/,,,,,,,,,,,,,,,,,,,,,,,,,,,,,,,,,,,,,,,,,412178.1526802903,45.2731522769008,-93.41189481826788,Minnesota,MN00331
,,,,,Red Rock Golf Course,,,,,,,,,,,,,,,,,,,,,,,,,,,,,,,,,,,,,,,,,,,409380.77960469306,45.84372254970032,-95.73411284396761,Minnesota,MN00361
,,,,,Goodrich Golf Course,,,,,,,,,,,,,,,,,,,,,,,,,,,,,,,,,,,,,,,,,,,407748.04148489045,45.00044920180922,-93.01832265993518,Minnesota,MN00096
,,,,,Unknown Golf Course,,,,,,,,,,,,,,,,,,,,,,,,,,,,,,,,,,,,,,,,,,,404661.0632344328,44.53682124649392,-93.56938675163664,Minnesota,MN00203
,,,,,Prairie Ridge Golf Course,,,,,,,,,,,,,,,,,,,,,,,,,,,,,,,,,,,,,,,,,,,397094.7080790929,44.128892942321876,-93.71217979675659,Minnesota,MN00101
,,,,,Lewiston Golf & Country Club,,,,,,,,,,,,,,,,,,,,,,,,,,,,,,,,,,,,,,,,,,,395079.6864592914,43.98110396895661,-91.8804803159794,Minnesota,MN00257
,,,,,Stewartville Golf Club,,,NAIP,,,,,,,,,,,,,,,,,,,,,,,,,,,,,,,,,,,,,,,,379504.97878346266,43.865581842886805,-92.48325677287828,Minnesota,MN00125
,,,,,Dwan Golf Course,,,,,,,,,,,,,,,,,,,,,,,,,,,,,,,,,,,,,,,,,,,377473.8082381916,44.80164397510684,-93.32322621160303,Minnesota,MN00106
,,,,,Unknown Golf Course,,,,,,,,,,,,,,,,,,,,,,,,,,,,,,,,,,,,,,,,,,,376603.12988865987,44.452230861765166,-94.73065850331407,Minnesota,MN00157
,,,,,Pipestone Golf & Country Club,,https://pipestonecc.com/,Bing,,,,,,,,,,,,,,,,,,,,,,,,,,,,,,,,,,,,,,,,371564.64180489356,43.98891901734342,-96.30436542796782,Minnesota,MN00196
,,,,,Unknown Golf Course,,,,,,,,,,,,,,,,,,,,,,,,,,,,,,,,,,,,,,,,,,,368251.02271698706,45.6546770666756,-93.89860101240436,Minnesota,MN00424
,,,,,Fulda Town and Country Golf,,,,,,,,,,,,,,,,,,,,,,,,,,,,,,,,,,,,,,,,,,,367012.03566931316,43.87520679562024,-95.58723676850762,Minnesota,MN00367
,,,,,Unknown Golf Course,,,,,,,,,,,,,,,,,,,,,,,,,,,,,,,,,,,,,,,,,,,365232.58072071796,45.46165596765877,-94.41965923360156,Minnesota,MN00190
,,,,,Tracy Country Club,,,,,,,,,,,,,,,,,,,,,,,,,,,,,,,,,,,,,,,,,,,360947.6681674061,44.235338636422206,-95.57577479565882,Minnesota,MN00366
,,,,,Vermillion Fairways,,,,,,,,,,,,,,,,,,,,,,,,,,,,,,,,,,,,,,,,,,,359265.1724966461,47.89790802154077,-92.6629594598269,Minnesota,MN00444
,,,,,Unknown Golf Course,,,,,,,,,,,,,,,,,,,,,,,,,,,,,,,,,,,,,,,,,,,359216.2666374096,46.91673315998923,-94.98062009214473,Minnesota,MN00406
,,,,,Warroad Estates Golf Course,,,,,,,,,,,,,,,,,,,,,,,,,,,,,,,,,,,,,,multipolygon,,,,,350386.7885374069,48.93824217267572,-95.3322088627343,Minnesota,MN00022
,,,,,Sand Hill Golf Course,,,,,,,,,,,,,,,,,,,,,,,,,,,,,,,,,,,,,,,,,,,349469.251007819,47.52672268287183,-96.2876223574723,Minnesota,MN00464
,,,,,Unknown Golf Course,,,,,,,,,,,,,,,,,,,,,,,,,,,,,,,,,,,,,,,,,,,347626.3729010749,46.76333073139785,-95.88290741457624,Minnesota,MN00334
Gilbert,6469,55741,MN,White Pine Lane,Esquagama Golf Course,,,,,,,,,,,,,,,,,,,,,,,,,,,,,,,,,,,,,,,,,,,347271.2939130248,47.457351334021354,-92.37321866527104,Minnesota,MN00282
Eveleth,4276,55734,MN,Golf Course Road,Eveleth Municipal Golf Course,+1-218-744-7558,https://www.wildnorthgolf.com/northern-minnesota-golf-courses/eveleth-municipal-golf-course/,Bing,golf,,,,,,,,,,,,,,,Wild North Golf,,,,,,,,PO Box 441,9,,,,,,,,,,,,,,,344204.95609116065,47.42726148598719,-92.51927407398735,Minnesota,MN00262
,,,,,Ridges at Sand Creek,,,,,,,,,,,,,,,,,,,,,,,,,,,,,,,,,,,,,,,,,,,343836.97680724005,44.639673486256456,-93.60566950367262,Minnesota,MN00166
,,,,,Farmers Golf & Health Club,,,,,,,,,,,,,,,,,,,,,,,,,,,,,,,,,,,,,,,,,,,336080.39944988437,44.21171505975183,-95.14383244091586,Minnesota,MN00364
Sleepy Eye,27898,56085,MN,Highway 14 West,Sleepy Eye Golf Club,+1-507-794-5249,http://sleepyeyegolf.com/,Bing,golf,,,,,,,,,Sleepy Eye Golf Course,,,,,,,,,,,,,,,,,,,,,,,,,,,,,,335045.4208247358,44.293853900563256,-94.75054255069638,Minnesota,MN00266
Sartell,801,56377,MN,Pine Cone Road North,Pine Ridge Golf Course,,,,,,,,,,,,,,,,,,,,,,,,,,,,,,,,,,,,,,,,,,,334895.286253704,45.63079169055845,-94.22978243636085,Minnesota,MN00343
,,,,,Unknown Golf Course,,,,,,,,,,,,,,,,,,,,,,,,,,,,,,,,,,,,,,,,,,,332166.4336292112,43.887505463006036,-95.15598687813855,Minnesota,MN00439
,,,,,Unknown Golf Course,,,,,,,,,,,,,,,,,,,,,,,,,,,,,,,,,,,,,,,,,,,331851.6170160035,46.02405311858257,-95.31606296244827,Minnesota,MN00416
,,,,,Unknown Golf Course,,,,,,,,,,,,,,,,,,,,,,,,,,,,,,,,,,,,,,,,,,,331745.13923639833,43.51889678988036,-94.08442475145024,Minnesota,MN00438
,,,,,Hoyt Lakes Municipal Golf Course,,,,,,,,,,,,,,,,,,,,,,,,,,,,,,,,,,,,,,,,,,,330633.57344169193,47.52463264321786,-92.11368700248835,Minnesota,MN00251
,,,,,Mountain Lake Golf Course,,,,,,,,,,,,,,,,,,,,,,,,,,,,,,,,,,,,,,,,,,,329145.65475919907,43.9417476415197,-94.95018570877059,Minnesota,MN00253
,,,,,Unknown Golf Course,,,,,,,,,,,,,,,,,,,,,,,,,,,,,,,,,,,,,,,,,,,328634.64443694975,45.02286005278388,-95.23191555690295,Minnesota,MN00428
,,,,,Unknown Golf Course,,,Bing,,,,,,,,,,,,,,,,,,,,,,,,,,,,,,,,,,,,,,,,322328.3290033179,44.25429889313546,-92.42563916214776,Minnesota,MN00191
,,,,,Pine Creek Golf Course,,,,,,,,,,,,,,,,,,,,,,,,,,,,,,,,,,,,,,,,,,,322239.71367798385,43.83707469464415,-91.36818597182483,Minnesota,MN00232
,,,,,Unknown Golf Course,,,,,,,,,,,,,,,,,,,,,,,,,,,,,,,,,,,,,,,,,,,321842.7121530661,45.18001665687646,-93.2144158918036,Minnesota,MN00392
Winona,1460,55987,,West 5th Street,Westfield Golf Club,+1-507-452-6901,https://www.westfieldgolfclub.com/,Bing,,,,,,,,,,,,,,,,,,,,,,,,,,,,,,,,,,,,,,,,320190.5344788848,44.05678996255061,-91.67741192215881,Minnesota,MN00119
,,,,,Cottonwood Country Club,,,,,,,,,,,,,,,,,,,,,,,,,,,,,,,,,,,,,,,,,,,318521.57788543054,44.61030295041788,-95.68821740008379,Minnesota,MN00342
,,,,,Terrace View Golf Course,,,,,,,,,,,,,,,,,,,,,,,,,,,,,,,,,,,,,,multipolygon,,,,,313931.56384082034,44.10395809201222,-93.96148801398225,Minnesota,MN00037
,,,,,Rolling Hills Golf Club,,,,,,,,,,,,,,,,,,,,,,,,,,,,,,,,,,,,,,,,,,,311973.8122303662,44.04750877692753,-95.49989046136974,Minnesota,MN00365
,,,,,Lancaster Riverside Golf Club,,,,,,,,,,,,,,,,,,,City of Lancaster,,,,,,,,,,,,,,,,,,,,,,,,310474.0953238908,48.86978614498981,-96.79334365387312,Minnesota,MN00466
,,,,,Root River Country Club,,,Bing,,,,,,,,,,,,,,,,,,,,,,,,,,,,,,,,,,,,,,,,305484.78052575403,43.62475565242454,-92.3917200309521,Minnesota,MN00207
Grand Marais,1181,55604,MN,Golf Course Road,Gunflint Hills Golf Course,+1-218-387-9988,https://www.gunflinthillsgolf.com/,,,,,,,,,,,,,,,,,,,,,,,,,,,,,,,,,,,,,,,,,304412.80964030576,47.79007640149131,-90.32255125500815,Minnesota,MN00375
,,,,,Unknown Golf Course,,,,,,,,,,,,,,,,,,,,,,,,,,,,,,,,,,,,,,,,,,,304371.76894416555,45.86142040812562,-95.13223364851255,Minnesota,MN00233
,,,,,Unknown Golf Course,,,,,,,,,,,,,,,,,,,,,,,,,,,,,,,,,,,,,,,,,,,302383.3678817174,46.72201155529998,-94.4233098132897,Minnesota,MN00163
,,,,,Blueberry Hills Golf Course,,,,,,,,,,,,,,,,,,,,,,,,,,,,,,,,,,,,,,,,,,,301539.8819793673,47.362286866496255,-93.78355794888705,Minnesota,MN00121
,,,,,Southview Country Club,,,,,,,,,,,,,,,,,,,,,,,,,,,,,,,,,,,,,,,,,,,299914.58571407635,44.8856053219498,-93.0750365013369,Minnesota,MN00118
Mantorville,25202,55955,MN,615th Street,Zumbro Valley Golf Course,+1 507 635 2821,http://www.zvrc.com/,,,,,,,,,,,Zumbro Valley Recreation Course,,,,,,,,,,,,,,,,,,,,,,,,,,,,,,299721.13233629713,44.060416592375766,-92.73175900840526,Minnesota,MN00160
,,,,,Lost Spur Country Club,,,metcouncil;image,,,,,,,,,,,,,,,,,,,,,,,,,,,,,,,,,,,,,,,,297444.709137248,44.857814123231826,-93.17446590744692,Minnesota,MN00100
,,,,,Theodore Wirth Golf Course,,,,,,,,,,,,,,,,,,,Minneapolis Park and Recreation Board,,,public,,,,,,,,,,,,,,,,,,,,,293189.7332138005,44.987044665357374,-93.3237792178033,Minnesota,MN00073
Bagley,531,56621,,7th Street Northeast,Twin Pines Golf Course,+1 218 694 2454,https://www.bagleymn.us/twinpinesgolfcourse,,,,,,,,,,,,,,,,,,,,,,,,,,,,,,,,,,,,,,,,,293167.1965775289,47.5305078759158,-95.38845589175561,Minnesota,MN00301
,,,,,Unknown Golf Course,,,,,,,,,,,,,,,,,,,,,,,,,,yes,,,,,,,,,,,,,,,,,293050.9799823173,45.07533732684001,-94.0551628082526,Minnesota,MN00459
Babbitt,2808,55706,MN,Ely-Babbitt Rd,Babbitt Golf Course,,,,,,,,,,,,,,,,,9_hole,35,,,,,,,,,,,#2804,,,,,,,,,,,,,,292235.8855715441,47.71383217480159,-91.9800360933539,Minnesota,MN00134
Babbitt,2808,55706,MN,Ely-Babbitt Rd,Babbitt Golf Course,,,,,,,,,,,,,,,,,9_hole,35,,,,,,,,,,,#2804,,,,,,,,,,,,,,292235.8855715441,47.71383217480159,-91.9800360933539,Minnesota,MN00133
,,,,,Unknown Golf Course,,,,,,,,,,,,,,,,,,,,,,,,,,,,,,,,,,,,,,,,,,,292143.85247471154,44.56129048524832,-95.97347979018653,Minnesota,MN00475
,,,,,Unknown Golf Course,,,bing,,,,,,,,,,,,,,,,,,,,,,,,,,,,,,,,,,,,,,,,289398.3466088902,43.5153393300667,-93.47372143117806,Minnesota,MN00277
,,,,,Straight River Golf Course,,http://www.straightrivergc.com/,Bing,,,,,,,,,,,,,,,,,,,,,,,,,,,,,,,,,,,,,,,,286959.6190806272,44.24856511693414,-93.23596477760661,Minnesota,MN00186
,,,,,Luverne Country Club,,,,,,,,,,,,,,,,,,,,,,,,,,,,,,,,,,,,,,,,,,,281563.29485749966,43.643677743401255,-96.1667305397505,Minnesota,MN00270
,,,,,The Traditional,,https://breezypointresort.com/traditional-golf-course-brainerd/,,,,,,,,,,,,,,,,,Breezy Point Resort,,,,,,,,,,,,,,,,,,,multipolygon,,,,,279543.83402047324,46.58841479060454,-94.2196776924757,Minnesota,MN00048
,,,,,Unknown Golf Course,,,,,,,,,,,,,,,,,,,,,,,,,,,,,,,,,,,,,,,,,,,278514.441469467,46.28153605216869,-96.59480558086314,Minnesota,MN00181
,,,,,Slayton Country Club,,,,,,,,,,,,,,,,,,,,,,,,,,,,,,,,,,,,,,,,,,,278262.70418852457,44.003764077080625,-95.75638353250984,Minnesota,MN00173
,,,,,Unknown Golf Course,,,,,,,,,,,,,,,,,,,,,,,,,,,,,,,,,,,,,,,,,,,276429.2055975033,45.292194259121025,-93.6789229182632,Minnesota,MN00445
Blooming Prairie,7701,55917,MN,Southeast 118th Street,Blooming Prairie Country Club,+1 507 583 2887,https://www.bpcountryclub.com/,,,,,,,,,,,,,,,,,,,,,,,,,,,,,,,,,,,,,,,,,276270.02321590955,43.92233025052476,-93.07708127067656,Minnesota,MN00414
Blooming Prairie,7701,55917,MN,Southeast 118th Street,Blooming Prairie Country Club,+1 507 583 2887,https://www.bpcountryclub.com/,,,,,,,,,,,,,,,,,,,,,,,,,,,,,,,,,,,,,,,,,276270.02321590955,43.92233025052476,-93.07708127067656,Minnesota,MN00415
,,,,,Piper Hills Golf Course,,,bing,,,,,,,,,,,,,,,,,,,,,,,,,,,,,,,,,,,,,,,,275785.21499393607,44.153719427862185,-92.17222448153822,Minnesota,MN00180
,,,,,Ferndale Country Club,,,,,,,,,,,,,,,,,,,,,,,,,,,,,,,,,,,,,,,,,,,273199.23959849833,43.78469635514653,-91.72195595020214,Minnesota,MN00151
Jackson,951,56143,,US 71,Jackson Golf Club,+1 507 847 2660,https://www.jgcgolf.com/,,,,,,,,,,,,,,,,,,,,,,,,,,,,,,,,,,,,,,,,,269009.01157738484,43.633072772037174,-94.9976240394558,Minnesota,MN00312
Hendricks,,56136,MN,,Hendricks Golf Club,,https://hendricksgolfclub.com/,,,,,,,,,,,,,,,9_hole,,,,,,,,,,,,,,,,,,,,,,,,,,266627.05316442647,44.50806568302881,-96.44844015689978,Minnesota,MN00281
,,,,,Hyland Greens Golf Course,,,,,,,,,,,,,,,,,,,,,,,,,,,,,,,,,,,,,,,,,,,265635.00754535454,44.820768737011704,-93.35455755519425,Minnesota,MN00098
Ada,1949,56510,,County Road 35,Heart of the Valley Golf Club,+1 218 784 4746,https://www.hovgolfcourse.com/,,,,,,,,,,,,,,,,,,,,,,,,,,,,,,,,,,,,,,,,,264818.0861945562,47.291785842408274,-96.50331860420083,Minnesota,MN00311
,,,,,Unknown Golf Course,,,,,,,,,,,,,,,,,,,,,,,,,,,,,,,,,,,,,,,,,,,262976.88026907644,44.512283534877355,-94.37407896700239,Minnesota,MN00201
,,,,,Unknown Golf Course,,,,,,,,,,,,,,,,,,,,,,,,,,,,,,,,,,,,,,,,,,,262429.1645481329,45.93544380518595,-95.30999045645734,Minnesota,MN00458
Buffalo,905,55313,MN,MN-25,Buffalo Heights Golf Course,763-682-2854,https://buffaloheights.com,,,,,,,Mo-Su 07:00-20:00,,,,,,,,,,,,,,,,,,,,,,,,,,,,,,,,,,261749.7383988851,45.16120534013425,-93.8705870511968,Minnesota,MN00423
,,,,,Unknown Golf Course,,,,,,,,,,,,,,,,,,,,,,,,,,,,,,,,,,,,,,,,,,,258639.0931444149,46.80170173336113,-96.08409780367275,Minnesota,MN00402
Sauk Centre,606,56378,,Lake Shore Drive,Old Course Sauk Centre,+1 320 238 8001,http://www.saukgolf.com/,,,,,,,,,,,,,,,,,,,,,,,,,,,,,,,,,,,,,,,,,258493.41555941885,45.75144440784122,-94.9551886959456,Minnesota,MN00314
,,,,,Mahnomen County Country Club,,,,,,,,,,,,,,,,,,,,,,,,,,,,,,,,,,,,,,,,,,,257266.83273256663,47.31634731341685,-95.94006501960374,Minnesota,MN00320
,,,,,Fosston Golf Club,,,,,,,,,,,,,,,,,,,,,,,,,,,,,,,,,,,,,,,,,,,256610.5816198395,47.59011799210416,-95.78022428148287,Minnesota,MN00327
,,,,,Unknown Golf Course,,,,,,,,,,,,,,,,,,,,,,,,,,,,,,,,,,,,,,,,,,,250004.24969040678,45.493389206551846,-95.11649474766543,Minnesota,MN00308
Minnetonka,14350,55345,MN,CR 62,Glen Lake Golf & Practice Center,+1 763 694 7824,https://www.threeriversparks.org/,,,,,,,,,,,,,,,,,Three Rivers Park District,,,,,,,,,,,,,,,,,,,,,,,,247483.07572692842,44.8941087845669,-93.4645435962336,Minnesota,MN00219
Barnesville,,,MN,,Willow Creek Municiple Golf Course,,,,,,,,,,,,,,,,,,,,,,,,,,,,,,,,,,,,,,,,,,,247213.73405196273,46.657908783027125,-96.35625592834194,Minnesota,MN00388
,,,,,Unknown Golf Course,,,Bing,,,,,,,,,,,,,,,,,,,,,,,,,,,,,,,,,,,,,,,,247207.0076698476,45.66314974053247,-94.82166736507321,Minnesota,MN00209
,,,,,Unknown Golf Course,,,,,,,,,,,,,,,,,,,,,,,,,,,,,,,,,,,,,,,,,,,246977.3345619384,46.75319381441011,-95.77099368071951,Minnesota,MN00399
Gem Lake,4039,55110,MN,Scheuneman Road,Gem Lake Hills Golf Course,,,,,,,,,,,,,,,,,,,,,,,,,,,,,,,,,,,,,,multipolygon,,,,,244343.7802720281,45.063871284884286,-93.0363773662861,Minnesota,MN00052
Blackduck,20857,56630,MN,Blackduck Lake Rd NE,Blackduck Municipal Golf Course,+1-218-835-7757,,,,,,,,Mo-Fr 07:00-19:00,,,,,,,,,,,,,,,,,,,,,,,,,,,,,,,,,,240936.7890823486,47.7331238708998,-94.58259826558633,Minnesota,MN00120
,,,,,Bentwood Golf Course,,,,,,,,,,,,,,,,,,,,,,,,,,yes,,,,,,,,,,,,,,,,,238802.5346080391,47.61319046549363,-96.82181738416666,Minnesota,MN00389
,,,,,Unknown Golf Course,,,,,,,,,,,,,,,,,,,,,,,,,,,,,,,,,,,,,,,,,,,235294.49421689613,44.875560697031126,-93.46104807333164,Minnesota,MN00114
,,,,,Unknown Golf Course,,,,,,,,,,,,,,,,,,,,,,,,,,,,,,,,,,,,,,,,,,,235261.7819871664,44.769794454796205,-94.98343889878161,Minnesota,MN00126
,,,,,Eagle View Golf Course,,,,,,,,,,,,,,,,,,,,,,,,,,,,,,,,,,,,,,,,,,,234850.47802261557,47.025958570443564,-95.10648718426609,Minnesota,MN00450
Red Lake Falls,,,MN,,Oak Knolls Golf Course,,,,golf,,,,,,,,,,,,,,,,,,,,,,,,,,,,,,,,,,,,,,,232480.12290309177,47.87766033596774,-96.26705071095918,Minnesota,MN00231
,,,,,Highland 9 Hole Golf Course,,,,,,,,,,,,,,,,,,,,,,,,,,,,,,,,,,,,,,,,,,,229159.79608117059,44.910628237338585,-93.16082351088414,Minnesota,MN00077
,,,,,Unknown Golf Course,,,,,,,,,,,,,,,,,,,,,,,,,,,,,,,,,,,,,,,,,,,228750.46239319252,48.20420619826263,-96.75354540110958,Minnesota,MN00324
,,,,,Unknown Golf Course,,,,,,,,,,,,,,,,,,,,,,,,,,,,,,,,,,,,,,multipolygon,yes,,,,228080.96012309942,44.28162870073885,-92.97416661657438,Minnesota,MN00031
Kenyon,46000,55946,MN,State Highway 56,Kenyon Country Club,+1 507 789 6307,,,,,,,,,,,,,,,,,,,,,,,,,,,,,,,,,,,,,,,,,,228080.96012309942,44.28162870073885,-92.97416661657438,Minnesota,MN00319
,,,,,Swan Lake Country Club,,,,,,,,,,,,,,,,,,,,,,,,,,,,,,,,,,,,,,,,,,,224955.7810745825,47.32856410568906,-93.2011413961675,Minnesota,MN00246
,,,,,Oakwood Supper Club & Golf Course,,,,,,,,,,,,,,,,,,,,,,,,,,,,,,,,,,,,,,,,,,,223896.21702682355,46.32396160750366,-95.5006579440838,Minnesota,MN00362
,,,,,Two Rivers Golf Club,,,,,,,,,,,,,,,,,,,,,,,,,,,,,,,,,,,,,,,,,,,221852.0159113202,48.76707969554465,-96.92599076892529,Minnesota,MN00215
,,,,,Unknown Golf Course,,,,,,,,,,,,,,,,,,,,,,,,,,,,,,,,,,,,,,,,,,,218340.55653920126,47.662740947757385,-95.97875588250946,Minnesota,MN00377
,,,,,B's On The  River,,,,,,,,,,,,,,,,,,,,,,,,,,,,,,,,,,,,,,,,,,,217032.07411037918,44.97630917770814,-93.83017048779199,Minnesota,MN00443
,,,,,Minakwa Golf Course,,,,,,,,,,,,,,,,,,,,,,,,,,,,,,,,,,,,,,,,,,,216783.10344443397,47.78697963846887,-96.61861202368756,Minnesota,MN00267
,,,,,Sandtrap Golf Course,,,,,,,,,,,,,,,,,,,,,,,,,,,,,,,,,,,,,,,,,,,216634.69295298948,47.373732343630955,-94.62585652356353,Minnesota,MN00122
,,,,,Unknown Golf Course,,,,,,,,,,,,,,,,,,,,,,,,,,,,,,,,,,,,,,,,,,,213489.63153494705,43.54926332838958,-95.0981871351749,Minnesota,MN00460
,,,,,Bent Creek Golf Club,,,,,,,,,,,,,,,,,,,,,,,,,,,,,,,,,,,,,,,,,,,213139.9914922838,44.867949809280425,-93.46269255202063,Minnesota,MN00135
,,,,,Gravel Pit,,,,,,,,,,,,,,,,,,,,,,,,,,,,,,,,,,,,,,,,,,,210714.26259829852,46.401383570386976,-94.32544905856278,Minnesota,MN00455
,,,,,Lida Greens,,,,,,,,,,,,,,,,,,,,,,,,,,,,,,,,,,,,,,,,,,,209320.0024337184,46.56182099209447,-96.00743675198346,Minnesota,MN00404
,,,,,Unknown Golf Course,,,,,,,,,,,,,,,,,,,,,,,,,,,,,,,,,,,,,,,,,,,208882.17882707046,45.17705529195759,-93.21914317346008,Minnesota,MN00391
,,,,,Unknown Golf Course,,,,,,,,,,,,,,,,,,,,,,,,,,,,,,,,,,,,,,,,,,,207000.1804716915,45.20717543515858,-96.01123963615976,Minnesota,MN00413
Willmar,1900,56201,,Becker Avenue SE,Valley Golf Course,+1-320-235-6790,https://www.valleygolfwillmar.com/,Bing,,,,,,,,,,,,,,,,,,,,,,,,,,,,,,,,,,,,,,,,206324.43420873236,45.118688976929185,-95.0161184029934,Minnesota,MN00240
,,,,,Harmony Golf Club,,,http://www.harmonygolfclub.com/,,,,,,,,,,,,,,,,,,,,,,,,,,,,,,,,,,,,,,,,204615.49098400152,43.55739374895797,-92.0024045695734,Minnesota,MN00227
,,,,,Fort Snelling Golf Course,,,,,,,,,,,,,,,,,,,Minneapolis Park & Recreation Board,,,,,,,,,,,,,,,,,,,,,,,,204272.5764322984,44.88673014778258,-93.19463040458898,Minnesota,MN00398
,,,,,North Branch Golf Course,,,,,,,,,,,,,,,,,,,,,,,,,,,,,,,,,,,,,,,,,,,203689.83386669125,45.506448017510685,-92.9749229920653,Minnesota,MN00325
,,,,,Grandy Nine Golf & Camp,,,,,,,,,,,,,,,,,,,,,,,,,,,,,,,,,,,,,,,,,,,202499.2358602849,45.62511356791368,-93.24277777918044,Minnesota,MN00363
,,,,,Southview Country Club,,,,,,,,,,,,,,,,,,,,,,,,,,,,,,,,,,,,,,,,,,,202484.85091250465,44.880462939977356,-93.07248549845082,Minnesota,MN00248
,,,,,Unknown Golf Course,,,,,,,,,,,,,,,,,,,,,,,,,,,,,,,,,,,,,,,,,,,198431.44159805984,45.54990331031506,-96.44173095660884,Minnesota,MN00463
,,,,,Frazee Golf Course,,,,,,,,,,,,,,,,,,,,,,,,,,,,,,,,,,,,,,,,,,,197437.90086825358,46.73521624549163,-95.68158680171955,Minnesota,MN00329
,,,,,Unknown Golf Course,,,,,,,,,,,,,,,,,,,,,,,,,,,,,,,,,,,,,,,,,,,192888.42735682946,46.97762618145071,-93.59068294079187,Minnesota,MN00156
,,,,,Grandview Country Club,,,,,,,,,,,,,,,,,,,,,,,,,,,,,,,,,,,,,,,,,,,191026.8531440691,46.71521653991459,-92.27634148274976,Minnesota,MN00287
,,,,,Vermilion River Greens,,,,,,,,,,,,,,,,,,,,,,,,,,,,,,,,,,,,,,,,,,,190309.76746816272,48.123960030470435,-92.53019245899415,Minnesota,MN00386
,,,,,Castlewood Golf Course,,,,,,,,,,,,,,,,,,,,,,,,,,,,,,,,,,,,,,multipolygon,,,,,189971.7494672134,45.26348462083999,-92.9608279556465,Minnesota,MN00023
,,,,,Unknown Golf Course,,,,,,,,,,,,,,,,,,,,,,,,,,,,,,,,,,,,,,,,,,,188940.0839182372,46.19603787863832,-95.82991022525104,Minnesota,MN00379
,,,,,Stephen Golf Course,,,,,,,,,,,,,,,,,,,,,,,,,,,,,,,,,,,,,,,,,,,186517.03173930923,48.447895974689935,-96.88469925868567,Minnesota,MN00336
,,,,,Preston Golf and Country Club,,,http://www.prestongolf.net/,,,,,,,,,,,,,,,,,,,,,,,,,,,,,,,,,,,,,,,,183451.29906653514,43.683070725595144,-92.10173542441571,Minnesota,MN00228
,,,,,Unknown Golf Course,,,,,,,,,,,,,,,,,,,,,,,,,,,,,,,,,,,,,,,,,,,180599.25773764655,47.43386136165614,-92.93106688443376,Minnesota,MN00188
,,,,,Chosen Valley Golf Club,,,bing,,,,,,,,semi-private,,,,,,,,,,,,,,,,,,,,,,,,,,,,,,,,179158.7127396275,43.83494532910711,-92.17113680773768,Minnesota,MN00132
,,,,,Unknown Golf Course,,,,,,,,,,,,,,,,,,,,,,,,,,,,,,,,,,,,,,,,,,,177630.18540704125,43.70990208417027,-91.97428067771685,Minnesota,MN00436
,,,,,Lafayette Club,,,,,,,,,,,,,,,,,,,,,,,,,,,,,,,,,,,,,,,,,,,176903.45270624073,44.94244122396646,-93.59266194196879,Minnesota,MN00165
,,,,,Pike Lake Golf Course,,,,,,,,,,,,,,,,,,,,,,,,,,,,,,,,,,,,,,,,,,,174431.62429382637,46.86258787180472,-92.28279446262493,Minnesota,MN00390
,,,,,Halla Greens,,,,,,,,,Mo-Su 07:00-19:30,,,,,,,,,,,,,,,,,,,,,,,,,,,,,,,,,,172366.98495081393,44.8244049644606,-93.53439496668594,Minnesota,MN00184
,,,,,Unknown Golf Course,,,,,,,,,,,,,,,,,,,,,,,,,,,,,,,,,,,,,,,,,,,171198.51840663285,45.007485709803156,-96.20363209326679,Minnesota,MN00297
Dawson,,56232,,,Dawson Golf Course,+1 320 769 2212,https://sites.google.com/site/thedawsongolfcourse/home,,,,,,,,,,,,,,,,,,,,,,,,,,,,,,,,,,,,,,,,,170350.26493765222,44.93358994529347,-96.06636666800257,Minnesota,MN00261
,,,,,Orono Public Golf Course,,,,,,,,,,,,,,,,,,,,,,,,,,,,,,,,,,,,,,,,,,,162997.31766111526,44.975553950342295,-93.56016566778806,Minnesota,MN00440
,,,,,Meadowbrook Country Club,,,,,,,,,,,,,,,,,,,,,,,,,,,,,,,,,,,,,,,,,,,161332.18435559075,43.52494133521567,-91.75538960651645,Minnesota,MN00229
Fairmont,259,56031,MN,Lake Aries Road,Interlaken Golf Club,,,,,,,,,,,,,,,,,,,,,,,,,,,,,,,,,,,,,,,,,,,161055.91827932588,43.599676763853225,-94.46831730284755,Minnesota,MN00295
,,,,,Unknown Golf Course,,,,,,,,,,,,,,,,,,,Cragun's Resort,,,,,,,,,,,,,,,,,,,,,,,,151742.30191380705,46.385802866142775,-94.35138203959099,Minnesota,MN00213
,,,,,Waters Edge Gold Course,,,,,,,,,,,,,,,,,,,,,,,,,,,,,,,,,,,,,,,,,,,151065.0803983791,44.748408354370945,-93.52462274397297,Minnesota,MN00235
,1000,,,Red Fox Road,Island Lake Golf,,,,,,,,,,,,,,,,,,,,,,,,,,,,,,,,,,,,,,,,,,,148723.3250125186,45.0559080735433,-93.1401912119771,Minnesota,MN00158
,,,,,Sandstone Area Golf Course,,,,,,,,,,,,,,,,,,,,,,,,,,,,,,,,,,,,,,,,,,,146848.71105805578,46.13438184958509,-92.87383355110731,Minnesota,MN00278
,,,,,Bear Cave Park DISC Golf Course,,,bing,,,,,,,,,,,,,,,,,,,,,,,,,,,,,,,,,,,,,,,,143361.4761585851,43.8603979359351,-92.4976340200147,Minnesota,MN00129
,,,,,Wells Golf Course,,,,,,,,,,,,,,,,,,,,,,,,,,,,,,,,,,,,,,,,,,,142181.93991540113,43.7364680349654,-93.72345972300862,Minnesota,MN00230
,,,,,Fox Lake Golf Course,,,,,,,,,,,,,,,,,,,,,,,,,,,,,,,,,,,,,,,,,,,137304.34260398423,43.67107177013595,-94.71841128864361,Minnesota,MN00272
,,,,,Northwest Angle Golf Course,,,,,,,,,,,,,,,,,,,,,,,,,,,,,,,,,,,,,,,,,,,137195.59582462825,49.347385141968694,-95.06850984647767,Minnesota,MN00214
,,,,,Proctor Golf Club and Course,,,,,,,,,,,,,,,,,,,City of Proxcor,,,,,,,,,,,,,,,,,,,,,,,,136590.95941893588,46.73985014256297,-92.2243773982694,Minnesota,MN00176
,,,,,Birchwood Golf Course,,,,,,,,,,,,,,,,,,,,,,,,,,,,,,,,,,,,,,,,,,,132487.79891398494,46.58752320992838,-96.08278993459763,Minnesota,MN00403
,,,,,Unknown Golf Course,,,,,,,,,,,,,,,,,,,,,,,,,,,,,,,,,,,,,,,,,,,132026.42059605278,48.69706148014217,-96.19074555067628,Minnesota,MN00276
Inver Grove Heights,8919,55076,,Cahill Avenue,Arbor Pointe Golf Club,+1-651-451-9678,https://www.arborpointegolf.com/,,,,,,,,,,,,,,US,,,,,info@arborpointegolf.com,,,,,,,,,,,,,,,,,,,,,,131476.63602771526,44.82133409724425,-93.04465271407128,Minnesota,MN00259
New Birghton,1975,55112,MN,Silver Lake Road Northwest,Brightwood Hills Golf Course,,https://www.newbrightonmn.gov/departments/parks-and-recreation/recreation/golf/,,,,,,,,,,,,,,,,,,,,,,,,,,,,,,,,,,,,,,,,,131071.50769425553,45.079677838275714,-93.21664600261272,Minnesota,MN00321
,,,,,Havanah Hills,,,,,,,,,,,,,,,,,,,,,,,,,,,,,,,,,,,,,,,,,,,129474.93712336419,44.10427967676603,-93.16379410298993,Minnesota,MN00474
,,,,,The Loop at Chaska,,,,,,,,,,,,,,,,,,,,,,,,,,,,,,,,,,,,,,,,,,,128878.17857927833,44.83719115891432,-93.59727354205175,Minnesota,MN00461
Brooklyn Park,8232,55443,,Regent Avenue North,Brookland Golf Park,+1-763-488-6497,https://www.brooklandgolfpark.org/,,,,,,,,,,,,,,,,,,,,,,,,,,,,Executive Nine,,,,,,,,,,,,,125391.53731842172,45.10400790225495,-93.34355549627992,Minnesota,MN00117
,,,,,Centerbrook Golf Course,,,,,,,,,,,,,,,,,,,,,,,,,,,,,,,,,,,,,,,,,,,124383.6253531424,45.05312777849764,-93.31546969014948,Minnesota,MN00085
,,,,,Unknown Golf Course,,,,,,,,,,,,,,,,,,,,,,,,,,,,,,,,,,,,,,,,,,,122446.39165761134,46.6275144395531,-94.31919799568131,Minnesota,MN00468
,,,,,Unknown Golf Course,,,,,,,,,,,,,,,,,,,,,,,,,,,,,,,,,,,,,,,,,,,121087.59778599437,46.65170074555481,-92.49366795159601,Minnesota,MN00449
,,,,,Veterans Golf Course,,,Bing,,,,,,,,,,,,,,,,,,,,,,,,,,,,,,,,,,,,,,,,120643.27205095704,45.57214884655351,-94.22090435346888,Minnesota,MN00212
,,,,,Pinewood Golf Course,,,,,,,,,,,,,,,,,,,,,,,,,,,,,,,,,,,,,,,,,,,115972.30774203126,45.300936032661994,-93.63068480272248,Minnesota,MN00326
,,,,,Unknown Golf Course,,,,,,,,,,,,,,,,,,,,,,,,,,,,,,,,,,,,,,,,,,,114699.00921442593,46.489264462212454,-94.45361441100046,Minnesota,MN00400
,,,,,Cimarron Golf Course,,,,,,,,,,,,,,,,,,,,,,,,,,,,,,,,,,,,,,,,,,,112202.27935311597,44.95876317957717,-92.88159210971732,Minnesota,MN00110
,,,,,Unknown Golf Course,,,,,,,,,,,,,,,,,,,,,,,,,,,,,,,,,,,,,,,,,,,109202.85795563906,47.161323040380566,-94.6289938145742,Minnesota,MN00411
New Hope,8130,55428,MN,Bass Lake Road,New Hope Village Golf Course,,,,,,,,,,,,,,,,,,,City of New Hope,,,,,,,,,,,,,,,,,,,,,,,,108953.75849894476,45.05874816120299,-93.38356945104783,Minnesota,MN00273
,,,,,Unknown Golf Course,,,,,,,,,,,,,,,,,,,,,,,,,,,,,,,,,,,,,,,,,,,108881.83932265261,44.9435670796337,-93.32726056901338,Minnesota,MN00419
,,,,,Little Willow Executive Course,,,http://www.wpgolf.com/willowcreek/layout.asp,,,,,,,,9-hole course,,,,,,,,,,,,,,,,,,,,,,,,,,,,,,,,105593.47894135582,43.94888133649329,-92.48250305833544,Minnesota,MN00144
,,,,,Traveler's Country Club,,https://travelerscconmiss.com/9-hole-golf-course/,,,,,,,,,,,,,,,,,TCCOM,,,,,,,,,,,,,,,,,,,multipolygon,,,,,103135.10035973976,45.405625909072114,-94.00050272452606,Minnesota,MN00049
,,,,,Unknown Golf Course,,,,,,,,,,,,,,,,,,,,,,,,,,,,,,,,,,,,,,,,,,,96435.34364795753,44.236583444939505,-95.8617575947533,Minnesota,MN00387
,,,,,Unknown Golf Course,,,,,,,,,,,,,,,,,,,,,,,,,,,,,,,,,,,,,,,,,,,94188.65641452704,45.48505192809864,-93.60413229626683,Minnesota,MN00422
,,,,,Angushire Golf Club,,,,,,,,,,,,,,,,,,,,,,,,,,,,,,,,,,,,,,,,,,,89048.71929846083,45.54360157376757,-94.20758860965023,Minnesota,MN00275
Burnsville,12424,55337,,Parkwood Drive,Birnamwood Golf Course,+1-952-641-1370,http://www.birnamwoodgolfcourse.com/,,,,,,,,,,,,,,,,,,,,,,,,,,,,,,,,,,,,,,,,,83396.64555427605,44.77732367054528,-93.26046107702395,Minnesota,MN00107
,,,,,Unknown Golf Course,,,,,,,,,,,,,,,,,,,,,,,,,,,,,,,,,,,,,,,,,,,82429.24614301322,46.87406178645601,-95.84197320623298,Minnesota,MN00432
,,,,,Angushire Golf Club,,,,,,,,,,,,,,,,,,,,,,,,,,,,,,,,,,,,,,,,,,,79836.51570522434,45.54657237354136,-94.21083606254666,Minnesota,MN00258
,,,,,Pathfinder Village Golf Course,,,,,,,,,,,,,,,,,,,,,,,,,,,,,,,,,,,,,,,,,,,78462.45932555773,46.00582010515681,-92.64357776958892,Minnesota,MN00316
,,,,,Brookside resort,,,,,,,,,,,,,,,,,,,,,,,,,,,,,,,,,,,,,,,,,,,78360.5258741049,47.034993867534446,-95.18942844600468,Minnesota,MN00437
,,,,,Cedarholm Golf Course,,,,,,,,,,,,,,,,,,,,,,,,,,,,,,,,,,,,,,,,,,,77975.1916740086,45.01220962261911,-93.15901584283742,Minnesota,MN00076
,,,,,Unknown Golf Course,,,,,,,,,,,,,,,,,,,,,,,,,,,,,,,,,,,,,,,,,,,76788.88667579579,46.009482602572255,-92.91813779296373,Minnesota,MN00420
,,,,,Mendota Heights Par 3 Golf Course,,,,,,,,,,,,,,,,,,,,,,,,,,,,,,,,,,,,,,,,,,,73661.01159111832,44.89500205767723,-93.12254842590195,Minnesota,MN00296
,,,,,Ironwood Golf Range,,,,,,,,,,,,,,,,,,,,,,,,,,,,,,,,,,,,,,,,,,,73497.1423810384,45.25493262465171,-92.8707665634227,Minnesota,MN00309
,,,,,Rum River Hills Golf Club,,https://www.rumriverhills.com/,,,,,,,,,,,,,,,,,,,,,,,,,,,,,,,,,,,,,,,,,70419.35607589353,45.278447339171535,-93.41275791640994,Minnesota,MN00332
,,,,,IBM Disc Golf Course,,https://www.dgcoursereview.com/course.php?id=655,MOA,,,,,,,,,,,,,,,,,,,,,,,,,,,,,,,,,,,,,,,,64655.37221348579,44.054816165657066,-92.49959829080733,Minnesota,MN00154
,,,,,Disc Golf Course,,,,,,,,,,,,,,,,,,,,,,,,,,,,,,,,,,,,,,,,,,,58647.79162684503,47.71372862979673,-91.96566908544932,Minnesota,MN00322
,,,,,Disc Golf Course,,,,,,,,,,,,,,,,,,,,,,,,,,,,,,,,,,,,,,,,,,,58647.79162684503,47.71372862979673,-91.96566908544932,Minnesota,MN00323
,,,,,Les Bolstad Driving Range,,,,,,,,,,,,,,,,,,,,,,,,,,,,,,,,,,,,,,,,,,,57170.68632179269,44.99319570460419,-93.19077473695286,Minnesota,MN00280
,,,,,St. Charles Disc Golf Course,,,http://www.dgcoursereview.com/course.php?id=755#,,,,,,,,Jessens Park,,,,,,,,,,,,,,,,,,,,,,,,,,,,,,,,49477.6156708425,43.957982336451096,-92.05146573747126,Minnesota,MN00137
Inver Grove Heights,8919,55076,,Cahill Avenue,Arbor Pointe Golf Club,+1-651-451-9678,https://www.arborpointegolf.com/,,,,,,,,,,,,,,US,,,,,info@arborpointegolf.com,,,,,,,,,,,,,,,,,,,,,,49405.890398170246,44.82567002883703,-93.0485462899025,Minnesota,MN00260
,,,,,Fox Lake Golf Course,,,,,,,,,,,,,,,,,,,,,,,,,,,,,,,,,,,,,,,,,,,44053.092210328774,43.66892044734835,-94.7231447286187,Minnesota,MN00271
,,,,,Disc Golf Course,,,http://www.dgcoursereview.com/course.php?id=1829,,,,,,,,Slatterly Park,,,,,,,,,,,,,,,,,,,,,,,,,,,,,,,,39466.78807318352,44.009484274366166,-92.44744454315335,Minnesota,MN00138
,,,,,Pathfinder Village Golf Course,,,,,,,,,,,,,,,,,,,,,,,,,,,,,,,,,,,,,,,,,,,35496.35519659365,46.00229815157015,-92.64711107998157,Minnesota,MN00317
,,,,,Pokegama Pitch & Putt,,https://www.pokegamalakerv.com/golf-course,,,,,,,,,,,,,,,,,,,,,,,,,,,,,,,,,,,,,,,,,32820.7420939163,45.87029489235674,-93.04813220949255,Minnesota,MN00442
,,,,,Garden Park,,,,,,,,,,,,,,,,,pitch_and_putt,,Grand View Resort,,,,,,,,,,,7 Hole Pitch-N-Putt,,,,,,,,multipolygon,,,,,32809.822236747066,46.49712126300703,-94.31939697749748,Minnesota,MN00042
,,,,,Disc golf course,,,,,,,,,,,,,,,,,,,,,,,,,,,,,,,,,,,,,,,,,,,31834.855039580543,46.03549959508984,-94.34200644324433,Minnesota,MN00302
,,,,,Driving Range,,,Bing,,,,,,,,,,,,,,,,,,,,,,,,,,,,,,,,,,,,,,,,22456.83991228053,45.96566040656407,-94.84957312657264,Minnesota,MN00245
,,,,,Unknown Golf Course,,,,,,,,,,,,,,,,,,,,,,,,,,,,,,,,,,,,,,multipolygon,,,,,17865.11441310672,44.46267018015736,-92.96193562565108,Minnesota,MN00015
,,,,,Unknown Golf Course,,,,,,,,,,,,,,,,,,,,,,,,,,,,,,,,,,,,,,,,,,,11459.051375297964,46.83643103573773,-95.92292486510054,Minnesota,MN00473
,,,,,Unknown Golf Course,,,,,,,,,,,,,,,,,,,,,,,,,,,,,,,,,,,,,,,,,,,11459.051375297964,46.83643103573773,-95.92292486510054,Minnesota,MN00472
,,,,,Putting Green Mini Golf,,,Bing,,,,,,,,,,,,,,,,,,,,,,,,,,,,,,,,,,,,,,,,10116.095447137232,44.29640034558965,-94.43565446285021,Minnesota,MN00263
