name,operator,access,golf:course,website,addr:city,addr:housenumber,addr:postcode,addr:street,brand,brand:wikidata,contact:facebook,website2,addr:state,phone,gnis:feature_id,sport,fixme,source,email,tourism,golf,landuse,ref,resort,description,old_name,wikidata,wikipedia,wheelchair,addr:county,opening_hours,building,name:zh,name:zh-Hans,ref:fcpa,fax,addr:country,type,cr:blue,cr:red,cr:white,sr:blue,sr:red,sr:white,building:levels,leisure_1,alt_name,contact:email,area_m2,lat,lon,province,gcid
Viniterra Golf Course,,,,,,,,,,,,,,,,,,,,,,,,,,,,,,,,,,,,,,,,,,,,,,,,,2909497.697930443,37.5395977867174,-77.07478823355217,Virginia,VA00244
Newport News Golf Club at Deer Run,,,,,,,,,,,,,,,,,,,,,,,,,,,,,,,,,,,,,,,,,,,,,,,,,2571843.4394818973,37.18352792317406,-76.524983998775,Virginia,VA00196
Birdwood Golf Course,,,,https://www.boarsheadresort.com/golf,Charlottesville,410,22903,Golf Course Drive,,,,,,+1 434 293 4653,,,,,,,,,,,,,,,,,,,,,,,,,,,,,,,,,,,2437622.880565216,38.03986646643904,-78.54206934809572,Virginia,VA00253
Potomac Shores Golf Club,,,,,,,,,,,,,,,,,,,,,,,,,,,,,,,,,,,,,,,,,,,,,,,,,2287482.225549964,38.57846387279518,-77.28173525563253,Virginia,VA00198
Potomac Shores Golf Club,,,,,,,,,,,,,,,,,,,,,,,,,,,,,,,,,,,,,,,,,,,,,,,,,2287482.225549964,38.57846387279518,-77.28173525563253,Virginia,VA00199
Bay Creek Golf Course,,,,https://www.baycreek.net/,Cape Charles,1,23310,Clubhouse Way,,,,,VA,,,,,,,,,,,,,,,,,,,,,,,,,multipolygon,,,,,,,,,,,2058714.9824480054,37.24861115907723,-76.00925675311102,Virginia,VA00072
The Pines Golf Course,,,27_hole,https://jble-eustismwr.com/morale/the-pines-golf-course/,,,,,,,,,,,,,,,,,,,,,,,,,,,,,,,,,,multipolygon,,,,,,,,,,,1948867.366714997,37.139578263027765,-76.59696122177006,Virginia,VA00053
The Manor Golf Club,,,,,,,,,,,,,,,,,,,,,,,,,,,,,,,,,,,,,,,,,,,,,,,,,1914751.7212158763,37.24560170897956,-78.40728320981702,Virginia,VA00174
The Manor Golf Club,,,,,,,,,,,,,,,,,,,,,,,,,,,,,,,,,,,,,,,,,,,,,,,,,1914751.7212158763,37.24560170897956,-78.40728320981702,Virginia,VA00173
Trump National Golf Club,,,,,,,,,,,,,,,,,,,,,,,,,,Lowes Island Golf Club,Q20714076,"en:Trump National Golf Club Washington, D.C.",,,,,,,,,,,,,,,,,,,,,1887978.2004400357,39.05828807776792,-77.34749494237559,Virginia,VA00175
Pendleton Golf Club,,,,https://www.pendletongolfva.com/,,,,,,,,,,,,,,,,,,,,,,,,,,,,,,,,,,,,,,,,,,,,,1850828.0506837855,38.0036449750693,-77.53794305030759,Virginia,VA00318
Bull Run Golf Course,,,,,,,,,,,,,,,,,,,,,,,,,,,,,,,,,,,,,,,,,,,,,,,,,1848470.4538567404,38.87949611587884,-77.64195204567223,Virginia,VA00144
Unknown Golf Course,,,,,,,,,,,,,,,,,improve boundaries,,,,,,,,,,,,,,,,,,,,,,,,,,,,,,,,1833448.360261884,37.095792092005894,-79.57244552484912,Virginia,VA00290
Ballyhack Golf Club,,,,,,,,,,,,,,,,,,,,,,,,,,,,,,,,,,,,,,,,,,,,,,,,,1693738.6431898728,37.23062861172437,-79.89010205048075,Virginia,VA00264
Royal New Kent Golf Club,,,,,,,,,,,,,,,,,,,,,,,,,,,,,,,,,,,,,,multipolygon,,,,,,,,,,,1682688.7487223225,37.475241472595904,-77.0181027657019,Virginia,VA00061
Aeropines Golf Course,,,,,,,,,,,,,,,,,,,,,driving_range,grass,,,,,,,,,,,,,,,,,,,,,,,,,,,1670128.5817829247,36.798770383270515,-76.02809648252935,Virginia,VA00225
Virginia Beach National Golf Club,,,18_hole,https://www.vbnational.com/,Virginia Beach,2500,23456,Tournament Drive,,,,,VA,,,,,,,,,,,,,,,,,,,,,,,,,,,,,,,,,,,,1645585.1993613502,36.75651939439992,-76.07479470796513,Virginia,VA00294
Rock Harbor Golf Courses (Boulder Course & Rock Course),,,,https://www.rockharborgolf.com/,,,,,,,,,,,,,,bing,,,,,,,,,,,,,,,,,,,,,,,,,,,,,,,1634930.1414376555,39.18216613778526,-78.21292834435933,Virginia,VA00178
Chatmoss Country Club,,,,https://www.chatmosscc.org/,Martinsville,550,24112,Mount Olivet Road,,,,,VA,,,,,,,,,,,,,,,,,,,,,,,,,,,,,,,,,,,,1621861.2637960478,36.666016872362974,-79.80839531641419,Virginia,VA00281
Hermitage Country Club,,,,,,,,,,,,,,,,,,,,,,,,,,,Q5741805,,,,,,,,,,,multipolygon,,,,,,,,,,,1616744.2736905797,37.648630565715344,-77.70533414892594,Virginia,VA00046
Twin Lakes Golf Course,Fairfax County Park Authority,,,,,,,,,,,,,,,,,,,,,,,,,,,,,,,,,,317,,,multipolygon,,,,,,,,,,,1597689.5901486317,38.821189204798145,-77.404039871153,Virginia,VA00011
Kingsmill Resort: The River Course,,,18_hole,https://www.kingsmill.com/,Williamsburg,1010,23185,Kingsmill Road,,,,,,757-253-1703,,,,,,,,,,,,,Q14712673,,,,,,,,,,,multipolygon,,,,,,,,,,,1556589.9929283904,37.22922997676894,-76.67479916864247,Virginia,VA00044
Stumpy Lake Golf Course,,,,https://www.stumpylakegolf.com,Virginia Beach,4797,23456,Indian River Road,,,,,VA,+1-757-467-6119,,,,,,,,,,,,,,,,,,,,,,,,multipolygon,,,,,,,,,,,1539973.553014955,36.76801979030909,-76.1615447399912,Virginia,VA00084
Boonsboro Country Club,,,,https://boonsborocc.com/,,,,,,,,,,,,,,,,,,,,,,,,,,,,,,,,,,,,,,,,,,,,,1496202.4577139202,37.45871087709315,-79.2530469195849,Virginia,VA00254
Laurel Hill Golf Club,Fairfax County Park Authority,,,https://www.fairfaxcounty.gov/parks/golf/lhgc/,Lorton,8701,22079,Laurel Crest Drive,,,,,VA,+1 703-493-8849,,,,,,,,,,,,,,,,,,,,,,,,multipolygon,,,,,,,,,,,1466414.5506094508,38.714321390588054,-77.2467479754493,Virginia,VA00015
Lakeview Golf Club,,,,,,,,,,,,,,,,,,,,,,,,,,,,,,,,,,,,,,multipolygon,,,,,,,,,,,1441495.9911757566,38.38959101842902,-78.82895479439581,Virginia,VA00097
Fort Belvoir Golf Club,,,,https://belvoir.armymwr.com/programs/golf-club,Fort Belvoir,8450,22060,Beulah Street,,,,,VA,+1-703-806-5878,,,,,,,,,,,,,,,,,,,,,,+1-703-806-5245,,multipolygon,,,,,,,,,,,1423219.5308566461,38.72886247727888,-77.16374155403855,Virginia,VA00013
Primland Golf Resort,,,,,,,,,,,,,,,,,,,,,,,,,,,,,,,,,,,,,,,,,,,,,,,,,1418158.3823575776,36.66333975481185,-80.431165675784,Virginia,VA00282
Golden Horseshoe Golf Club Green Course,,,,,,,,,,,,,,,,,,,,,,,,,,,,,,,,,,,,,,,,,,,,,,,,,1408908.4356043653,37.25816653371315,-76.68873505165932,Virginia,VA00220
Magnolia Green Golf Club,,,,https://www.magnoliagreengolfclub.com,Moseley,17301,23120,Memorial Tournament Drive,,,,,VA,+1 804-639-5701,,,,,,,,,,,,Westham Golf Club,,,,,,,,,,,,multipolygon,,,,,,,,,,,1380922.2707365493,37.40298688751316,-77.74126092721852,Virginia,VA00099
Red Wing Lake Golf Course,City of Virginia Beach,,,,,,,,,,,,,,,,,,,,,,,,,,,,,,,,,,,,,,,,,,,,,,,,1350211.762361018,36.79921735565262,-75.97966872336903,Virginia,VA00224
The Golf Club of Virginia at Beacon Hill,Beacon Hill HOA,,,,,,,,,,,,,,2039437,,,,,,,private,,,,,,,,,,,,,,,,multipolygon,,,,,,,,,,,1349406.9328814913,39.14682880726243,-77.59141158244573,Virginia,VA00026
Shenvalee Golf Resort,,,,,,,,,,,,,,,,,,,,,,,,golf,,,,,,,,,,,,,,,,,,,,,,,,,1331284.3111937388,38.63644058372034,-78.66792077721969,Virginia,VA00330
Shenvalee Golf Resort,,,,,,,,,,,,,,,,,,,,,,,,golf,,,,,,,,,,,,,,,,,,,,,,,,,1331284.3111937388,38.63644058372034,-78.66792077721969,Virginia,VA00329
Unknown Golf Course,,,,,,,,,,,,,,,,,,,,,,,,,,,,,,,,,,,,,,multipolygon,,,,,,,,,,,1294397.190776335,37.54806025043301,-79.04871761831163,Virginia,VA00109
Golden Eagle Golf Club at The Tides,,,,https://www.tidesinn.com/chesapeake_bay_golf_resort/,Irvington,374,22480,Clubhouse Road,,,,,,+1 804 438 4460,,,,,,,,,,,,,,,,,,,,,,,,,,,,,,,,,,,1288980.4458729886,37.6818707340966,-76.39943477069374,Virginia,VA00248
Cardinal Golf Course,,,,,,,,,,,,,,,,,,,,,,,,,,,,,,,,,,,,,,multipolygon,,,,,,,,,,,1269295.2813114154,37.2227679992926,-77.32475835771983,Virginia,VA00063
Eaglewood Golf Course,,,,https://jbleforcesupport.com/langley/eaglewood-golf-course,,,,,,,,,,,,,,,,,,,,,,,,,,,,,,,,,,,,,,,,,,,,,1258958.44095533,37.09041862054746,-76.3692845138444,Virginia,VA00182
Stonehouse Golf Club,,,,https://stonehousegolfclub.com,,,,,,,,,,,,,,,,,,,,,,,,,,,,,,,,,,multipolygon,,,,,,,,,,,1255240.7341779275,37.42919409975609,-76.81655882691159,Virginia,VA00058
Creighton Farms Golf Club,,,,,,,,,,,,,,,,,,,,,,,,,,,,,,,,,,,,,,,,,,,,,,,,,1233878.3408661152,38.99481255785466,-77.61201599715835,Virginia,VA00167
The Foundry Golf Club,,,,,,3225,23139,Lees Landing Road,,,,,,,,,,,,,,,,,,,,,,,,,,,,,,,,,,,,,,,,,1230836.7670850242,37.59194392996233,-77.83127146194818,Virginia,VA00279
Olde Mill Resort,,,,,Laurel Fork,2258,24352,Stone Mountain Road,,,,,VA,,,,,,,,,,,,,,,,,,,,,,,,,,,,,,,,,,,,1193640.5238877307,36.69040290615076,-80.51889841867933,Virginia,VA00285
Olde Mill Resort,,,,,Laurel Fork,2258,24352,Stone Mountain Road,,,,,VA,,,,,,,,,,,,,,,,,,,,,,,,,,,,,,,,,,,,1193640.5238877307,36.69040290615076,-80.51889841867933,Virginia,VA00284
Mattaponi Springs Golf Club,,,,https://www.mattaponisprings.com/,Ruther Glen,22490,22564,Penola Road,,,,,,804-633-7888,,,,,,,,,,,,,,,,,,,,,,,,,,,,,,,,,,,1191593.4783255886,37.947580881694236,-77.37074512990847,Virginia,VA00201
Salisbury Country Club,,,,https://www.salisburycountryclub.com/,Midlothian,13620,23113,West Salisbury Road,,,,,VA,+1 804-794-6841,,,,,,,,,,,,,,,,,,,,,,,,,,,,,,,,,,,1182384.8939998434,37.527554183028755,-77.65465756735584,Virginia,VA00185
Country Club of Petersburg,,,,,,,,,,,,,,,,,,,,,,,,,,,,,,,,,,,,,,,,,,,,,,,,,1162043.412460212,37.16613777598113,-77.3930680409889,Virginia,VA00303
Robert Trent Jones Golf Club,,,,https://www.rtjgc.com/,Gainesville,One,20155,Turtle Point Drive,,,,,VA,+1 703-754-4050,,,,,,,,,,,,,Q7350471,,,,,,,,,,,multipolygon,,,,,,,,,,,1143770.036699999,38.777993351969634,-77.63425883148099,Virginia,VA00042
Colonial Heritage Golf Club,,,,https://colonialheritageclub.com,,,,,,,,,,,,,,,,,,,,,,,,,,,,,,,,,,multipolygon,,,,,,,,,,,1120811.6002425728,37.34822609557363,-76.77362705642662,Virginia,VA00054
Kinloch Golf Club,,,,https://kinlochgolfclub.com/,Manakin-Sabot,100,23103,Kinloch Lane,,,,,VA,+1 804-784-8000,,,,,,,,,,,,,Q39045433,,,,,,,,,,,multipolygon,,,,,,,,,,,1114233.4335614382,37.63461321208983,-77.68789689559715,Virginia,VA00032
Spring Creek Golf Club,,,,,,,,,,,,,,,,,,,,,,,,,,,,,,,,,,,,,,,,,,,,,,,,,1110541.1609475063,37.99153259171325,-78.21477273858197,Virginia,VA00171
Meadows Farms Golf Course,,,,,,,,,,,,,,,,,,,,,,,,,,,,,,,,,,,,,,,,,,,,,,,,,1098534.8095657763,38.34756703658982,-77.77749073149819,Virginia,VA00340
Farmington Country Club,,,,https://www.farmingtoncc.com/,Charlottesville,1625,22901,Country Club Circle,,,,,VA,+1 434 296 5661,,,,,,,,,,,,,Q15217389,en:Farmington Country Club,,,,,,,,,,multipolygon,,,,,,,,,,,1094942.7873747963,38.05991951089157,-78.54031695212764,Virginia,VA00069
Glenmore Country Club,,,,http://glenmoremember.com/,,,,,,,,,,,,,,,,,,,,,,,,,,,,,,,,,,multipolygon,,,,,,,,,,,1081171.9885008864,37.98924630238452,-78.38494469557149,Virginia,VA00050
Glenmore Country Club,,,,http://glenmoremember.com/,,,,,,,,,,,,,,,,,,,,,,,,,,,,,,,,,,multipolygon,,,,,,,,,,,1081171.9885008864,37.98924630238452,-78.38494469557149,Virginia,VA00049
Forest Greens Golf Course,,,,,,,,,,,,,,,,,,,,,,,,,,,,,,,,,,,,,,,,,,,,,,,,,1072696.722419069,38.54381333183903,-77.35390565915397,Virginia,VA00137
Williamsburg National Golf Club - The Jamestown Course,,,,,,,,,,,,,,,,,,,,,,,,,,,,,,,,,,,,,,multipolygon,,,,,,,,,,,1072107.9129139886,37.26824968783651,-76.80234634513789,Virginia,VA00055
Williamsburg National Golf Club - The Jamestown Course,,,,,,,,,,,,,,,,,,,,,,,,,,,,,,,,,,,,,,multipolygon,,,,,,,,,,,1072107.9129139886,37.26824968783651,-76.80234634513789,Virginia,VA00056
The Hamptons Golf Course,,,18_hole,,,,,,,,,,,,,,,,,,,,,,,,,,,,,,,,,,,,,,,,,,,,,,1070138.809744518,37.06944210145691,-76.40536523836444,Virginia,VA00135
The Virginian,,,,https://thevirginian.com/,Bristol,22512,24202,Clubhouse Ridge,,,,,,276-645-7050,,,,,,,,,,,,,Q7934726,,,,,,,,,,,multipolygon,,,,,,,,,,,1063754.196059867,36.62345889693932,-82.08969573609114,Virginia,VA00048
Bayville Golf Club,,,,https://www.bayvillegolfclub.com/,Virginia Beach,4137,23455,First Court Road,,,,,VA,757-460-7936,,,"need to re-map several holes, satellite imagery indicates reconfigurations",,,,,,,,,,,,,,,,,,,,,multipolygon,,,,,,,,,,,1063018.9914555768,36.900938991437386,-76.1109229322665,Virginia,VA00010
Army Navy Country Club,,,18_hole,,,,,,,,,,,,,,,,,,,,,,,,Q73516779,,,,,,陆军海军乡村高尔夫俱乐部,陆军海军乡村高尔夫俱乐部,,,,,,,,,,,,,,,1055653.7135555658,38.85599273385869,-77.07769330169305,Virginia,VA00123
Bowling Green Country Club,Bowling Green Country Club,,,https://www.bowlinggreencountryclub.net/,Front Royal,838,22630,Bowling Green Road,,,,,,,,,,,,,,,,,,,,,,,,,,,,,,,,,,,,,,,,,1047862.016393852,38.98720364323801,-78.1225727153491,Virginia,VA00207
Caverns Country Club Resort,,,,http://luraycaverns.com/discover/countryclub,,,,,,,,,,888-443-6551,1500392,,,,,,,,,,,,,,,,,,,,,,,multipolygon,,,,,,,,,,,1039499.992095317,38.67071535176372,-78.5079472759353,Virginia,VA00036
Westfields Golf Club,,,,,,,,,,,,,,,,,,,,,,,,,,,,,,,,,,,,,,multipolygon,,,,,,,,,Balmoral Golf Course,,1036011.0214033973,38.79483620429777,-77.42249770860299,Virginia,VA00012
London Downs Golf Club,,,,,,,,,,,,,,,,,,,,,,,,,,,,,,,,,,,,,,,,,,,,,,,,,1034718.2318628028,37.297262819471655,-79.30757738635086,Virginia,VA00235
Old Trail Golf Club,,,,https://oldtrailgolf.com/,Crozet,5494,22932,Golf Drive,,,,,,+1 434 823 8101,,,,,,,,,,,,,,,,,,,,,,,,,,,,,,,,,,,1034625.3582895169,38.05590668919602,-78.71895359022002,Virginia,VA00228
Water's Edge Country Club,,,,,Penhook,1825,24137,Water's Edge Drive,,,,,VA,,,,,,,,,,,,,,,,,,,,,,,,,,,,,,,,,,,,1033530.6966344932,37.02000671116373,-79.61780705648584,Virginia,VA00327
Evergreen Country Club,,,,,,,,,,,,,,,,,,,,,,,,,,,,,,,,,,,,,,multipolygon,,,,,,,,,,,1028355.459052728,38.88285955567498,-77.66043058795907,Virginia,VA00112
The Royal Virginian Golf Course,,,,http://www.theroyalvirginian.com/,Louisa,3016,23093,Royal Virginia Parkway,,,,,,804-457-2041,,,,,,,,,,,,,,,,,,,,,,,,multipolygon,,,,,,,,,,,1027478.1178481156,37.83638305307396,-78.00766248443712,Virginia,VA00035
Rasberry Falls Golf Club,,,,,,,,,,,,,,,,,,,,,,,,,,,,,,,,,,,,,,,,,,,,,,,,,1024366.720088336,39.16238294099639,-77.5565468515467,Virginia,VA00141
Ole Monterey Golf Club,,,,,,,,,,,,,,,,,,,,,,,,,,,,,,,,,,,,,,,,,,,,,,,,,1022466.468670235,37.31029576427987,-79.91792449180716,Virginia,VA00345
International Country Club,,,,https://internationalcc.com/,,,,,,,,,,,,,,,,,,,,,,,,,,,,,,,,,,,,,,,,,,,,,1017544.6354573274,38.88841520611,-77.39880030820558,Virginia,VA00170
The Country Club of Virginia - Tuckahoe Creek,,,,https://www.theccv.org/,,,,,,,,,,+1 804-287-1330,,,,,,,,,,,,,,,,,,,,,,,,multipolygon,,,,,,,,,,,1011907.6616789292,37.57325301932069,-77.62559428537686,Virginia,VA00090
Goodyear Golf Club,,,,,,,,,,,,,,,,,,,,,,,,,,,,,,,,,,,,,,,,,,,,,,,,,1007798.7455104294,36.552028713321526,-79.37925280816987,Virginia,VA00232
The Olde Farm,,,,https://www.theoldefarm.com/,Bristol,16639,24202,Old Jonesboro Road,,,,,,276-669-8626,,,,,,,,,,,,,,,,,,,,,,,,,,,,,,,,,,,993498.1384609496,36.63965834116672,-82.07036222103663,Virginia,VA00214
Heron Ridge Golf Club,,,18_hole,https://www.heronridge.com,,,,,,,,,,,,golf,,,,,,,,,,,,,,,,,,,,,,multipolygon,,,,,,,,,,,991582.653848748,36.73278793702094,-76.03499174910564,Virginia,VA00077
Heritage Hunt Golf & Country Club,,,,http://www.heritagehunt.net/,Gainesville,6901,20155,Arthur Hills Drive,,,,,VA,+1 703-743-2000,,,,,,,,,,,,,,,,,,,,,,,,multipolygon,,,,,,,,,,,991538.5214034191,38.815746047487636,-77.59902588604658,Virginia,VA00041
Battlefield Golf Club,,,,https://www.playthebattlefield.com/,Chesapeake,1001,23456,Centerville Turnpike South,,,,,VA,+1 757-482-4779,,,,,,,,,,,,,,,,,,,,,,,,,,,,,,,,,,,987770.3704379163,36.6900719156529,-76.17799720396766,Virginia,VA00205
Heritage Oaks Golf Course,,,,,,,,,,,,,,,,,,,,,,,,,,,,,,,,,,,,,,multipolygon,,,,,,,,,,,971043.0947313075,38.44616866359123,-78.90047645365634,Virginia,VA00107
Heritage Oaks Golf Course,,,,,,,,,,,,,,,,,,,,,,,,,,,,,,,,,,,,,,multipolygon,,,,,,,,,,,971043.0947313075,38.44616866359123,-78.90047645365634,Virginia,VA00108
Greenbrier Country Club,,,,,,,,,,,,,,,,,,,,,,,,,,,,,,,,,,,,,,multipolygon,,,,,,,,,,,969405.9799251747,36.76808318003752,-76.21610917292432,Virginia,VA00059
1757 Golf Club,,,,,,,,,,,,,,,,,,,,,,,,,,,,,,,,,,,,,,,,,,,,,,,,,968990.293404168,39.01318786345729,-77.44683935751091,Virginia,VA00128
Queenfield Golf Club,,,,,,,,,,,,,,,,,,,,,,,,,,,,,,,,,,,,,,,,,,,,,,,,,967715.2337480824,37.70598284133703,-77.19330932235779,Virginia,VA00266
Riverfront Golf Club,,,18_hole,,,,,,,,,,,,,,,,,,,,,,,,,,,,,,,,,,,multipolygon,,,,,,,,,,,960356.8333369056,36.88140775658348,-76.44652640614491,Virginia,VA00074
Riverfront Golf Club,,,18_hole,,,,,,,,,,,,,,,,,,,,,,,,,,,,,,,,,,,multipolygon,,,,,,,,,,,960356.8333369056,36.88140775658348,-76.44652640614491,Virginia,VA00075
Pohick Bay Golf Course,,,,,,,,,,,,,,,,,,,,,,,,,,,,,,,,,,,,,,,,,,,,,,,,,960158.5356236557,38.68114252595275,-77.19885573587499,Virginia,VA00139
Chantilly National Golf and Country Club,,,,https://www.cngcc.org/,,,,,,,,,,,,,,,,,,,,,,,,,,,,,,,,,,multipolygon,,,,,,,,,,,959373.1558308175,38.86260692110621,-77.46768746376858,Virginia,VA00019
Two Rivers Golf Course,,,18_hole,,,,,,,,,,,,,,,,,,,,,,,,,,,,,,,,,,,multipolygon,,,,,,,,,,,958154.1402982306,37.24743099735539,-76.85414613147417,Virginia,VA00057
The Federal Club,,,,https://www.thefederalclub.com/,Glen Allen,13030,23059,Palmers Way,,,,,VA,+1 804-798-4996,,,,,,,,,,,,,,,,,,,,,,,,multipolygon,,,,,,,,,,,954945.4690399326,37.76223048937907,-77.59912890807992,Virginia,VA00034
The Federal Club,,,,https://www.thefederalclub.com/,Glen Allen,13030,23059,Palmers Way,,,,,VA,+1 804-798-4996,,,,,,,,,,,,,,,,,,,,,,,,multipolygon,,,,,,,,,,,954945.4690399326,37.76223048937907,-77.59912890807992,Virginia,VA00033
Dominion Valley Country Club,,,,https://www.dominionvalleycountryclub.com/,Haymarket,15200,20169,Arnold Palmer Drive,,,,,VA,+1 571-222-6900,,,,,,,,,,,,,,,,,,,,,,,,multipolygon,,,,,,,,,,,948785.0926890791,38.835476046810136,-77.64310432383266,Virginia,VA00065
Brambleton Golf Club,NOVA Parks,,18_hole,,Ashburn,42180,20148,Ryan Road,,,,,VA,+1 703-327-3403,,,,,brambleton@nvrpa.org,,,,,,,,,,,,sunrise-sunset,,,,,,,,,,,,,,,,,,948628.3004416313,38.99232749597083,-77.53997771201541,Virginia,VA00161
Independence Golf Club,,,,https://www.independencegolfclub.com/,Midlothian,,23113,Founders Bridge Boulevard,,,,,,+1 804-601-8600,,,,,,,,,,,,,,,,,,,,,,,,multipolygon,,,,,,,,,,,948218.7872640542,37.54455524400041,-77.68640985905608,Virginia,VA00038
Army Navy Country Club,,,,http://www.ancc.org/,Fairfax,3315,22030,Old Lee Highway,,,,,,703-359-5825,,,,,,,,,,,,,,,,,,,,,,,,,,,,,,,,,,,935600.1760916219,38.85613965450602,-77.27773545427372,Virginia,VA00133
Pete Dye River Course of Virginia Tech,,,,,,,,,,,,,,,,,,,,,,,,,,,,,,,,,,,,,,multipolygon,,,,,,,,,,,932321.1367306195,37.14924981625297,-80.5330307893736,Virginia,VA00008
Hobbs Hole Golf Course,,,,https://www.hobbshole.com/,Tappahannock,1267,22560,Hobbs Hole Drive,,,,,,+1-804-443-4500,,,,,,,,,,,,,,,,,,,,,,,,multipolygon,,,,,,,,,,,929516.134530632,37.899984901330235,-76.85773248554456,Virginia,VA00045
Piankatank River Golf Club,,,,https://www.prgcgolf.com/,Hartfield,6198,23071,Stormont Road,,,,,,+1 804 776 6516,,,,,,,,,,,,,,,,,,,,,,,,multipolygon,,,,,,,,,,,928210.2313403783,37.55178264080229,-76.48142322123289,Virginia,VA00051
The Hollows Golf Club,,,,https://www.thehollows.com,,,,,,,,,,,,,,,,,,,,,,,,,,,,,,,,,,,,,,,,,,,,,927516.0716554073,37.78887657748413,-77.5959062619887,Virginia,VA00242
Ivy Hill Golf Club,,,,,,,,,,,,,,,,,,,,,,,,,,,,,,,,,,,,,,multipolygon,,,,,,,,,,,922778.4629059358,37.39770187442321,-79.3210985047517,Virginia,VA00093
Belmont Country Club Golf Course,,,,https://www.belmontcountryclub.com/,Ashburn,19661,20147,Belmont Manor Lane,,,,,VA,+1 703-723-5330,2039440,,,,,,,,,,,,,,,,,,,,,,,multipolygon,,,,,,,,,,,921729.521598917,39.066374569432504,-77.49436967859467,Virginia,VA00040
Kiln Creek Country Club,,,18_hole,,,,,,,,,,,,,,,,,,,,,,,,,,,,,,,,,,,multipolygon,,,,,,,,,,,920015.0133828018,37.12090436162346,-76.47843696238024,Virginia,VA00064
Stoney Creek Golf Course,,,,,,,,,,,,,,,,,,,,,,,,,,,,,,,,,,,,,,multipolygon,,,,,,,,,,,910372.3104326943,37.89854342306612,-78.87823664406743,Virginia,VA00113
Roanoke Country Club,,,,,,,,,,,,,,,,,,,,,,,,,,,,,,,,,,,,,,,,,,,,,,,,,902654.9040214662,37.29732848673603,-79.99053285821495,Virginia,VA00131
Roanoke Country Club,,,,,,,,,,,,,,,,,,,,,,,,,,,,,,,,,,,,,,,,,,,,,,,,,902654.9040214662,37.29732848673603,-79.99053285821495,Virginia,VA00132
Brickshire Golf Club,,,,,,,,,,,,,,,,,,,,,,,,,,,,,,,,,,,,,,multipolygon,,,,,,,,,,,899482.6148566317,37.47104711061048,-76.99508789654945,Virginia,VA00347
Unknown Golf Course,,,,,,,,,,,,,,,,,,,,,,,,,,,,,,,,,,,,,,multipolygon,,,,,,,,,,,899125.3840349443,36.74044707732127,-75.97663828617797,Virginia,VA00062
The Country Club of Virginia - James River,,,,https://www.theccv.org/,,,,,,,,,,+1 804-287-1330,,,,,,,,,,,,,,,,,,,,,,,,,,,,,,,,,,,897230.7693153489,37.57031205901983,-77.61160277124176,Virginia,VA00210
The Golf Club at Lansdowne,,,18_hole,https://golfatlansdowne.com/,Lansdowne,44050,20176,Woodridge Parkway,,,,,VA,+1 703-729-4071,1985654,golf,,,,,,,,,,,,,,,,,,,,,,multipolygon,,,,,,,,,,,896780.1354074569,39.08125062073473,-77.47491286280783,Virginia,VA00023
Williamsburg National Golf Club - The Yorktown Course,,,,,,,,,,,,,,,,,,,,,,,,,,,,,,,,,,,,,,multipolygon,,,,,,,,,,,893484.8235557945,37.26366873996922,-76.80460388698313,Virginia,VA00104
Williamsburg National Golf Club - The Yorktown Course,,,,,,,,,,,,,,,,,,,,,,,,,,,,,,,,,,,,,,multipolygon,,,,,,,,,,,893484.8235557945,37.26366873996922,-76.80460388698313,Virginia,VA00105
Augustine Golf Course,,,,,,,,,,,,,,,,,,,,,,,,,,,,,,,,,,,,,,,,,,,,,,,,,892607.5974516053,38.44248863142466,-77.47558126373727,Virginia,VA00138
Waterfront Country Club,,,,https://www.thewaterfrontcc.com/,Moneta,275,24121,Anchor Drive,,,,,VA,,,,,esri/USA_NAD_Addresses,,,,,,,,,,,,,,,,,,,,,,,,,,,,,,,887203.6432739357,37.10071960959003,-79.6640998913015,Virginia,VA00291
Birkdale Golf Club,,,,https://www.acumengolf.com/birkdale/,,,,,,,BirkdaleGolfClub,,,,,,,,,,,,,,,,,,,,,,,,,,,multipolygon,,,,,,,,,,,885774.6758177582,37.386457807946165,-77.6672128506761,Virginia,VA00098
Unknown Golf Course,,,,,,,,,,,,,,,,,,,,,,,,,,,,,,,,,,,,,,,,,,,,,,,,,882760.0114482216,37.71042542007509,-77.62113113929641,Virginia,VA00304
Piedmont Club - Haymarket,,,,https://www.clubcorp.com/Clubs/Piedmont-Club-Haymarket,Haymarket,14675,20169,Piedmont Vista Drive,,,,,VA,+1 703-753-5922,,,,,,,,,,,,,,,,,,,,,,,,multipolygon,,,,,,,,,,,881361.5349653382,38.82364288512963,-77.62090548320037,Virginia,VA00024
Cypress Creek Golfers' Club,,,18_hole,https://www.cypresscreekgolfersclub.com/,Smithfield,600,23430,Cypress Creek Parkway,,,CypressCreekGC,,VA,+1-757-365-4774,2520156,,,,cypresscreekonline@gmail.com,,,,,,,,,,,,Mo-Su 07:00-18:00,,,,,,,multipolygon,,,,,,,,,,,880968.0718385654,36.96165345718023,-76.62653632558226,Virginia,VA00086
Hidden Valley Country Club,,,,https://www.hiddenvalleycc.com/,Salem,2500,24153,Romar Road,,,,,,+1 540 389 8146,,,,,,,,,,,,,,,,,,,,,,,,,,,,,,,,,,,880344.9479375175,37.25900222422128,-80.04880185182641,Virginia,VA00247
Draper Valley Golf Club,,,,https://www.drapervalleygolf.com/,Draper,2800,24324,Big Valley Drive,,,,,,866-980-4653,,,,,,,,,,,,,,,,,,,,,,,,,,,,,,,,,,,850921.5696998724,36.99553161117995,-80.81499896089188,Virginia,VA00177
The Dominion Club,,,,http://tdcva.com/,Glen Allen,6000,23059,Dominion Club Drive,,,,,VA,+1 804-360-1200,,,,,,,,,,,,,,,,,,,,,,,,multipolygon,,,,,,,,,,,847624.6554714704,37.702770870328514,-77.608801429313,Virginia,VA00039
Fincastle Golf Course,,,,,,,,,,,,,,,,,,,,,,,,,,,,,,,,,,,,,,,,,,,,,,,,,844241.7872476227,37.228801446219826,-81.27640087315164,Virginia,VA00241
Stonehenge Country Club,,,,https://www.invitedclubs.com/clubs/stonehenge-golf-country-club,Richmond,1000,23236,Farnham Drive,,,,,VA,+1 804-378-7841,,,,,,,,,,,,,,,,,,,,,,,,multipolygon,,,,,,,,,,,840735.9344023031,37.49590666447407,-77.62796501854308,Virginia,VA00047
Blue Ridge Shadows Golf Club,,,,https://www.blueridgeshadows.com/,Front Royal,456,22630,Shadows Drive,,,,,,540-631-9661,,,,,,,,,,,,,,,,,,,,,,,,,,,,,,,,,,,840602.5649917081,38.98939318199151,-78.18735059017575,Virginia,VA00206
The Club at Ironwood,,,,https://www.theclubatironwood.com/,Verona,62,24482,Country Club Circle,,,,,VA,+1 540 248 7272,,golf,,,,,,,,,,,,,,,,,,,,,,,,,,,,,,,,,838772.026407842,38.17326160307953,-79.00940294652467,Virginia,VA00252
Shenandoah Valley Golf Club,,,,https://www.shenandoahvalleygolfclub.com/,Front Royal,134,22630,Golf Club Circle,,,,,,540-636-4653,,,,,,,,,,,,,,,,,,,,,,,,,,,,,,,,,,,835030.1910921279,38.99226631235093,-78.12956009548128,Virginia,VA00209
Meadowbrook Country Club,,,,,,,,,,,,,,,,,,,,,,,,,,,,"en:Meadowbrook Country Club (Chesterfield County, Virginia)",,,,,,,,,,,,,,,,,,,,,833704.8706240945,37.447495339593985,-77.4667603139736,Virginia,VA00126
Ingleside Golf Resort and Conference Center,Shenandoah Vistas Development,private,,http://www.inglesidegolf.net/,,,,,,,,,,+1 540 248 7888,,,,,,resort,,,,,,,,,,,,,,,,,,,,,,,,,,,,,832583.2593438928,38.1874384951619,-79.03384273971119,Virginia,VA00251
Pleasant Valley Golfers' Club,,,,,,,,,,,,,,,,,,,,,,,,,,,,,,,,,,,,,,,,,,,,,,,,,830234.9527992043,38.88754805851035,-77.47598700348136,Virginia,VA00151
Auburn Hills,,,,,,,,,,,,,,,,,,,,,,,,,,,,,,,,,,,,,,,,,,,,,,,,,821926.5540962822,37.07842361789927,-80.44216995902528,Virginia,VA00328
The Gauntlet Golf Club,,,,,,,,,,,,,,,,,,,,,,,,,,,,,,,,,,,,,,,,,,,,,,,,,816030.200082318,38.437161796606595,-77.5716909979165,Virginia,VA00256
Suffolk Golf Course,,,,https://www.suffolkgolfcourse.org,,,,,,,,,,,,,,,,,,,,,,,,,,,,,,,,,,,,,,,,,,,,,810589.2170262744,36.726886412595576,-76.61338370384746,Virginia,VA00152
Sleepy Hole Golf Course,,,,https://www.sleepyholegolfcourse.com/,Suffolk,4700,23435,Sleepy Hole Road,,,,,,+1-757-538-4100,,,,,,,,,,,,,,,,,,,,,,,,multipolygon,,,,,,,,,,,809088.1572718346,36.83912824842813,-76.5165453253174,Virginia,VA00073
King Carter Golf Club,,,,http://www.kingcartergolfclub.com/,Irvington,480,22480,Old Saint Johns Road,,,,,,+1 804 435 7842,,,,,,,,,,,,,,,,,,,,,,,,multipolygon,,,,,,,,,,,802539.5011624842,37.6935565835405,-76.402551964535,Virginia,VA00067
Kiskiack Golf Course,,,,https://www.kiskiackgc.com,,,,,,,,,,,,,,,,,,,,,,,,,,,,,,,,,,,,,,,,,,,,,798020.5577823098,37.38737739870217,-76.7491241921619,Virginia,VA00221
Thorn Spring Golf Course,,,,,,,,,,,,,,,,,,,,,,,,,,,,,,,,,,,,,,,,,,,,,,,,,796510.4792429372,37.08312242403563,-80.73971478229562,Virginia,VA00311
Brandermill Country Club,,,,https://www.acumengolf.com/brandermill/,,,,,,,BrandermillCountryClub,,,,,,,,,,,,,,,,,,,,,,,,,,,multipolygon,,,,,,,,,,,789161.1080687442,37.43776560247163,-77.65119785391859,Virginia,VA00100
Algonkian Regional Park Golf Course,,,,,,,,,,,,,,,,,,,,,,,,,,,,,,,,,,,,,,,,,,,,,,,,,788721.7361322471,39.057585894665806,-77.37514028896487,Virginia,VA00122
Stonewall Golf Club,,,,https://www.stonewallgolfclub.com/,Gainesville,15601,20155,Turtle Point Drive,,,,,VA,+1 703-753-5101,,,,,,,,,,,,,,,,,,,,,,,,,,,,,,,,,,,783525.6643160337,38.778551071919175,-77.64843910602178,Virginia,VA00145
Richmond Country Club Golf Course,,,,https://www.richmondcountryclubva.com/,Richmond,12950,23238,Patterson Avenue,,,,,VA,+1 804-784-5272,,,,,,,,,,,,,,,,,,,,,,,,,,,,,,,,,,,781881.0601279184,37.60592553991192,-77.68278754212254,Virginia,VA00208
Unknown Golf Course,,,,,,,,,,,,,,,,,,,,,,,,,,,,,,,,,,,,,,multipolygon,,,,,,,,,,,776584.674223138,36.69624656475777,-81.95793252245636,Virginia,VA00070
Honey Bee Golf Club,,,,https://www.honeybeegolf.com,Virginia Beach,2500,23456,Independence Boulevard,,,,,VA,,,,,,,,,,,,,,,,,,,,,,,,,multipolygon,,,,,,,,,,,772763.7424481104,36.77779241334917,-76.12922127847524,Virginia,VA00087
Great Oaks Country Club,,,,,Floyd,1158,24091,Floyd Highway North,,,,,VA,,,,,,,,,,,,,,,,,,,,,,,,,,,,,,,,,,,,771964.7412179629,36.929735493472926,-80.27155050959857,Virginia,VA00288
Unknown Golf Course,,,,,,,,,,,,,,,,,,,,,,,,,,,,,,,,,,,,,,multipolygon,,,,,,,,,,,771476.906934569,36.702972152493466,-76.98893056283325,Virginia,VA00081
Stoneleigh Golf and Country Club,,,,,,,,,,,,,,,,golf,,,,,,,,,,,,,,,,,,,,,,,,,,,,,,,,,768275.5223518397,39.121751597635225,-77.78571352636318,Virginia,VA00239
Stoneleigh Golf and Country Club,,,,,,,,,,,,,,,,golf,,,,,,,,,,,,,,,,,,,,,,,,,,,,,,,,,768275.5223518397,39.121751597635225,-77.78571352636318,Virginia,VA00238
Meadowcreek Golf Course,,,,https://www.meadowcreekgolf.org/,Charlottesville,1400,22901,Pen Park Road,,,,,,434-977-0615,,,,,,,,,,,,,,,,,,,,,,,,,,,,,,,,,,,767708.8884367273,38.05070504965892,-78.45279828603844,Virginia,VA00155
Ford's Colony Country Club - Blackheath Course,,,,,,,,,,,,,,,,,,,,,,,,,,,,,,,,,,,,,,multipolygon,,,,,,,,,,,761033.8046237397,37.29997419059483,-76.79128581250947,Virginia,VA00103
Loudoun Golf and Country Club,,,,https://loudoungolf.com/,Purcellville,36967,20132,West Main Street,,,,,VA,+1 540-338-7679,,,,,,,,,,,,,,,,,,,,,,,,,,,,,,,,,,,753175.4711701008,39.13336368840704,-77.72892229330228,Virginia,VA00322
Providence Golf Club,,,,https://www.providencegolfclub.com/,Richmond,1160,23236,South Providence Road,,,,,VA,+1 804-276-1865,,,,,,,,,,,,,,,,,,,,,,,,,,,,,,,,,,,752928.2629593555,37.48181570769304,-77.56070267179007,Virginia,VA00186
Williamsburg Golf Club,,,,https://williamsburgclub.com/,Williamsburg,1801,23185,Merrimac Trail,,,,,,757-221-0573,,,,,,,,,,,,,,,,,,,,,,,,,,,,,,,,,,,752065.9934170627,37.24373357100941,-76.64241953174894,Virginia,VA00129
Ford's Colony Country Club - Blue Heron Course,,,,,,,,,,,,,,,,,,,,,,,,,,,,,,,,,,,,,,multipolygon,,,,,,,,,,,747564.8498428079,37.29309282055354,-76.77479973765801,Virginia,VA00101
Forest Park Country Club,,,,https://forestparkcc.org,Martinsville,1821,24112,Mulberry Road,,,,,VA,+1 276-632-1711,,,,,info@forestparkcc.org,,,,,,,,,,,,,,,,,,,,,,,,,,,,,,745996.0287337168,36.65112238724013,-79.83691035021475,Virginia,VA00229
Winchester Country Club,,,,,,,,,,,,,,,,,,,,,,,,,,,,,,,,,,,,,,,,,,,,,,,,,742826.8743922275,39.17024628679415,-78.14717917758433,Virginia,VA00309
Unknown Golf Course,,,,,,,,,,,,,,,,,,,,,,,,,,,,,,,,,,,,,,,,,,,,,,,,,739905.2665232217,36.5572439468933,-77.88741972028402,Virginia,VA00305
Kingsmill Resort: The Woods Course,Kingsmill Resort,private,18_hole,https://www.kingsmill.com/golf/the-woods-course/,,,,,,,,,,,,,,,,,,,,,,,,,,,,,,,,,,,,,,,,,,,,,734580.5255262671,37.22491479787075,-76.63179064985307,Virginia,VA00189
River Creek Golf Course,,,,,,,,,,,,,,,,,,,,,,,,,,,,,,,,,,,,,,multipolygon,,,,,,,,,,,734162.2143487004,39.106257345535916,-77.49109807626562,Virginia,VA00060
Botetourt Golf & Swim Club,,,,https://www.botetourtgolfswimclub.com/,Troutville,2414,24175,Country Club Road,,,,,,+1 540 992 1451,,,,,,,,,,,,,,,,,,,,,,,,,,,,,,,,,,,730964.7636486728,37.47682897926252,-79.92533066148319,Virginia,VA00219
Ford's Colony Country Club - Marsh Hawk Course,,,,,,,,,,,,,,,,,,,,,,,,,,,,,,,,,,,,,,multipolygon,,,,,,,,,,,729957.4111594298,37.30595491696825,-76.78308855646459,Virginia,VA00102
Green Hills Golf Course,,,,,,,,,,,,,,,,,,,,,,,,,,,,,,,,,,,,,,multipolygon,,,,,,,,,,,729529.8443494135,38.32460101946009,-78.40228485025081,Virginia,VA00089
Springfield Country Club,,,,https://www.sgccva.org/,Springfield,8301,22152,Old Keene Mill Road,,,,,VA,,,,,,,,,,,,,,,,,,,,,,,,,,,,,,,,,,,,728173.8697442625,38.77590601827328,-77.22542214889826,Virginia,VA00121
River Bend Golf Course,,,,,,,,,,,,,,,,,golf course still need bunkers,,,,,,,,,,,,,,,,,,,,,,,,,,,,,,,,720996.6313578562,39.01834320078412,-77.28724814538884,Virginia,VA00162
River Bend Golf Course,,,,,,,,,,,,,,,,,golf course still need bunkers,,,,,,,,,,,,,,,,,,,,,,,,,,,,,,,,720996.6313578562,39.01834320078412,-77.28724814538884,Virginia,VA00163
Holston Hills Community Golf Course,,,,http://holstonhillsgolf.com/,Marion,1000,24354,Country Club Road,,,,,,+1 276 783 7484,,,,,,,,,,,,,,,,,,,,,,,,,,,,,,,,,,,720864.8627666697,36.827370744855855,-81.54035459269328,Virginia,VA00217
Reston National Golf Course,,,,,,,,,,,,,,,,,,,,,,,,,,,,,,,,,,,,,,multipolygon,,,,,,,,,,,718303.3658351495,38.9429640073026,-77.35028824160649,Virginia,VA00076
Cedar Point Country Club,,,18_hole,,,,,,,,,,,,,,,,,,,,,,,,,,,,,,,,,,,,,,,,,,,,,,717534.1847199333,36.90206431988489,-76.48933269762048,Virginia,VA00317
Westwood Country Club,,,18_hole,,,,,,,,,,,,,,bunkers and trees/vegetation need to be mapped,,,,,,,,,,,,,,,,,,,,,,,,,,,,,,,,717477.6392084551,38.914617248529495,-77.25120184354526,Virginia,VA00150
Unknown Golf Course,,,,,,,,,,,,,,,,,,,,,,,,,,,,,,,,,,,,,,,,,,,,,,,,,713102.7845205008,38.0146884959084,-78.36045410050589,Virginia,VA00267
Old Hickory Golf Club,,,,,,,,,,,,,,,,,,,,,,,,,,,,,,,,,,,,,,,,,,,,,,,,,713073.0456758373,38.69536441894286,-77.34447347919841,Virginia,VA00160
Golden Horseshoe Golf Club Gold Course,,,,,,,,,,,,,,,,,,,,,,,,,,,,,,,,,,,,,,,,,,,,,,,,,710324.0176229544,37.261331780554215,-76.69649622852401,Virginia,VA00195
Tuscarora Country Club,,,,https://www.tuscaroracountryclub.net/,Danville,701,24540,Golf Club Road,,,,,VA,,,,,,,,,,,,,,,,,,,,,,,,,,,,,,,,,,,,702734.9603764645,36.672249417883336,-79.43192588133418,Virginia,VA00344
Hidden Creek Country Club,,,,https://www.hiddencreekcc.com/,,,,Clubhouse Road,,,,,,,,,,,,,,,,,,,,,,,,,,,,,,multipolygon,,,,,,,,,,,701003.1897188321,38.958465354468395,-77.3426351394306,Virginia,VA00022
Blacksburg Country Club,,,,https://blacksburgcc.com/,Blacksburg,1064,,Clubhouse Road,,,,,VA,,,,,,,,,,,,,,,,,,,,,,,,,multipolygon,,,,,,,,,,,693177.9433386317,37.216511997277614,-80.3587014002837,Virginia,VA00071
Unknown Golf Course,,,,,,,,,,,,,,,,,,,,,,,,,,,,,,,,,,,,,,,,,,,,,,,,,693095.0369882011,37.3356081465055,-78.87429100936812,Virginia,VA00292
Farmville Municipal Golf Course,,,,,,,,,,,,,,,,,,,,,,,,,,,,,,,,,,,,,,,,,,,,,,,,,692635.7136974037,37.35377602201891,-78.43495465631366,Virginia,VA00204
Farmville Municipal Golf Course,,,,,,,,,,,,,,,,,,,,,,,,,,,,,,,,,,,,,,,,,,,,,,,,,692635.7136974037,37.35377602201891,-78.43495465631366,Virginia,VA00203
Blue Hills Golf Club,,,,https://bluehillsgc.com/,Roanoke,2002,24012,Blue Hills Drive NE,,,,,VA,+1-540-344-7848,,,,,,,,,,,,,,,,,,,,,,,,,,,,,,,,,,,688846.2907336494,37.31111212298477,-79.90745764732621,Virginia,VA00119
Belle Haven Country Club,,,,https://www.bellehavencc.com/,,,,,,,,,,,,,,,,,,,,,,,,,,,,,,,,,,multipolygon,,,,,,,,,,,688016.9439687078,38.78570295609924,-77.05755185884033,Virginia,VA00016
Old Course,Omni Homestead Resort,,,https://www.omnihotels.com/hotels/homestead-virginia/golf/old-course,,,,,,,,,,,,golf,,,,,,,,,,,,,,,,,,,,,,,,,,,,,,,,,686071.425941103,38.00305896095771,-79.82333689657203,Virginia,VA00271
The Crossings Golf Club,,,,https://www.thecrossingsgc.com/,,,,,,,,,,,,,,,,,,,,,,,,,,,,,,,,,,,,,,,,,,,,,681592.9077194463,37.661921364145655,-77.44042413380359,Virginia,VA00265
Country Club Of Fairfax,,,,https://www.ccfairfax.org/Club/Scripts/Home/home.asp,,,,,,,,,,,,,,,,,,,,,,,,,,,,,,,,,,multipolygon,,,,,,,,,,,671416.4491956598,38.822227772199334,-77.32413516471,Virginia,VA00020
Packsaddle Ridge Golf Club,,,,,,,,,,,,,,,,,,,,,,,,,,,,,,,,,,,,,,,,,,,,,,,,,670550.906012607,38.4661191598294,-78.7464663880782,Virginia,VA00234
Mountain Greens Golf Course,,,,,,,,,,,,,,,,,,,,,,,,,,,,,,,,,,,,,,,,,,,,,,,,,669280.9452138357,38.412724650304966,-78.74945936155622,Virginia,VA00258
Fauquier Springs Country Club,,,,https://www.fauquiersprings.com/,Warrenton,9236,20186,Tournament Drive,,,,,VA,+1 540-347-4205,,,,,,,,,,,,,,,,,,,,,,,,multipolygon,,,,,,,,,,,668153.6054067629,38.65544219315926,-77.87113383400121,Virginia,VA00052
Colonial Hills Golf Club,,,,,,,,,,,,,,,,,,,,,,,,,,,,,,,,,,,,,,,,,,,,,,,,,665768.3399999,37.381472097298676,-79.27476501159657,Virginia,VA00236
Willow Oaks Country Club,,,,,,,,,,,,,,,,,,,,,,,,,,,,,,,,,,,,,,,,,,,,,,,,,664959.2798146355,37.53932738090734,-77.50543356551461,Virginia,VA00187
Lexington Golf and Country Club,,,,https://www.lexingtongolfandcountryclub.com/,Lexington,141,24450,Country Club Road,,,,,VA,,,,,,,,,,,,,,,,,,,,,,,,,,,,,,,,,,,,663741.3166710946,37.77169206700411,-79.46196233572341,Virginia,VA00227
Castle Rock Golf & Recreation,,,,,,,,,,,,,,,,golf,,,,,,,,,,,,,,,,,,,,,,,,,,,,,,,,,662027.378740862,37.30585593870718,-80.63884538018692,Virginia,VA00323
James River Country Club,,private,18_hole,,,,,,,,,,,,,,,,,,,,,,,,,,,,,,,,,,,,,,,,,,,,,,657592.610597424,37.05896722743632,-76.50477720167089,Virginia,VA00197
Unknown Golf Course,,,,,,,,,,,,,,,,,,,,,,,,,,,,,,,,,,,,,,,,,,,,,,,,,657024.5996036663,36.710973628042396,-80.85897058205009,Virginia,VA00286
Greendale Golf Course,Fairfax County Park Authority,,18_hole,https://www.fairfaxcounty.gov/parks/golf/greendale/,,,,,,,,,,,,,,,,,,,,,,,,,,,,,,,122,,,multipolygon,,,,,,,,,,,655932.4236833145,38.7733707337942,-77.12134290258685,Virginia,VA00014
Unknown Golf Course,,,,,,,,,,,,,,,,,,,,,,,,,,,,,,,,,,,,,,multipolygon,,,,,,,,,,,654438.2778673776,37.7000302505251,-76.33930342735904,Virginia,VA00094
Prince William Golf Course,Billy Casper Golf,,,,Nokesville,14631,20181,Vint Hill Road,,,,,VA,,1760915,,,esri_Virginia,,,,,,,,,,,,Prince William County,Mo-Su 07:00-19:30,,,,,,,,,,,,,,,,,,650102.7560086545,38.74744451137842,-77.63014326064034,Virginia,VA00125
Sycamore Creek Golf Course,,,,http://sycamorecreekgolfcourse.com/,Manakin-Sabot,1991,23103,Manakin Road,,,,,VA,+1 804-784-3544,,,,,,,,,,,,,,,,,,,,,,,,multipolygon,,,,,,,,,,,646413.0375205707,37.676325813770525,-77.68758616214907,Virginia,VA00043
Bide-A-Wee Golf Course,,,,,,,,,,,,,,,,,,,,,,,,,,,,,,,,,,,,,,,,,,,,,,,,,644317.058888728,36.80221762093395,-76.33951198566143,Virginia,VA00213
Sewells Point Golf Course,,,,,,,,,,,,,,,,,,,,,,,,,,,,,,,,,,,,,,,,,,,,,,,,,639036.2881556681,36.92316968860075,-76.2883043989053,Virginia,VA00315
Hanover Golf Club,,,,https://www.hanovergolfva.com/,,,,,,,,,,,,,,,,,,,,,,,,,,,,,,,,,,,,,,,,,,,,,634367.5941535898,37.800937301,-77.54019545529432,Virginia,VA00298
Medal of Honour Golf Course,,,,https://quantico.usmc-mccs.org/recreation-fitness/recreation/outdoor-recreation/golf-course,Quantico,3313,22134,Fuller Heights Rd,,,,,VA,+1-703-784-2424,,,,,,,,,,,,,,,,,,,,,,,,multipolygon,,,,,,,,,,,627398.6096259308,38.53021204143376,-77.30946149428124,Virginia,VA00110
Elizabeth Manor Golf & Country Club,,,,https://elizabethmanorgolf.com,Portsmouth,1,23701,Ace Parker Drive,,,EMGCC,,VA,+1-757-488-6605,,,,,,,,,,,,,,,,,Tu-Su 07:00-17:00,,,,,,,,,,,,,,,,,,626331.8805448175,36.815416660261796,-76.39393950341116,Virginia,VA00127
The Country Club of Virginia - Westhampton,,,,https://www.theccv.org/,Richmond,6031,23226,Saint Andrews Lane,,,,,VA,+1 804-288-2891,,,,,,,,,,,,,Q5177255,,,,,,,,,,,,,,,,,,,,,,626157.7603115203,37.571181094851745,-77.53071812452355,Virginia,VA00202
Spotswood Country Club,,,,,,,,,,,,,,,,,,,,,,recreation_ground,,,,,,,,,,,,,,,,,,,,,,,,,,,621229.4852113419,38.42868842360722,-78.83477288430241,Virginia,VA00156
Cypress Point Country Club,,,,https://www.cypresspointcc.com/,Virginia Beach,5340,23455,Club Head Road,,,,,VA,+1-757-490-6300,,,,,receptionist@cypresspointcc.com,,,,,,,,,,,,,,,,,,US,multipolygon,,,,,,,,,,,615254.2908260467,36.87942737035376,-76.162432942183,Virginia,VA00083
Wytheville Golf Club,,,,http://wythevillegolfclub.com/,,,,,,,,,,276-228-2143,1491246,,,,,,,,,,,,,,,,,,,,,,,,,,,,,,,,,,615126.4270351217,36.938436918736315,-81.10764009522738,Virginia,VA00211
Unknown Golf Course,,,,,,,,,,,,,,,,,,,,,,,,,,,,,,,,,,,,,,,,,,,,,,,,,614114.1519587532,36.88635718393167,-82.67966187353873,Virginia,VA00310
Eagle Haven Golf Course,,,,,,,,,,,,,,,,,,,,,,,,,,,,,,,,,,,,,,,,,,,,,,,,,612696.0989767842,36.920731239830005,-76.15212220545686,Virginia,VA00246
Green's Folly Golf Course,,,,https://www.greensfolly.com/,South Boston,1085,24592,Green's Folly Road,,,,,,+1 434 572 4998,,,,,,,,,,,,,,,,,,,,,,,,,,,,,,,,,,,601949.3399488705,36.73684418407687,-78.92709041800792,Virginia,VA00250
Heronwood,,private,,,,,,,,,,,,,,,,,,,,,,,"Private, Exclusive Golf Course",,,,,,,,,,,,,,,,,,,,,,,,601494.3297057004,38.98158735721592,-77.85901513576532,Virginia,VA00342
Chesapeake Golf and Country Club,,,,,,,,,,,,,,,,,,,,,,,,,,,,,,,,,,,,,,multipolygon,,,,,,,,,,,599443.0864757671,36.708584548406755,-76.28637459476322,Virginia,VA00088
Brickshire Golf Club,,,,,,,,,,,,,,,,,,,,,,,,,,,,,,,,,,,,,,multipolygon,,,,,,,,,,,598160.5858990576,37.479725226447364,-76.99339455749862,Virginia,VA00348
Dogwood Trace Golf Course,,,,https://www.dogwoodtracegolf.com,,,,,,,,,,,,,,,,,,,,,,,,,,,,,,,,,,multipolygon,,,,,,,,,,,597430.2103332886,37.18975063433924,-77.39728110411365,Virginia,VA00080
Penderbrook Golf Course,,,,https://penderbrookgolf.com/,,,,,,,,,,,1492018,,,,,,,,,,,,,,,,,,,,,,,multipolygon,,,,,,,,,,,596143.6974061992,38.8721739681638,-77.35869765857305,Virginia,VA00018
Windy Hill Sports Complex,,,,https://www.windyhillsports.com/,Midlothian,16500,23113,Midlothian Turnpike,,,,,VA,+1 804-794-0010,,,,,,,,,,,,,,,,,,,,,,,,,,,,,,,,,,,584171.2169005573,37.511120961876514,-77.71707850931534,Virginia,VA00184
Westpark Golf Club,,,,,,,,,,,,,,,,,,,,,,,,,,,,,,,,,,,,,,,,,,,,,,,,,582999.9600596923,39.10154492412618,-77.5864781972282,Virginia,VA00166
Herndon Centennial Golf Course,,,,,,,,,,,,,,,1778792,,,,,,,,,,,,,,,,,,,,,,,multipolygon,,,,,,,,,,,582544.7424915469,38.97736065263896,-77.39593320050979,Virginia,VA00007
Danville Golf Club,,,,https://www.danvillegolfclub.com/,Danville,2725,24540,West Main Street,,,,,VA,1 434 792 7225,,,,,,,,,,,,,,,,,,,,,,,,,,,,,,,,,,,579263.6362279142,36.555686750910176,-79.45434042256265,Virginia,VA00339
Mount Vernon Country Club,,,,https://www.mountvernoncc.org/,,,,,,,,,,,,,,,,,,,,,,,,,,,,,,,,,,multipolygon,,,,,,,,,,,571490.3766718593,38.71445403147955,-77.1193233868285,Virginia,VA00017
Quinton Oaks,,,,https://quintonoaks.com/,,,,,,,,,,,,,,,,,,,,,,,,,,,,,,,,,,,,,,,,,,,,,571373.4063892391,37.94277841731173,-76.57143585863189,Virginia,VA00349
Country Club of Culpeper,,,,,,,,,,,,,,,,,,,,,,,,,,,,,,,,,,,,,,multipolygon,,,,,,,,,,,570450.8052741894,38.46443365630435,-78.01594371320911,Virginia,VA00025
Four Winds Golf Course,,,,,,,,,,,,,,,,,,,,,,,,,,,,,,,,,,,,,,,,,,,,,,,,,570308.584093421,38.239565999902595,-77.26487738100211,Virginia,VA00124
Bryce Resort,Bryce Resort,,,https://bryceresort.com/golf/,Basye,1982,22810,Fairway Drive,,,,,VA,+1 800 821 1444,,,,,,,,,,,,,,,,,08:00-20:00,,,,,,,multipolygon,,,,,,,,,,,569654.3403870666,38.817818480381426,-78.7685048637623,Virginia,VA00079
Waynesboro Country Club,,,,http://waynesborogolfandcountryclub.com/,Waynesboro,1117,22980,Meadowbrook Road,,,,,VA,+1 540 943 1131,,,,esri_Virginia,,,,,,,,,,,,,,,,,,,,multipolygon,,,,,,,,,,,569050.9584482622,38.06036383839579,-78.91675829437759,Virginia,VA00068
The Cascades,Omni Homestead Resort,,,https://www.omnihotels.com/hotels/homestead-virginia/golf/cascades-course,Hot Springs,,24445,,,,,,,,,,,,,,,,,,,,,,,,,,,,,,,,,,,,,,,,,,565119.8173815206,37.95235980001865,-79.87002128376619,Virginia,VA00270
The Golf Club at the Highlands,,,,https://www.highlands-golf.com/,,,,,,,,,,,,,,,,,,,,,,,,,,,,,,,,,,multipolygon,,,,,,,,,,,558913.8755497207,37.3308895573236,-77.52943402382297,Virginia,VA00115
The Golf Club at the Highlands,,,,https://www.highlands-golf.com/,,,,,,,,,,,,,,,,,,,,,,,,,,,,,,,,,,multipolygon,,,,,,,,,,,558913.8755497207,37.3308895573236,-77.52943402382297,Virginia,VA00116
Jefferson Lakeside Country Club,,,,http://www.jeffersonlakeside.com/,,,,,,,,,,,,,,,,,,,,,,,,,,,,,,,,,,,,,,,,,,,,,545612.3039476941,37.62585186735982,-77.46989765570906,Virginia,VA00153
Washington Golf and Country Club,,,,https://www.washingtongolfcc.org/,Arlington,3017,22207,North Glebe Road,,,,,VA,+1-703-524-4600,1492116,,,,comments@washingtongolfcc.org,,,,,,,,,,yes,,Mo-Fr 05:30-22:00; Sa-Su 07:00-20:00,,,,,+1-703-528-1409,,,,,,,,,,,,,538514.9962890097,38.91029343871544,-77.12330133938762,Virginia,VA00169
Unknown Golf Course,,,,,,,,,,,,,,,,,,,,,,,,,,,,,,,,,,,,,,,,,,,,,,,,,538217.145464979,37.10525216921093,-81.6302859568076,Virginia,VA00307
Fredericksburg Country Club,,,,,Fredericksburg,11031,22408,Tidewater Trail,,,,,VA,,,,,,,,,,,,,,,,,,,,,,,,,,,,,,,,,,,,533887.6087606596,38.26353438593905,-77.42943014042612,Virginia,VA00176
Cedar Hill Country Club,,,,,,,,,,,,,,,,,,,,,,,,,,,,,,,,,,,,,,,,,,,,,,,,,518147.9400237898,36.6546142859212,-83.18532775636979,Virginia,VA00287
Kempsville Greens Golf Course,,,,,Virginia Beach,4840,23462,Princess Anne Road,,,kempsvillegreens,,VA,,,,,,,,,,,,,,,,,,,,,,,,,multipolygon,,,,,,,,,,,507993.5940630471,36.82275476849351,-76.1435191364718,Virginia,VA00082
Unknown Golf Course,,,,,,,,,,,,,,,,,,,,,,,,,,,,,,,,,,,,,,,,,,,,,,,,,502687.9896839387,37.165093711288094,-81.2233979340624,Virginia,VA00218
Broad Bay Country Club,,,,https://www.broadbaycc.com,Virginia Beach,2120,23454,Lords Landing,,,,,VA,,,,,,,,,,,,,,,,,,,,,,,,,,,,,,,,,,,,500742.2509718956,36.8923872613728,-76.04718317213266,Virginia,VA00130
Belmont Golf Course & Recreation Center,,,,,,,,,,,,,,,,,,,,,,,,,,,,,,,,,,,,,,,,,,,,,,,,,498354.44242210867,37.61645822184247,-77.46358111775712,Virginia,VA00297
The Woodlands Golf Course,,,,,,,,,,,,,,,,,,,,,,,,,,,,,,,,,,,,,,,,,,,,,,,,,497354.16764646844,37.02783774003125,-76.32851730750215,Virginia,VA00134
Ocean View Golf Course,,,,https://www.oceanviewgc.com/,Norfolk,9610,23503,Norfolk Avenue,,,Oceanviewgolfcourse,,VA,+1-757-480-3215,,,,,,,,,,,,,,,,,,,,,,,,,,,,,,,,,,,495180.7229793602,36.946090979161035,-76.25018552620703,Virginia,VA00237
The First Tee Chesterfield Golf Club,,,,http://www.thefirstteerichmondchesterfield.org/,Richmond,6736,23237,Huntingcreek Drive,,,,,VA,+1 804-275-8050,,,,,,,,,,,,,,,,,,,,,,,,,,,,,,,,,,,489532.1999970189,37.40066379738731,-77.4947720917876,Virginia,VA00154
Regency at Dominion Valley,,,,http://www.regencydominionvalley.com/golf.html,,,,,,,,,,+1 571-261-2505,,,,,,,,,,,,,,,,,,,,,,,,multipolygon,,,,,,,,,,,487478.88823285326,38.84731262893812,-77.64664761997973,Virginia,VA00066
Prince George Golf Course,,,,,,,,,,,,,,,,,,,,,,,,,,,,,,,,,,,,,,,71.1,68.4,69.3,118,106,114,,,,,487249.90260950074,37.13568979999389,-77.25138709332622,Virginia,VA00335
Cavalier Golf & Yacht Club,,,,https://www.cavaliergyc.com/,Virginia Beach,1052,23451,Cardinal Road,,,,,,,,,,,,,,,,,,,,,,,,,,,,,,multipolygon,,,,,,,,,,,481382.54032986343,36.860684116656024,-76.00085936199463,Virginia,VA00027
Cavalier Golf & Yacht Club,,,,https://www.cavaliergyc.com/,Virginia Beach,1052,23451,Cardinal Road,,,,,,,,,,,,,,,,,,,,,,,,,,,,,,multipolygon,,,,,,,,,,,481382.54032986343,36.860684116656024,-76.00085936199463,Virginia,VA00028
The Princess Anne Country Club,,,,https://www.princessannecc.com/,Virginia Beach,3800,23451,Pacific Avenue,,,,,,757-428-4141,,,,,,,,,,,,,,,,,,,,,,,,multipolygon,,,,,,,,,,,479825.0379339606,36.8668373934953,-75.98891795203102,Virginia,VA00030
The Princess Anne Country Club,,,,https://www.princessannecc.com/,Virginia Beach,3800,23451,Pacific Avenue,,,,,,757-428-4141,,,,,,,,,,,,,,,,,,,,,,,,multipolygon,,,,,,,,,,,479825.0379339606,36.8668373934953,-75.98891795203102,Virginia,VA00029
Eastern Shore Yacht and Country Club Golf Course,ESYCC,,,,,,,,,,,,,,,,,,,,,,,,,,,,,,,,,,,,,,,,,,,,,,,,475067.0186228858,37.655215007583166,-75.81990367849427,Virginia,VA00268
Glen Oak Golf Club,,,,,,,,,,,,,,,,,,,,,,,,,,,,,,,,,,,,,,,,,,,,,,,,,468135.91728218575,36.559062337144404,-79.43583327175561,Virginia,VA00230
Unknown Golf Course,,,,,,,,,,,,,,,,,,,,,,,,,,,,,,,,,,,,,,,,,,,,,,,,,465161.78863036336,37.1331301191788,-79.72277969965907,Virginia,VA00259
Shenvalee Miller Course,,,,,,,,,,,,,,,,,,,,,,,,,,,,,,,,,,,,,,multipolygon,,,,,,,,,,,461230.1597934462,38.63347837918034,-78.66642946455099,Virginia,VA00095
Shenvalee Miller Course,,,,,,,,,,,,,,,,,,,,,,,,,,,,,,,,,,,,,,multipolygon,,,,,,,,,,,461230.1597934462,38.63347837918034,-78.66642946455099,Virginia,VA00096
Cliff View Golf Course,,,,,,,,,,,,,,,,,,,,,,,,,,,,,,,,,,,,,,,,,,,,,,,,,454489.8547381636,37.869483590079376,-79.9728909896679,Virginia,VA00314
Bristow Manor Golf Club,,,,,,,,,,,,,,,,,,,,,,,,,,,,,,,,,,,,,,,,,,,,,,,,,451730.3380749736,38.70480505105572,-77.52943278719687,Virginia,VA00143
The Brookwoods Golf Club,,,,https://www.brookwoodsgolf.com,Quinton,7325,23141,Club Drive,,,,,VA,+1-804-932-3737,,,,,,,,,,,,,,,,,Mo-Su 07:15-19:00,,,,,,,multipolygon,,,,,,,,,,,449855.64153593255,37.50594730845473,-77.16845109625538,Virginia,VA00091
Skyland Lakes Golf Club,,,,,,,,,,,,,,,,golf,,,,,,,,,,,,,,,,,,,,,,multipolygon,,,,,,,,,,,448994.569353066,36.64610702338743,-80.73066153130983,Virginia,VA00078
Unknown Golf Course,,,,,,,,,,,,,,,,,,,,,,,,,,,,,,,,,,,,,,,,,,,,,,,,,442452.31161431805,36.580277182998444,-78.14472546017092,Virginia,VA00301
Halifax Country Club,,,,http://www.halifaxccgolf.com/,Halifax,5136,24558,Halifax Road,,,,,,+1 434 476 2940,,,,,,,,,,,,,,,,,,,,,,,,,,,,,,,,,,,423685.08009591023,36.75167541343708,-78.92469489426323,Virginia,VA00249
Devil's Knob Golf Course,,,,,,,,,,,,,,,,,,,,,,,,,,,,,,,,,,,,,,multipolygon,,,,,,,,,,,423469.8198670549,37.9245273823465,-78.95006652133048,Virginia,VA00114
Virginia Tech Golf Course,,,,,,,,,,,,,,,,,,,,,,,,,,,,,,,,,,,,,,,,,,,,,,,,,416734.9568697819,37.22705099805697,-80.43354073057235,Virginia,VA00117
Dan Hall Mountain Golf Course,,,,,,,,,,,,,,,,,,,,,,,,,,,,,,,,,,,,,,,,,,,,,,,,,405313.11570948473,36.958353623802076,-82.44720294188905,Virginia,VA00325
Dan Hall Mountain Golf Course,,,,,,,,,,,,,,,,,,,,,,,,,,,,,,,,,,,,,,,,,,,,,,,,,405313.11570948473,36.958353623802076,-82.44720294188905,Virginia,VA00326
Shenvalee Creek Course,,,,,,,,,,,,,,,,,,,,,,,,,,,,,,,,,,,,,,,,,,,,,,,,,404816.7307476264,38.63809156008581,-78.66604947697815,Virginia,VA00331
Unknown Golf Course,,,,,,,,,,,,,,,,,,,,,,,,,,,,,,,,,,,,,,,,,,,,,,,,,373508.71657181834,37.494135537145716,-77.92022110011725,Virginia,VA00273
Captain's Cove Golf and Yacht Club,,,,https://www.captscovegyc.com/,Greenbackville,3370,23356,Captains Corridor,,,,,,757-824-3465,2520149,,,,,,,,,,,,,,,,,,,,,,,multipolygon,,,,,,,,,,,367265.84343040304,37.99479115655972,-75.42170280625521,Virginia,VA00031
South Hill Country Club,,,,,LaCrosse,,,Country Club Road,,,,,VA,,,,,,,,,,,,,,,,,,,,,,,,,,,,,,,,,,,,365384.9394289989,36.74381689994553,-78.06858060045163,Virginia,VA00300
Unknown Golf Course,,,,,,,,,,,,,,,,,,,,,,,,,,,,,,,,,,,,,,,,,,,,,,,,,363401.36590279796,37.56066033052598,-76.82595707747859,Virginia,VA00334
Unknown Golf Course,,,,,,,,,,,,,,,,,,,,,,,,,,,,,,,,,,,,,,,,,,,,,,,,,363115.3895296242,37.27713586376771,-77.64090725902814,Virginia,VA00295
Bristow Manor Golf Club,,,,,,,,,,,,,,,,,,,,,,,,,,,,,,,,,,,,,,,,,,,,,,,,,361558.16615795647,38.708836267289406,-77.53397811018286,Virginia,VA00142
Willowbrook Country Club,,,,,,,,,,,,,,,,,,,,,,,,,,,,,,,,,,,,,,,,,,,,,,,,,360568.14471275365,37.29129306009065,-82.26711576623647,Virginia,VA00306
South Riding Golf Course,,,,,,,,,,,,,,,,,,,,,,,,,,,,,,,,,,,,,,,,,,,,,,,,,358950.12528477627,38.89683982018895,-77.5086377216488,Virginia,VA00146
Montclair Country Club,,,,,,,,,,,,,,,,,,,,,,,,,,,,,,,,,,,,,,multipolygon,,,,,,,,,,,355857.7898281079,38.60746691679739,-77.33395258365417,Virginia,VA00111
Unknown Golf Course,,,,,,,,,,,,,,,,,,,,,,,,,,,,,,,,,,,,,,,,,,,,,,,,,354163.0266370538,36.94956104876559,-82.21009780388577,Virginia,VA00308
South Riding Golf Course,,,,,,,,,,,,,,,,,,,,,,,,,,,,,,,,,,,,,,,,,,,,,,,,,353146.6231143332,38.90564078960997,-77.50954491416962,Virginia,VA00147
Mecklenburg Country Club,,,,,,,,,,,,,,,,,,,,,,,,,,,,,,,,,,,,,,,,,,,,,,,,,352204.41895889223,36.80334502438259,-78.43244596724847,Virginia,VA00293
Longwood Golf Course,,,,,,,,,,,,,,,,,,,,,,,,,,,,,,,,,,,,,,,,,,,,,,,,,347108.423105792,37.28968445206436,-78.38205003752873,Virginia,VA00158
Unknown Golf Course,,,,,,,,,,,,,,,,,,,,,,,,,,,,,,,,,,,,,,,,,,,,,,,,,344431.8806366444,36.94617992485089,-79.87412419891554,Virginia,VA00263
Unknown Golf Course,,,,,,,,,,,,,,,,golf,,,,,,,,,,,,,,,,,,,,,,,,,,,,,,,,,340114.0073576929,39.096653137108525,-77.48158060094515,Virginia,VA00191
Briery Country Club,,,,https://www.brierycountryclub.com/,Keysville,395,23947,Country Club Road,,,,,VA,,,,,,,,,,,,,,,,,,,,,,,,,,,,,,,,,,,,333810.46631457604,37.07336025967972,-78.48384742859758,Virginia,VA00332
Amelia Golf & Country Club,,,,,,,,,,,,,,,,,,,,,,,,,,,,,,,,,,,,,,,,,,,,,,,,,333476.6207811767,37.35253018063328,-77.96481581716135,Virginia,VA00336
Nottoway River Country Club,,,,,,,,,,,,,,,,,,,,,,,,,,,,,,,,,,,,,,,,,,,,,,,,,323666.0103824884,37.04707601361512,-78.03769729537377,Virginia,VA00343
Poplar Forest Golf Course,,,,http://www.poplarforestgolf.com/,,,,,,,,,,434-534-9418,,,,,,,,,,,,,,,,,,,,,,,,,,,,,,,,,,,323610.5941055733,37.35037544448156,-79.27030035297801,Virginia,VA00149
Aquia Harbour Golf Club,,,,https://aquiagolf.com/,,204,,Bow Cove,,,,,,+1-540-659-4478,,,,EsriWorldImagery,,,,,,,,,,,,,,,,,,,,multipolygon,,,,,,,,,,golf@aquiaharbour.org,309020.5034094702,38.47077399383464,-77.37372851308072,Virginia,VA00092
Unknown Golf Course,,,,,,,,,,,,,,,,,,,,,,,,,,,,,,,,,,,,,,,,,,,,,,,,,300733.5279265994,36.89079527162991,-79.42184071266514,Virginia,VA00289
Gloucester Golf Club,,,,,,,,,,,,,,,,,,,,,,,,,,,,,,,,,,,,,,,,,,,,,,,,,288327.8492746059,37.399457133468104,-76.53271994421559,Virginia,VA00215
Unknown Golf Course,,,,,,,,,,,,,,,,,,,,,,,,,,,,,,,,,,,,,,,,,,,,,,,,,285295.2552913093,36.681061650130935,-80.90231313881056,Virginia,VA00200
Front Royal Golf Club,,,,https://frontroyalgolfclub.com/,,,,,,,,,,540-636-9061,,,,,,,,,,,,,,,,,,,,,,,,multipolygon,,,,,,,,park,,,273118.75187674316,38.96018016591982,-78.18415136496641,Virginia,VA00037
Unknown Golf Course,,,,,,,,,,,,,,,,,,,,,,,,,,,,,,,,,,,,,,,,,,,,,,,,,270992.4290786934,37.319651293440415,-80.72258332836333,Virginia,VA00255
Unknown Golf Course,,,,,,,,,,,,,,,,,"Needs greens, fairways, roughs, sand traps, and cartpaths to be mapped",,,,,,,,,,,,,,,,,,,,,,,,,,,,,,,,270526.12994785776,38.29204072868071,-78.12470362609689,Virginia,VA00341
Lunenburg Country Club,,,,,,,,,,,,,,,,,,,,,,,,,,,,,,,,,,,,,,,,,,,,,,,,,270204.0108436907,36.9508828767709,-78.10349931215818,Virginia,VA00299
Burke Lake Golf,Fairfax County Park Authority,,,https://www.fairfaxcounty.gov/parks/golf/burke-lake,Fairfax Station,6915,22039,Ox Road,,,,,VA,,,,,,,,,,,,,,,,,,,,,,,,,multipolygon,,,,,,,,,,,265110.1491027143,38.765229614688856,-77.30967846321852,Virginia,VA00009
South Riding Golf Course,,,,,,,,,,,,,,,,,,,,,,,,,,,,,,,,,,,,,,,,,,,,,,,,,264833.0414737535,38.90947750945834,-77.51758005601017,Virginia,VA00148
Kanawha Club,,,,http://www.kanawhaclub.com/,Manakin-Sabot,705,23103,River Road West,,,,,VA,+1 804-784-3070,,,,,,,,,,,,,,,,,,,,,,,,,,,,,,,,,,,262266.3474407337,37.61188743299126,-77.74311268020308,Virginia,VA00188
Cheatham Annex Deer Cove Golf Course,,,,,,,,,,,,,,,,,,,,,,,,,,,,,,,,,,,,,,,,,,,,,,,,,261569.14491284682,37.282925216984914,-76.59292330542743,Virginia,VA00216
Blacksburg Municipal Golf Course,Blacksburg Parks and Recreation,,,,,,,,,,,,,,,,,,,,,,,,,,,,,,,,,,,,,,,,,,,,,,,,250988.80668294628,37.22426803178243,-80.39750847797667,Virginia,VA00118
Unknown Golf Course,,,,,,,,,,,,,,,,,,,,,,,,,,,,,,,,,,,,,,,,,,,,,,,,,244118.56532686864,37.2722417088246,-77.64918722918,Virginia,VA00283
Lambert's Point Golf Course,City of Norfolk,,,,,,,,,,,,,,,golf,,,,,,,,,,,,,,,,,,,,,,public,,,,,,,,,,,242423.68645323912,36.88333672795428,-76.32026802700324,Virginia,VA00223
Country Club,,,,,,,,,,,,,,,,,,,,,,,,,,,,,,,,,,,,,,,,,,,,,,,,,242174.29337692665,37.16743478281349,-78.11139634202316,Virginia,VA00157
Unknown Golf Course,,,,,,,,,,,,,,,,,,,,,,,,,,,,,,,,,,,,,,,,,,,,,,,,,241191.01875905626,38.408425424490204,-78.70492495773884,Virginia,VA00338
Unknown Golf Course,,,,,,,,,,,,,,,,,,,,,,,,,,,,,,,,,,,,,,,,,,,,,,,,,240740.1602537652,36.65525824148863,-82.56286067950873,Virginia,VA00321
Unknown Golf Course,,,,,,,,,,,,,,,,,,,,,,,,,,,,,,,,,,,,,,,,,,,,,,,,,239902.2354689454,38.015500467974036,-77.99625548256454,Virginia,VA00243
Bedford Country Club,,,,https://bedfordcountryclub.com/,,,,,,,,,,,,,,,,,,,,,,,,,,,,,,,,,,,,,,,,,,,,,236383.66720752025,37.37575170886097,-79.54295530947385,Virginia,VA00346
Massanutten Resort Golf Club,,,,,,,,,,,,,,,,,,,,,,,,,,,,,,,,,,,,,,,,,,,,,,,,,236351.6446439487,38.409042724989554,-78.71510321413656,Virginia,VA00257
Pinecrest Golf Course,Fairfax Park Authority,,,https://www.fairfaxcounty.gov/parks/golf/pinecrestgc/,Alexandria,6600,22312,Little River Turnpike,,,,,VA,,1491217,,,,,,,,,,,,,,,,,,,,252,,,,,,,,,,,,,,234220.0640675347,38.82698781400239,-77.16459794371832,Virginia,VA00168
Unknown Golf Course,,,,,,,,,,,,,,,,,,,,,,,,,,,,,,,,,,,,,,,,,,,,,,,,,229499.73885335715,36.87373836216996,-81.76226862591938,Virginia,VA00312
Unknown Golf Course,,,,,,,,,,,,,,,,,,,,,,,,,,,,,,,,,,,,,,multipolygon,,,,,,,,,,,225767.44310717116,37.28074248684741,-77.65239764426886,Virginia,VA00106
The Links at City park,,,9_hole,https://portsmouthparks.com/232/The-Links-at-City-Park,Portsmouth,7,23704,Cpl J M Williams Avenue,,,,,VA,,,,,,,,,,,,,,,,,,Mo-Su 08:00-22:00,,,,,,,,,,,,,,,,,,222905.34338081625,36.83046609616414,-76.37133199505342,Virginia,VA00262
Virginia Golf Center,,,,,Centreville,5801,20121,Clifton Road,,,,,VA,,,,,,,,,,,,,,,,,,,,,,,,,,,,,,,,,,,,199533.53928808612,38.82868136930402,-77.39895902328693,Virginia,VA00272
Jefferson District Golf Course,Fairfax County Park Authority,,,,,,,,,,,,,,,,,,,,,,,,,,,,,,,,,,,,,,,,,,,,,,,,197881.01066174777,38.879480937999396,-77.21525845281171,Virginia,VA00140
Unknown Golf Course,,,,,,,,,,,,,,,,,,,,,,,,,,,,,,,,,,,,,,,,,,,,,,,,,194019.80934145086,37.282256024962194,-77.6437489020429,Virginia,VA00296
Glen Oak Golf Club,,,,,,,,,,,,,,,,,,,,,,,,,,,,,,,,,,,,,,,,,,,,,,,,,185893.88872460148,36.55589084192968,-79.44200801288547,Virginia,VA00231
Unknown Golf Course,,,,,,,,,,,,,,,,,,bing,,,,,,,,,,,,,,,,,,,,,,,,,,,,,,,170609.3245727472,39.105264134968806,-78.21144316101515,Virginia,VA00179
Lake Ridge Golf Course,,,,https://www.lakeridgegc.com/,Woodbridge,12350,22192,Cotton Mill Drive,,,,,VA,+1 703-494-5564,2520177,,,,,,,,,,,,,,,,,,,,,,,,,,,,,,,,,,169190.12185650805,38.69175911957565,-77.32038044338492,Virginia,VA00212
Unknown Golf Course,,,,,,,,,,,,,,,,,,,,,,,,,,,,,,,,,,,,,,,,,,,,,,,,,164442.82825706992,37.502405603913076,-77.92194164838138,Virginia,VA00276
Unknown Golf Course,,,,,,,,,,,,,,,,,,,,,,,,,,,,,,,,,,,,,,,,,,,,,,,,,153514.83428024972,37.822965231552644,-79.79229763784724,Virginia,VA00313
5 Hole Golf Course,,,,,,,,,,,,,,,,,,,,,,,,,,,,,,,,,,,,,,,,,,,,,,,,,148173.2828605806,36.95255666917315,-76.31324372746899,Virginia,VA00245
Four Seasons Golf Center,,,,,,11501,,Braddock Road,,,,,VA,+1-703-278-0350,,,,,,,,,,,,,,,,,,,,,,,,multipolygon,,,,,,,,,,,138922.21937958605,38.83146474328445,-77.34360184626652,Virginia,VA00021
Oakmont Golf Course,,,,,,,,,,,,,,,,,,Yahoo,,,,,,,,,,,,,,,,,,,,,,,,,,,,,,,124173.13720693743,38.87753898025311,-77.31503804477609,Virginia,VA00136
Unknown Golf Course,,,,,,,,,,,,,,,,,,,,,,,,,,,,,yes,,,,,,,,,,,,,,,,,,,,108870.586867763,37.55952426661178,-77.43764484865929,Virginia,VA00324
Unknown Golf Course,,,,,,,,,,,,,,,,,,,,,,,,,,,,,,,,,,,,,,,,,,,,,,,,,103899.33208545926,37.49423843603085,-77.92527647600595,Virginia,VA00274
Unknown Golf Course,,,,,,,,,,,,,,,,,,,,,,,,,,,,,,,,,,,,,,,,,,,,,,,,,98943.31622327669,37.33629905104831,-79.12200047334936,Virginia,VA00319
Unknown Golf Course,,,,,,,,,,,,,,,,,,,,,,,,,,,,,,,,,,,,,,,,,,,,,,,,,95241.52970369296,38.659422154340625,-78.2213071300261,Virginia,VA00337
Unknown Golf Course,,,,,,,,,,,,,,,,,,,,,,,,,,,,,,,,,,,,,,,,,,,,,,,,,90317.77400440442,38.68643302512933,-77.34829648496823,Virginia,VA00159
Unknown Golf Course,,,,,,,,,,,,,,,,golf,,,,,,,,,,,,,,,,,,,,,,,,,,,,,,,,,80899.43173749719,39.09324891713173,-77.47520667159161,Virginia,VA00190
Unknown Golf Course,,,,,,,,,,,,,,,,,,,,,,,,,,,,,,,,,,,,,,,,,,,,,,,,,76111.78883414222,38.82057279132382,-77.62892222739525,Virginia,VA00181
Lynch Links Golf Course of Emory & Henry College,,,,,,,,,,,,,,,,,,,,,,,,,,,,,,,,,,,,,,,,,,,,,,,,,71222.73837952521,36.76991273232194,-81.83344856121464,Virginia,VA00320
New Post Golf Driving Range,,,,,Woodford,9815,22580,Sandy Lane Drive,,,,,VA,,,golf,,,,,driving_range,grass,,,,,,,,,,,,,,,,,,,,,,,,,,,64132.803007891605,38.22925216392156,-77.403545924478,Virginia,VA00120
Oakmont Driving Range,,,,,,,,,,,,,,,,,,,,,driving_range,grass,,,,,,,,,,,,,,,,,,,,,,,,,,,62354.487143278784,38.87495940098618,-77.3180604048289,Virginia,VA00172
Unknown Golf Course,,,,,,,,,,,,,,,,golf,,,,,,,,,,,,,,,,,,,,,,,,,,,,,,,,,56353.45373351022,39.09881918370293,-77.4776409169775,Virginia,VA00194
Driving Range,,,,,,,,,,,,,,,,,,,,,,,,,,,,,,,,,,,,,,,,,,,,,,,,,53798.23836600555,36.80419917036283,-76.02398097852159,Virginia,VA00226
Unknown Golf Course,,,,,,,,,,,,,,,,,,,,,,,,,,,,,,,,,,,,,,,,,,,,,,,,,53179.43850245632,37.33301130526734,-79.9531364761117,Virginia,VA00278
Unknown Golf Course,,,,,,,,,,,,,,,,,,,,,,,,,,,,,,,,,,,,,,,,,,,,,,,,,50055.2308278109,38.47099576088422,-77.36837222575669,Virginia,VA00261
Loch Lowman Golf Course,,,,,,,,,,,,,,,,,,,,,,,,,,,,,,,,,,,,,,,,,,,,,,,,,48330.89390951537,37.16007555277359,-80.58593405311683,Virginia,VA00350
Peninsula Golf Club,,,,,,,,,,,,,,,,golf,,,,,,,,,,,,,,,,,,,,,,,,,,,,,,,,,46765.19672317599,37.042095535719646,-76.36000313322522,Virginia,VA00222
Unknown Golf Course,,,,,,,,,,,,,,,,golf,,,,,,,,,,,,,,,,,,,,,,,,,,,,,,,,,42824.83518523294,39.09317258152067,-77.47377338314033,Virginia,VA00193
Unknown Golf Course,,,,,,,,,,,,,,,,,,,,,,,,,,,,,,,,,,,,,,,,,,,,,,,,,42053.96605115104,37.29358281290742,-80.03014792524824,Virginia,VA00180
Unknown Golf Course,,,,,,,,,,,,,,,,,,,,,,,,,,,,,,,,,,,,,,,,,,,,,,,,,37681.188121165134,37.49947165901981,-77.92624121797311,Virginia,VA00275
Unknown Golf Course,,,,,,,,,,,,,,,,,,,,,,,,,,,,,,,,,,,,,,,,,,,,,,,,,35684.922472231556,38.46922897310539,-77.37169490674385,Virginia,VA00260
Unknown Golf Course,,,,,,,,,,,,,,,,,,,,,,,,,,,,,,,,,,,,,,,,,,,,,,,,,35586.04893678725,37.506932649049396,-77.92322330683467,Virginia,VA00277
Unknown Golf Course,,,,,,,,,,,,,,,,,,,,,,,,,,,,,,,,,,,,,,,,,,,,,,,,,31691.60229020768,37.27509342055382,-80.03038229918658,Virginia,VA00183
Driving Range,,,,,,,,,,,,,,,,,,,,,,,,,,,,,,,,,,,,,,,,,,,,,,,,,31063.914010388988,38.781640589997664,-77.64804166529905,Virginia,VA00165
Lynch Link,,,,,,,,,,,,,,,,,,,,,,,,,,,,,,,,,,,,,,multipolygon,,,,,,,,,,,26195.760354170205,36.771465513171364,-81.8288370081427,Virginia,VA00085
Top Golf,,,,,,5444,23462-6512,Greenwich Road,,,,,,,,,,,,,,,,,,,,,,,,commercial,,,,,,,,,,,,,3,,,,25348.81511814983,36.84321425553848,-76.16939134133375,Virginia,VA00316
Topgolf,,,,,,,,,,,,,,,,,,,,,,,,,,,,,limited,,,,,,,,,,,,,,,,,,,,21395.127517242818,39.052114005897586,-77.44569981161533,Virginia,VA00233
Unknown Golf Course,,,,,,,,,,,,,,,,,,,,,fairway,grass,1,,,,,,,,,,,,,,,,,,,,,,,,,,11530.60749537104,37.92599796316825,-78.94765646289119,Virginia,VA00302
