name,operator,addr:city,addr:housenumber,addr:postcode,addr:street,phone,website,addr:state,opening_hours,wikidata,source,gnis:feature_id,disused:amenity,email,disused,note,contact:facebook,fax,golf:course,golf:par,sport,access,residential,golf:course:holes,golf:course:par,golf:course:tee_names,golf,landuse,fixme,name:es,contact:phone,building,description,type,par,surface,wheelchair,check_date,area_m2,lat,lon,province,gcid
Stonecrest,,,,,,,,,,,,,,,,,,,,,,,,,,,,,,,,,,,,,,,2276603.890021899,38.98191867393785,-86.58040542840956,Indiana,IN00312
Eagle Creek Golf Club,,Indianapolis,8802,46234,West 56th Street,+1-317-297-3366,https://www.eaglecreekgolfclub.com/,,,,,2109477,,,,,,,,,,,,,,,,,,,,,,,,,,,2171750.9495191337,39.86020385838826,-86.32168533631308,Indiana,IN00120
Stonycreek Golf Club,,,,,,,,,,,,,,,,,,,,,,,,,,,,,,,,,,multipolygon,,,,,1869817.803671181,40.02939216678106,-85.96990977142744,Indiana,IN00027
Pebble Brook Golf Club,,,,,,,,,,,,,,,,,,,,,,,,,,,,,,,,,,,,,,,1622899.9072675582,40.05521150592561,-86.08083764965241,Indiana,IN00325
Victoria National Golf Club,,,,,,,,,,,,,,,,,,,,,,,,,,,,,,,,,,multipolygon,,,,,1597702.6631964792,38.00104471742613,-87.34110605147464,Indiana,IN00035
White Hawk Country Club,,Crown Point,1001,46307,White Hawk Drive,+1 219 661 1300,https://www.whitehawkcountryclub.com/,IN,,,,,,,,,,,,,,,,,,,,,,,,,,multipolygon,,,,,1591434.3111668932,41.438508929113326,-87.38344889079495,Indiana,IN00050
Otter Creek Golf Course,,,,,,,,,,,TIGER/Line® 2008 Place Shapefiles (http://www.census.gov/geo/www/tiger/),,,,,,,,,,,,,,,,,,,,,,,,,,,,1575012.9731800815,39.21687453468513,-85.79704695238144,Indiana,IN00083
Champions Pointe Golf Club,,Henryville,1820,47126,Champions Pointe Club Lane,+1-812-294-1800,https://www.cbcpgolf.com/,IN,,,,,,,,,,,,,,,,,,,,,,,,,,,,,,,1493534.0409960656,38.51351063057897,-85.7914803148177,Indiana,IN00408
The Legends Golf Club,,Franklin,2555,46131,North Hurricane Road,317-736-8186,https://www.thelegendsgolfclub.com/,,,,,,,,,,,,,,,,,,,,,,,,,,,multipolygon,,,,,1428351.9874543287,39.50700362123282,-86.0342157455811,Indiana,IN00020
Chippendale Golf Course,,,,,,,,,,,,,,,,,,,,,,,areas,,,,,,,,,,,,,,,,1341170.7099015014,40.407422135541715,-86.15599620503126,Indiana,IN00358
Bridgewater Golf Club,,Auburn,1818,46706,Morningstar Road,+1-260-925-8184,https://www.bridgewatergc.com/,,,,,,,,,,,,,,,,,,,,,,,,,,,,,,,,1332836.4207845528,41.384803664553544,-85.03403205157034,Indiana,IN00167
Pete Dye Course,,,,,,,,,,,,,,,,,,,,,,,,,,,,,,,,,,,,,,,1323277.454972431,38.57141346994315,-86.63612358642206,Indiana,IN00118
Unknown Golf Course,,,,,,,,,,,,,,,,,,,,,,,,,,,,,,,,,,multipolygon,,,,,1308230.0899608706,41.51418109847798,-87.49574765744416,Indiana,IN00060
The Hawthorns Golf & Country Club,,Fishers,12255,46037,Club Point,+1-317-845-9100,https://www.hawthornscountryclub.com/,,,,,2106816,,,,,,,,,,,,,,,,,,,,,,multipolygon,,,,,1307887.9831701205,39.949077531133625,-85.95288481193718,Indiana,IN00037
Rock Hollow Golf Course,,Peru,669,46970,South 250 West,,https://www.rockhollowgolf.com/,IN,,,,,,,,,,,,,,,,,,,,,,,,,,,,,,,1273726.501960128,40.75686989133812,-86.11684513172271,Indiana,IN00317
Swan Lake Golf Courses,,Plymouth,5203,46563,Plymouth Laporte Trail,+1 574-935-5680; +1 574-936-9798,https://www.swanlakeresort.com/,IN,,,,,,,,Shape based on Marshal Co. Assessor’s data,https://www.facebook.com/swanlakeresort?fref=ts,+1 574-935-3048,,,,,,,,,,,,,,,,,,,,,1214517.2215139866,41.39633659007054,-86.42825285782493,Indiana,IN00417
Swan Lake Golf Courses,,Plymouth,5203,46563,Plymouth Laporte Trail,+1 574-935-5680; +1 574-936-9798,https://www.swanlakeresort.com/,IN,,,,,,,,Shape based on Marshal Co. Assessor’s data,https://www.facebook.com/swanlakeresort?fref=ts,+1 574-935-3048,,,,,,,,,,,,,,,,,,,,,1214517.2215139866,41.39633659007054,-86.42825285782493,Indiana,IN00416
Unknown Golf Course,,,,,,,,,,,,,,,,,,,,,,,,,,,,,,,,,,,,,,,1200607.9604274498,40.08756776682739,-86.05319063991848,Indiana,IN00326
Glendarin Hills Golf Club,,Angola,3333,46703,Glendarin Way,+1-260-624-3550,https://www.glendarinhills.com/,IN,,,,,,,,,,,,,,,,,,,,,,,,,,,,,,,1195355.398261951,41.68017505080571,-84.99070664691956,Indiana,IN00169
Sultan’s Run Golf Club,,Jasper,1490,47546,North Meridian Road,+1 812 482 1009,https://www.sultansrun.com/,,,,,,,,,,,,,,,,,,,,,,,,,,,,,,,,1175631.2997410442,38.40171683361744,-86.89738934776157,Indiana,IN00258
Unknown Golf Course,,,,,,,,,,,,,,,,,,,,,,,,,,,,,,,,,,,,,,,1153026.144743949,39.64599598775293,-85.17194823344447,Indiana,IN00398
Pfau Indiana University Golf Course,Indiana University,Bloomington,1492,47408,North State Road 45 46 Bypass,,https://thepfaucourse.com/,IN,,,,,,,,,,,,,,,,,,,,,,,,,,,,,,,1140464.5600550876,39.18521198877786,-86.50634481944269,Indiana,IN00133
Blackthorn Golf Club,,,,,,,,,,,,,,,,,,,,,,,,,,,,,,,,,,,,,,,1126055.2923273956,41.71951645755903,-86.33015966203257,Indiana,IN00097
Old Oakland Golf Club,,Indianapolis,11611,46236,East 75th Street,+1-317-823-4791,https://www.oldoaklandgolfclub.com/,,,,,2109475,,,,,,,,,,,,,,,,,,,,,,multipolygon,,,,,1115303.831056151,39.8851008836015,-85.96389590749078,Indiana,IN00045
The Fort Golf Course,,Indianapolis,6002,46216,North Post Road,+1-317-543-9597,https://www.thefortgolfcourse.com/,,,,,2108902,,,,,,,,,,,,18,72,"gold, blue, white, green, red",,,,,,,,,,,,,1086871.5208935984,39.868470364708905,-86.01112828585947,Indiana,IN00220
Winding Ridge Gold Cub,,,,,,,,,,,,,,,,,,,,,,,,,,,,,,,,,,multipolygon,,,,,1082804.6634916773,39.84954235522827,-85.96268865039244,Indiana,IN00061
Ironwood Golf Club,,Fishers,10955,46038,Fall Road,317-842-0551,https://www.ironwoodgc.com/,,,,,2106817,,,,,,,,,,,,,,,,,,,,,,multipolygon,,,,,1081079.987760798,39.945856424950264,-85.9786188524613,Indiana,IN00013
Timbergate Golf Course,,Edinburgh,151,46124,Saint Andrews Avenue,+1 812 526 3523,http://www.timbergategolf.com/,,,,,,,,,,,,,,,,,,,,,,,,,,,multipolygon,,,,,1069382.0695036622,39.35203498106909,-85.94849453040513,Indiana,IN00028
Unknown Golf Course,,,,,,,,,,,,,,,,,,,,,,,,,,,,,,,,,,,,,,,1039681.838213226,38.48514467856653,-87.2618258028585,Indiana,IN00290
Unknown Golf Course,,,,,,,,,,,,,,,,,,,,,,,,,,,,,,,,,,,,,,,1024566.2683584187,40.12038336646927,-86.05033759950958,Indiana,IN00396
Lost Marsh Golf Course,Hammond Port Authority,Hammond,1001,46320,129th Street,,,IN,,,,,,,,,,,,,,,,,,,,,,,,,,,,,,,1017395.4501861716,41.66475578179677,-87.50122585573747,Indiana,IN00135
Belterra Golf Course,Pinnacle Entertainment,,,,,,https://www.belterracasino.com/amenities/golf-course-and-clubhouse/,,,,,,,,,,,,,,,,,,,,,,,,,,,multipolygon,,,,,1004866.5601762028,38.78258267740179,-84.9461102923293,Indiana,IN00034
Chariot Run,,Laconia,8191,47135,Chariot Run Dr SE,+1-812-578-3355,https://golfchariotrun.com/,IN,,,,,,,,,,,,,,,,,,,,,,,,,,,,,,,999669.7510911375,38.076993556930724,-86.00816426564585,Indiana,IN00342
Holliday Farms,,Zionsville,3950,46077,Club Ridge Estates,+1-317-973-5045,https://www.hollidayfarmszionsville.com/,IN,,,,,,,,,,,,,,,,,,,,,,,,,,multipolygon,,,,,996984.1180014549,39.983511966620895,-86.26762183081807,Indiana,IN00072
Warren Golf Course,,,,,,,,,,,,,,,,,,,,,,,,,,,,,,,,,,,,,,,987546.4894521266,41.71213996020035,-86.22473896231082,Indiana,IN00098
Hulman Links Golf Course,Terre Haute Office of Parks & Recreation,Terre Haute,990,47803,Chamberlain St.,,,IN,,,,,,,,,,,,,,,,,,,,,,,,,,,,,,,980570.3371694278,39.48144780907459,-87.30231654937354,Indiana,IN00392
Wyaloosing Creek,,Greensburg,6869,47240,S State Road 3,+1-812-591-4100,https://wyaloosingcreek.weebly.com/,IN,,,,,,,,,,,,,,,,,,,,,,,,,,,,,,,972132.6297417512,39.238474920505,-85.58189515371664,Indiana,IN00262
Twin Bridges Golf Club,,Danville,1001,46122,Cartersburg Road,+1-317-745-9098,https://www.twinbridgesgolfclub.com/,,,,,,,,,,,,,,,,,,,,,,,,,,,,,,,,960749.0332123934,39.749014340949685,-86.51104712700267,Indiana,IN00204
Purgatory Golf Club,,,,,,,,,,,,,,,,,,,,,,,,,,,,,,,,,,,,,,,949348.8748692878,40.10620204118641,-85.95121110879668,Indiana,IN00280
Hidden Creek Golf Club,,Sellersburg,4975,47172,Utica Sellersburg Road,+1-812-246-2556,https://hiddencreekgolfclub.com/,IN,,,,,,,,,,,,,,,,,,,,,,,,,,,,,,,936056.1690662135,38.36475684107567,-85.7272102736202,Indiana,IN00302
Gray Eagle Golf Club and Academy,,Fishers,12500,46038,Brooks School Road,317-845-2900,https://grayeaglegolf.com/,,,,,,,,,,,,,,,,,,,,,,,,,,,multipolygon,,,,,932315.3873944972,39.96735020391421,-85.93382794433946,Indiana,IN00012
Cascades Golf Course,,Bloomington,3550,47404,North Kinser Pike,,,IN,,,,,,,,,,,,,,,,,,,,,,,,,,,,,,,927257.7977522473,39.2028316624157,-86.54120916816481,Indiana,IN00114
Sycamore Hills Golf Club,,Fort Wayne,11836,46814,Covington Road,260-625-4324,https://www.sycamorehillsgolfclub.com/,,,,,,,,,,,,,,,,,,,,,,,,,,,multipolygon,,,,,911179.8426459755,41.06628111455512,-85.29051042230131,Indiana,IN00019
Sycamore Hills Golf Club,,Fort Wayne,11836,46814,Covington Road,260-625-4324,https://www.sycamorehillsgolfclub.com/,,,,,,,,,,,,,,,,,,,,,,,,,,,multipolygon,,,,,911179.8426459755,41.06628111455512,-85.29051042230131,Indiana,IN00018
Wolf Run Golf Club,,Zionsville,601,46077,South 900 East,+1-317-769-5260,https://wolfrungc.com/,,,,,,,,,,,,,,,private,,,,,,,,,,,,,,,,,901561.2749284003,40.03468704798775,-86.28943152311699,Indiana,IN00214
Stonehenge Golf Club,,Winona Lake,2850,46590,East Pierceton Road,+1 574 269 6122,http://www.stonehengegolfclub.com/,,,,,,,,,,,,,,,,,,,,,,,,,,,multipolygon,,,,,901278.6142052867,41.208505697848366,-85.78668547806735,Indiana,IN00026
Cobblestone Golf Course,,,,,,,http://cobblestonegc.com/cobblestone,,,,,,,,,,,,,,,,,,,,,,,,,,,,,,,,898907.4558533882,41.44281016077831,-85.3190507497045,Indiana,IN00415
Unknown Golf Course,,,,,,,,,,,,,,,,,,,,,,,,,,,,,,,,,,,,,,,896447.3864956683,40.01421156618925,-86.10033318077453,Indiana,IN00413
Unknown Golf Course,,,,,,,,,,,,,,,,,,,,,,,,,,,,,,,,,,multipolygon,,,,,894175.8885600817,41.44257506009237,-87.11475274688085,Indiana,IN00059
Elcona Country Club,,,,,,,,,,,,,,,,,,,,,,,,,,,,,,,,,,,,,,,893481.742521317,41.67076979176862,-85.85770864250303,Indiana,IN00308
Fox Prairie Golf Course,,Noblesville,8465,46060,East 196th Street,+1-317-776-6357,http://www.foxprairie.com/,,,,,2101364,,,,,,,,,,,,,,,,,,,,,,,,,,,892674.6823816665,40.06645681949768,-86.02606628854274,Indiana,IN00216
Harrison Hills Golf Course,,,,,,,,,,,,,,,,,,,,,,,,,,,,,,,,,,,,,,,881691.1954343666,40.280963401162886,-87.24271959359793,Indiana,IN00267
Heartland Crossing Golf Links,,Camby,6701,46113,South Heartland Boulevard,+1-317-630-1785,http://www.heartlandcrossinggolf.com/,,,,,2109621,,,,,,,,,,,,,,,,,,,,,,,,,,,873556.1800609239,39.625290553346765,-86.30024943657963,Indiana,IN00197
Unknown Golf Course,,,,,,,,,,,,,,,,,,,,,,,,,,,,,,,,,,,,,,,872958.347927644,39.30211442857853,-84.82974766980064,Indiana,IN00156
Southern Dunes Golf Course,,,8220,,Tibbs Ave,,,,,,,,,,,,,,,,,,,,,,,,,,,,,,,,,,866408.7891622925,39.65228902216314,-86.21398607400634,Indiana,IN00106
Unknown Golf Course,,,,,,,,,,,,,,,,,,,,,,,,,,,,,,,,,,,,,,,865551.2662376986,40.12636986019483,-87.39282608634959,Indiana,IN00323
Sand Creek Country Club,,Chesterton,1001,46304,Sand Creek Drive South,+1 219 395 5200,https://www.sandcreek.com/,IN,,,,,,,,,,,,,,,,,,,,,,,,,,multipolygon,,,,,865177.7660608382,41.599570922795344,-87.02721184815421,Indiana,IN00047
Covered Bridge Golf Club,,Sellersburg,12510,47172,Covered Bridge Road,+1-812-246-8880,https://www.cbcpgolf.com/,IN,,,,,,,,,,,,,,,,,,,,,,,,,,,,,,,859525.3701179317,38.44051125180236,-85.79526903691375,Indiana,IN00409
Crooked Stick Golf Club,,Carmel,1964,46032,Burning Tree Lane,+1-317-844-9938,https://www.crookedstick.org/,,,Q5187858,,2101384,,,,,,,,,,,,,,,,,,,,,,,,,,,854997.8606274113,39.947860825350524,-86.19278651021756,Indiana,IN00208
Plum Creek Golf Course,,Carmel,12401,46033,Lynnwood Boulevard,+1-317-573-9900,https://www.plumcreekgolfclub.com/,,Mo 10:00-17:00; Tu-Su 06:00-21:00,,,2101412,,,,,,,,,,,,,,,,,,,,,,multipolygon,,,,2022-09-11,853761.4180749786,39.971247548652855,-86.05991347722403,Indiana,IN00039
Unknown Golf Course,,,,,,,,,,,,,,,,,,,,,,,,,,,,,,,,,,multipolygon,,,,,849517.8570355843,39.55346584228516,-86.1920630858261,Indiana,IN00041
Unknown Golf Course,,,,,,,,,,,,,,,,,,,,,,,,,,,,,,,,,,multipolygon,,,,,849517.8570355843,39.55346584228516,-86.1920630858261,Indiana,IN00042
Kampen Golf Course,,,,,,,,,,,,,,,,,,,,,,,,,,,,,,,,,,,,,,,848502.5275543338,40.445318419502414,-86.92792974342817,Indiana,IN00144
Kampen Golf Course,,,,,,,,,,,,,,,,,,,,,,,,,,,,,,,,,,,,,,,848502.5275543338,40.445318419502414,-86.92792974342817,Indiana,IN00143
Oak Ridge Golf Course,Metz,Brazil,9784,47834,North County Road 300 East,,,IN,,,,,,,,,,,,,,,,,,,,,,,,,,,,,,,847615.2378576006,39.53109628110105,-87.0439032919332,Indiana,IN00390
Palmira Golf Club,,Saint John,12111,46373,West 109th Street,219-365-4331,https://www.palmiragolf.com/,,,,,2040006,,,,,,,,,,,,,,,,,,,,,,,,,,,844111.5162892733,41.41430076427892,-87.48489537915023,Indiana,IN00180
Brookwood Golf Club,,,,,,,,,,,,,,,,,,,,,,,,,,,,,,,,,,,,,,,841737.0564622425,40.99409016793914,-85.17398167078576,Indiana,IN00341
Chestnut Hills Golf Club,,Fort Wayne,11502,46814,Illinois Road,260-625-4146,https://www.chestnuthillsgolf.com/,,,,,,,,,,,,,,,,,,,,,,,,,,,multipolygon,,,,,836906.9334682246,41.07851454831389,-85.29215070455817,Indiana,IN00017
Chestnut Hills Golf Club,,Fort Wayne,11502,46814,Illinois Road,260-625-4146,https://www.chestnuthillsgolf.com/,,,,,,,,,,,,,,,,,,,,,,,,,,,multipolygon,,,,,836906.9334682246,41.07851454831389,-85.29215070455817,Indiana,IN00016
Coyote Crossing Golf Club,,,,,,,,,,,,,,,,,,,,,,,,,,,,,,,,,,,,,,,833314.2329974903,40.49873563791432,-86.90097780808888,Indiana,IN00289
Unknown Golf Course,,,,,,,,,,,,,,,,,,,,,,,,,,,,,,,,,,,,,,,830593.5240029518,40.155091102976286,-84.98438288071117,Indiana,IN00242
Sandy Pines Golf Course,,DeMotte,10527,46310,Bunker Drive,+1-219-987-3611,https://www.sandypinesgc.com/,,,,,450024,,,,,,,,,,,,,,,,,,,,,,,,,,,829333.2657774601,41.166957099848084,-87.157379580998,Indiana,IN00182
Idle Creek Golf Course,,,,,,812-299-5353,https://www.idlecreek.com/golf-course/,,,,,,,,,,,,,,,,,,,,,,,,,,,multipolygon,,,,,826377.7823759315,39.40046404296645,-87.35510559610438,Indiana,IN00009
Unknown Golf Course,,,,,,,,,,,,,,,,,,,,,,,,,,,,,,,,,,,,,,,824582.6321214847,41.18078219589525,-86.38306156787286,Indiana,IN00350
Sugar Ridge Golf Club,Sugar Ridge Golf Club,Lawrenceburg,21010,47025,State Line Road,,https://www.sugarridgegc.com/index.htm,IN,,,Bing 2012,,,dennym52@gmail.com,,,,,,,,,,,,,,,,,,,"""... features luscious bent grass tees, greens and new Zoysia grass fairways...Rated by Golf Digest as “Best Places To Play” and recognized in 1999 by Audubon International for its environmental planning..."" ",,,,,,821784.4455917897,39.17598197225984,-84.82462169509807,Indiana,IN00155
Wood Wind Golf Club,,Westfield,2302,46074,W 161st Street,+1-317-669-8550,https://woodwindgolf.com/,,,,,,,,,,,,,,,,,,,,,,,,,,,,,,,,821370.5721331049,40.01812321361073,-86.19862982200995,Indiana,IN00348
Innsbrook Country Club,,,,,,,,,,,,,,,,,,,,,,,,,,,,,,,,,,,,,,,818772.0218608987,41.49567359928897,-87.35960121524955,Indiana,IN00265
Unknown Golf Course,,,,,,,,,,,,,,,,,,,,,,,,,,,,,,,,,,,,,,,807325.3100950622,38.84688354121572,-84.91638926433701,Indiana,IN00352
Prairie View Golf Club,,Carmel,7000,46033,Longest Drive,+1-317-816-3100,https://www.prairieviewgc.com/,,,,,,,info@prairieviewgc.com,,,,,,,,,,,,,,,,,,,,multipolygon,,,,,803783.5283412389,39.976721793705664,-86.04057222810418,Indiana,IN00040
Elbel Golf Course,,,,,,,,,,,,,,,,,,,,,,,,,,,,,,,,,,multipolygon,,,,,801360.6792460075,41.74704128656629,-86.38138141190865,Indiana,IN00065
Unknown Golf Course,,,,,,,,,,,,,,,,,,,,,,,,,,,,,,,,,,multipolygon,,,,,800972.3357590338,40.014159520008846,-86.10035600094224,Indiana,IN00078
Unknown Golf Course,,,,,,,,,,,,,,,,,,,,,,,,,,,,,,,,,,,,,,,791815.8369024772,38.67922270522531,-87.4935029200038,Indiana,IN00359
Unknown Golf Course,,,,,,,,,,,,,,,,,,,,,,,,,,,,,,,,,,multipolygon,,,,,782581.667712258,38.15007363104472,-87.5379482625446,Indiana,IN00076
Rolling Meadows Golf Course,,,,,,,,,,,,,,,,,,,,,,,,,,,,,,,,,,,,,,,774833.5224338308,39.29018902547473,-86.69120281699047,Indiana,IN00087
The Brassie Golf Club,,,,,,,,,,,,,,,,,,,,,,,,,,,,,,,,,,,,,,,773148.1007198544,41.594507702812145,-87.09528063354325,Indiana,IN00095
Brickyard Crossing Golf Course,,Indianapolis,4400,46222,West 16th Street,+1-317-492-6417,https://www.brickyardcrossing.com/,,,,yahoo_wms,,,,,,,,,,,,,,,,,,,,,,,multipolygon,,,,,771709.0469359052,39.79514677235207,-86.22895311884258,Indiana,IN00006
Beechwood Golf Course,,La Porte,2222,46350,Woodlawn Drive,+1 219 362 2651,https://www.thebeechwoodgolfcourse.com/,IN,,,,,,,,,,,,,,,,,,,,,,,,,,,,,,,769855.3689305609,41.596245154437355,-86.69928444110539,Indiana,IN00127
Golf Club of Indiana,,,,,,,,,,,,,,,,,,,,,,,,,,,,,,,,,,,,,,,768119.9023397829,39.93749941517137,-86.36856848547335,Indiana,IN00388
Prestwick Country Club,,,,,,,,,,,,,,,,,,,,,,,,,,,,,,,,,,multipolygon,,,,,759996.2504755775,39.75132064315514,-86.43349484278772,Indiana,IN00010
Prestwick Country Club,,,,,,,,,,,,,,,,,,,,,,,,,,,,,,,,,,multipolygon,,,,,759996.2504755775,39.75132064315514,-86.43349484278772,Indiana,IN00011
Country Oaks Golf Course,,,,,,,,,,,,,,,,,,,,,,,,,,,,,,,,,,,,,,,754043.7870973411,38.65978717306117,-87.07173014565505,Indiana,IN00277
Horseshoe Bend Golf Course,,,,,,,,,,,Bing Maps,,,,,,,,,,,,,,,,,,,,,,,,,,,,750626.9358607766,39.783623225638095,-85.4378582990588,Indiana,IN00238
Michigan City Municipal Golf Course,Michigan City Golf Course,Michigan City,4000,46360,East Michigan Boulevard,+1-219-873-1516,https://www.michigancitygolfcourse.com/,,,,,,,,,,,,,,,,,,,,,,,,,,,multipolygon,,,,,745992.1214086685,41.70740509290199,-86.84210159968609,Indiana,IN00064
Chesapeake Run Golf Club,,,,,,,,,,,,,,,,,,,,,,,,,,,,,,,,,,,,,,,743995.3578003326,41.20661898252076,-86.73646847424634,Indiana,IN00334
Oak Meadow Country Club,,Evansville,,47725,,,,IN,,,,,,,,,,,,,,,,,,,,,,,,,,multipolygon,,,,,741349.2698117731,38.08470503506264,-87.5253437256456,Indiana,IN00074
Winding River Golf Course,,Indianapolis,8015,46221,Mann Road,+1-317-856-7257,https://www.windingrivergc.com/,,,,,2109119,,,,,,,,,,,,,,,,,,,,,,,,,,,739306.7953144177,39.646724215602674,-86.2448795983491,Indiana,IN00119
Hillcrest Golf & Country Club,,Batesville,850,47006,North Walnut Street,+1-812-934-3401,https://hillcrest-gcc.com/,IN,,,,,,,,,,,,,,,,,,,,,,,,,,,,,,,736955.8972238422,39.305292249500766,-85.22241931082459,Indiana,IN00224
Bluff Creek Golf Course,,Greenwood,2710,46143,South Old State Route 37,+1-317-422-4736,https://www.bluffcreekgolf.com/,,,,,,,,,,,,,,,,,,,,,,,,,,,,,,,,734188.8269028377,39.58000152036103,-86.24556255835734,Indiana,IN00194
Buffalo Trace Golf Course,,Jasper,1728,47546,Jackson Street,+1 812 482 4600,https://www.jasperindiana.gov/egov/apps/locations/facilities.egov?view=detail&id=15,,,,Bing,,,,,,,,,,,,,,,,,,,,,,,,,,,,730013.1593455321,38.40573096183484,-86.92783116526006,Indiana,IN00139
Elwood Golf Course,,,,,,,,,,,,,,,,,,,,,,,,,,,,,,,,,,multipolygon,,,,,727116.4952693228,40.257669825959546,-85.84894162479942,Indiana,IN00032
Unknown Golf Course,,,,,,,,,,,,,,,,,,,,,,,,,,,,,,,,,,,,,,,726007.808792523,39.69223256372286,-87.42859469934358,Indiana,IN00318
William S. Sahm Park Golf Course,Indy Parks & Recreation,,,,,+1-317-842-3848,https://www.sahmgolf.com/,,,,,2109435,,,,,,,,,,,,,,,,,,,,,,,,,,,725291.6324752229,39.91613645191937,-86.05119501350015,Indiana,IN00122
Honeywell Golf Course,,,,,,,,,,,,,,,,,,,,,,,,,,,,,,,,,,,,,,,724531.4407277551,40.82741493348125,-85.85538627504876,Indiana,IN00363
Honeywell Golf Course,,,,,,,,,,,,,,,,,,,,,,,,,,,,,,,,,,,,,,,724531.4407277551,40.82741493348125,-85.85538627504876,Indiana,IN00364
Autumn Ridge Golf,,Fort Wayne,11420,46845,Auburn Road,260-637-8727,https://www.autumnridgegc.com/,,,,,,,,,,,,,,,,,,,,,,,,,,,multipolygon,,,,,722504.4912461485,41.19260420441931,-85.10964147471444,Indiana,IN00014
North Branch Golf Course,,Greensburg,8492,47240,East Base Road,+1-812-663-6062,https://www.northbranchgc.com/,,,,,,,,,,,,,,,,,,,,,,,,,,,,,,,,722266.3135062499,39.330660196136094,-85.33241926269253,Indiana,IN00123
North Branch Golf Course,,Greensburg,8492,47240,East Base Road,+1-812-663-6062,https://www.northbranchgc.com/,,,,,,,,,,,,,,,,,,,,,,,,,,,,,,,,722266.3135062499,39.330660196136094,-85.33241926269253,Indiana,IN00124
Scherwood Golf,,Schererville,600,46375,East Joliet Street,+1-219-865-2554,https://www.scherwood.com/,,,,Bing,,,,,,,,,,,,,,,,,,,,,,,,,,,,720531.0786127165,41.49784691677906,-87.4438161707784,Indiana,IN00131
The Links at Rising Star Casino Resort,Rising Star Casino Resort,,,,,,https://www.risingstarcasino.com/golf,,,,,,,,,,,,,,,,,,,,,,,,,,,,,,,,717490.5932528061,38.95991873330616,-84.84432775875177,Indiana,IN00145
Hoosier Links Golf Club,,Milan,488,47031,Country Club Drive,+1-812-654-2440,https://hoosierlinksgolf.com/,,,,,,,,,,,,,,,,,,,,,,,,,,,,,,,,715667.7197318608,39.1229612592448,-85.11640936604627,Indiana,IN00225
Foxcliff Golf Club,,Martinsville,1970,46151,Maple Turn Road,+1 765 342 0409,http://www.foxcliffgc.com/,,,,,,,,,,,,,,,,,,,,,,,,,,,,,,,,711945.6064784531,39.47453716344092,-86.39298675733114,Indiana,IN00286
Broadmoor Country Club,,,,,,,,,,,,,,,,,,,,,,,,,,,,,,,,,,,,,,,710639.0998704771,39.8509380472803,-86.20479532885356,Indiana,IN00166
Meadow Valley Golf Club,,Middlebury,57600,46540,State Road 13,+1-574-825-3422,https://www.meadowvalleygc.com/,,,,,,,,,,,,,,,,,,,,,,,,,,,,,,,,707685.1761138098,41.6582928186153,-85.69968391512484,Indiana,IN00174
Arbor Trace Golf Club,,Marion,2500,46952,East 550 North,+1-765-662-8236,,IN,,,,,,,,,,,,,,,,,,,,,,,,,,,,,,,705927.6018861753,40.62943007860931,-85.62818062302591,Indiana,IN00324
Links Golf Club,,New Palestine,11425,46163,N PR Links Lane,+1-317-861-4466,https://www.linksindy.com/,,,,,2096298,,,,,,,,,,,,,,,,,,,,,,,,,,,705707.9260570634,39.694236119461294,-85.9198735476245,Indiana,IN00217
Woodland Country Club,,,,,,,,,Mo 08:45-19:00; Tu-Su 07:00-19:00,,,,,,,,,,,,,,,,,,,,,,,,,,,,,,704406.2310065052,39.95121275432891,-86.11978298642443,Indiana,IN00227
Rea Park Golf Course,,Terre Haute,3500,,South 7th Street,+1-812-232-0709,https://www.terrehaute.in.gov/departments/parks/parks-information/rea-park-golf-course.html,,,,,452899,,,,,,,,,,,,,,,,,,,,,,,,,,,702439.274262311,39.42320278057114,-87.40200016173044,Indiana,IN00148
Legacy Hills Golf Club,,LaPorte,299,46350,W. Johnson Road,+1-219-324-4777,https://www.legacyhillsgolfclub.com/,IN,,,,,,,,,,,,,,,,,,,,,,,,,,multipolygon,,,,,699306.6723886484,41.642989665066516,-86.75644990708,Indiana,IN00052
Highland Lake Golf Course,,Richmond,1972,47374,Highland Road,+1-765-983-7287,https://www.richmondindiana.gov/Our_Government/Departments/Parks_and_Recreation/Sports/Highland_Lake_Golf_Course.htm,,,,,,,,,,,,,,,,,,,,,,,,,,,,,,,,696903.778776741,39.87780296440147,-84.87454696330455,Indiana,IN00151
Old Capital Golf Club,,Corydon,1605,47112,Hwy 62 NE,+1-812-738-2277,https://oldcapitalgolf.com/,IN,,,,,,,,,,,,,,,,,,,,,,,,,,,,,,,693549.9789530516,38.20385272887973,-86.10451498472308,Indiana,IN00307
Unknown Golf Course,,,,,,,,,,,,,,,,,,,,,,,,,,,,,,,,,,,,,,,691964.1557750461,40.15335500641664,-85.64673478416807,Indiana,IN00092
Knollwood Country Club - East Course,,,,,,,,,,,,,,,,,,,,,,,,,,,,,,,,,,multipolygon,,,,,691763.4655590269,41.7544539968941,-86.178846271491,Indiana,IN00066
Lansing Country Club,,Lansing,18600,60438,Wentworth Avenue,,https://www.lanscc.com/,IL,,Q6487453,,,,,,,,,,,,,,,,,,,,,,,,,,,,,690707.3373934245,41.551684297480755,-87.52442626635424,Indiana,IN00150
Cherry Hill Golf Club,,,,,,,,,,,,,,,,,,,,,,,,,,,,,,,+1-260-485-8727,,,,,,,,689995.3927673994,41.14298012104831,-85.0290662586395,Indiana,IN00102
The Country Club of Indianapolis,,Indianapolis,2801,46234,Country Club Road,+1-317-291-9770,https://www.ccindianapolis.com/,,,,,,,,,,,,,,,,,,,,,,,,,,,,,,,,689274.5815735409,39.804038945530884,-86.30357554232832,Indiana,IN00203
Coffin Golf Course,,Indianapolis,2401,46222,Cold Spring Road,+1-317-327-7845,https://www.coffingolf.com/,,,,,2108854,,,,,,,,,,,,,,,,,,,,,,,,,,,682956.4230326778,39.80249591237558,-86.20004077385225,Indiana,IN00146
West Chase Golf Club,,Brownsburg,4,46112,Hollaway Boulevard,+1-317-892-2888,https://www.west-chasegolf.com/,,,,,,,,,,,,,,,,,,,,,,,,,,,,,,,,682143.9296122396,39.86585257980886,-86.4346577095322,Indiana,IN00205
Forest Hills Country Club,,Richmond,2169,47374,South 23rd Street,+1-765-962-2711,https://www.fhcclub.com/,,,Q28124408,,452323,,,,,,,,,,,,,,,,,,,,,,,,,,,681200.9615135699,39.803216382666726,-84.8662979268272,Indiana,IN00223
River Glen Country Club,,Fishers,12010,46038,Clubhouse Drive,+1-317-849-8274,https://www.riverglencc.com/,,,,,2101314,,,,,,,18_hole,,,,,,,,,,,,,,,multipolygon,,,,,680284.8025793788,39.96606461020169,-86.04511463055694,Indiana,IN00038
Coyote Creek Golf Club,,Fort Wayne,4935,46818,Hillegas Road,+1 (260) 483-3148,http://www.ccgconline.com/,IN,,,esri_USDOT_Indiana,,,,,,,,,,,,,,,,,,,Club de golf Coyote Creek,,,,,,,,,676383.5287733808,41.12120013631774,-85.19712094284164,Indiana,IN00082
Morris Park Country Club,,,,,,,,,,,,,,,,,,,,,,,,,,,,,,,,,,,,,,,675665.2190108121,41.683854336657525,-86.21027043815123,Indiana,IN00112
Smock Golf Course,,Indianapolis,3910,46237,East County Line Road,+1-317-888-0036,https://www.smockgolf.com/,,,,,2109152,,,,,,,,,,,,,,,,,,,,,,,,,,,675305.8264322155,39.63975249910353,-86.09660019726562,Indiana,IN00212
Hidden Valley Golf Club,,Lawrenceburg,19775,47025,Alpine Drive,513-241-6710,https://www.hiddenvalleylakegolfclub.com/,IN,,,Bing 2012s,,,,,,,,,,,,,,,,,,,,,,,multipolygon,,,,,669520.3494928908,39.15177343684086,-84.84706322834262,Indiana,IN00021
High Pointe Golf Course,,Bicknell,5723,47512,N. Golf Course Road,,,IN,,,,,,,,,,,,,,,,,,,,,,,,,,,,,,,667575.7717627925,38.7623146951951,-87.32945413717253,Indiana,IN00361
Valley View Golf Course,,Floyds Knobs,3748,47119,Lawrence Banet Road,+1-812-923-9280,https://valleyviewgolfclub.org/,IN,,,,,,,,,,,,,,,,,,,,,,,,,,,,,,,665845.2270830373,38.31822362745664,-85.88569205055549,Indiana,IN00157
Turkey Creek Golf Course,,,,,,,,,,,Bing,450259,,,,,,,,,,,,,,,,,,,,,,,,,,,665122.268926234,41.49939097954524,-87.3516182505949,Indiana,IN00132
Pine Valley Country Club,,Fort Wayne,10900,46845,Pine Mills Road,+1-260-637-3145,http://www.pinevalleycc.com/,,,,,,,,,,,,,,,,,,,,,,,,,,,,,,,,662239.4398215988,41.185352334820784,-85.12204167577036,Indiana,IN00126
Summertree Golf Club,,,,,,,,,,,,450282,,,,,,,,,,,,,,,,,,,,,,,,,,,662040.2527530782,41.42790396894682,-87.30598118532009,Indiana,IN00183
Wicker Memorial Park Golf Course,,,,,,,,,,,,2039997,,,,,,,,,,,,,,,,,,,,,,,,,,,662027.3986447942,41.561950528390675,-87.47572438321359,Indiana,IN00154
Martinsville Golf Club,,Martinsville,1510,46151,State Road 37 North,+1 765 342 4336,https://martinsvillegolfclub.com/,,,,,,,,,,,,,,,,,,,,,,,,,,,,,,,,653093.1206300987,39.45241543719461,-86.39005421084478,Indiana,IN00285
South Bend Country Club,,,,,,,,,,,,,,,,,,,,,,,,,,,,,,,,,,multipolygon,,,,,652092.2966176913,41.68344645144446,-86.36532907138582,Indiana,IN00068
Wooded View Golf Course,,Clarksville,2405,47130,Greentree North,+1-812-283-3382,https://woodedviewgc.com/,IN,,,,,,,,,,,,,,,,,,,,,,,,,,,,,,,649802.7123618878,38.33773240786108,-85.77033689896312,Indiana,IN00411
Bloomington Country Club,,Bloomington,3000,47403,South Rogers Street,+1-812-332-1116,https://www.bloomingtoncc.com/,IN,,,,,,,,,,,,,,,,,,,,,,,,,,,,,,,649482.3846646984,39.13165905765513,-86.54551163498779,Indiana,IN00115
Unknown Golf Course,,,,,,,,,,,,,,,,,,,,,,,,,,,,,,,,,,,,,,,648353.722775135,39.79756211228498,-84.89866398140931,Indiana,IN00354
Highland Country Club,,Indianapolis,1050,46228,West 52nd Street,+1-317-255-5431,https://www.highlandgcc.com/,IN,,,esri_USDOT_Indiana,,,,,,,,,,,,,,,,,,,,,,,,,,,,647396.5455913118,39.850311854667694,-86.1837011288761,Indiana,IN00165
Curtis Creek Golf Course,,,,,,+1 219 866 7729,https://www.curtiscreekgolf.com/,,,,,,,info@curtiscreekgolf.com,,,,,,,,,,,,,,,,,,,,,,,,,644694.7317996908,40.93134154638525,-87.24965832718276,Indiana,IN00400
Royal Hylands Golf Club,,,,,,,,,,,Bing Maps,,,,,,,,,,,,,,,,,,,,,,,,,,,,642917.9708797644,39.819747388146425,-85.5233832110433,Indiana,IN00233
Battle Ground Golf Club LLC,Erich Norenberg,BATTLE GROUND,5505,47920,Pretty Prairie Road,,,IN,,,,,,,,,,,,,,,,,,,,,,,,,,,,,,,642897.8046585193,40.52445955884342,-86.80123518043554,Indiana,IN00383
Sunrise Golf Course,,,,,,,http://www.madisonparks.com/p_sunrisegolfcourse.asp,,,,,,,,,,,,,,,,,,,,,,,,,,,,,,,,642329.7001238785,38.7672540934232,-85.38268360623528,Indiana,IN00260
St. Anne's Golf Course,,,,,,,,,,,Bing,,,,,,,,,,,,,,,,,,,,,,,,,,,,638649.5308523027,39.039698936280054,-85.60471519340001,Indiana,IN00140
Country Club of Terre Haute,,Terre Haute,57,47802,Allendale,+1-812-299-1558,https://www.ccth.org/,,,,,,,,,,,,,,,,,,,,,,,,,,,,,,,,638293.1473939676,39.390583260461696,-87.38247209058747,Indiana,IN00184
Meridian Hills County Club,,Indianapolis,7099,46260,Spring Mill Road,+1-317-255-2496,https://www.meridianhillscc.org/,IN,,,esri_USDOT_Indiana,,,,,,,,,,,,,,,,,,,,,,,,,,,,637751.5700609613,39.880559292283124,-86.16170757657534,Indiana,IN00226
The Golf Preserve,,Frankfort,100,46041,Country Club Drive,,,IN,,,,,,,,,,,,,,,,,,,,,,,,,,,,,,,636271.4630506062,40.29475651969116,-86.5062230311635,Indiana,IN00141
Lakes of the Four Seasons Golf Course,,,,,,,,,,,,450250,,,,,,,,,,,,,,,,,,,,,,multipolygon,,,,,634160.7105304173,41.415115036329546,-87.22169193240889,Indiana,IN00048
Hidden Hills,,,,,,,,,,,,,,,,,,,,,,,,,,,,,,,,,,,,,,,632856.9818611213,38.92658532230621,-86.72314889474086,Indiana,IN00311
Unknown Golf Course,,,,,,,,,,,,,,,,,,,,,,,,,,,,,,,,,,,,,,,632796.5360588318,41.2229757214649,-85.88174780715471,Indiana,IN00357
Unknown Golf Course,,,,,,,,,,,,,,,,,,,,,,,,,,,,,,,,,,,,,,,630891.1878490496,39.65367314049181,-84.92338273510227,Indiana,IN00353
Tippecanoe Country Club,,,,,,+1 574 5839977,https://www.tippecanoecc.com,,,,,,,,,,,,,,,,,,,,,,,,,,,multipolygon,,,,,630141.9465412952,40.80182650609863,-86.78594363901232,Indiana,IN00055
Harrison Lake Country Club,,,,,,,,,,,,,,,,,,,,,,,,,,,,,,,,,,,,,,,627444.3720649058,39.18865186325199,-86.01710537559929,Indiana,IN00333
Norwood Golf Club,,,,,,,,,,,,,,,,,,,,,,,,,,,,,,,,,,,,,,,624460.6995953206,40.889137172054646,-85.56860506325174,Indiana,IN00271
Round Barn Golf Club,,,,,,,,,,,,,,,,,,,,,,,,,,,,,,,,,,,,,,,623355.1037627679,41.06670828166272,-86.20153904937364,Indiana,IN00306
Rolling Hills Country Club,,Newburgh,1666,47630,Old Plank Road,+1-812-925-3336,https://www.rollinghillsindiana.com/,,,,,452394,,,,,,,,,,,,,,,,,,,,,,,,,,,621430.4811791825,38.007964221578426,-87.37247547832685,Indiana,IN00190
Juday Creek Golf Course,,Granger,14770,46530,Lindy Drive,+1-574-277-4653,https://www.judaycreek.com/,,,,,,,,,,,,,,,,,,,,,,,,,,,,,,,,618654.4630691314,41.716621628855215,-86.15676024061558,Indiana,IN00228
Unknown Golf Course,,,,,,,,,,,,,,,,,,,,,,,,,,,,,,,,,,,,,,,617027.5654477526,40.498873737845386,-85.53485384846849,Indiana,IN00393
Zollner Golf Course,,Angola,1215,46703,Thunder Avenue,+1 260 665 4269,https://zollnergc.com/,IN,,,,,,,,,,,,,,,,,,,,,,,,,,,,,,,612522.8925209778,41.63041768714457,-85.01647019679366,Indiana,IN00239
Delaware Country Club,,Muncie,510,47302,South Country Club Road,+1 765 288 0238,https://www.delawarecc.com/,,,,,,,,,,,,,,,,,,,,,,,,,,,,,,,,610844.0375193573,40.18815889105727,-85.32648281393605,Indiana,IN00251
McCormick Creek Golf Course,,,1300,,North Oakland Avenue,+1 574-773-2725,https://mccormickcreekgc.com/,,,,,,,,,,,,,,,,,,,,,,,,,,,multipolygon,,grass,,,606825.4753002364,41.45119545327492,-85.98783324473496,Indiana,IN00043
Deer Track Golf,,Frankfort,775,,N CR 700 W,,,IN,,,,,,,,,,,,,,,,,,,,,,,,,,,,,,,606396.9118772367,40.29772563319287,-86.63223442820596,Indiana,IN00380
Riverbend Golf Course,,,,,,,,,,,,,,,,,,,,,,,,,,,,,,,,,,,,,,,605217.3943914298,41.15406107875756,-85.09246971589792,Indiana,IN00109
The Players Club at Woodland Trails,,Yorktown,6610,47396,West River Road,+1 765 759 8536,https://theplayersclubgolfcourse.com/,,,,,,,,,,,,,,,,,,,,,,,,,,,multipolygon,,,,,604338.3127985204,40.19010459752779,-85.467539892873,Indiana,IN00025
Thunderbolt Pass Golf Course,,Evansville,6901,47111,Petersburg Road,+1-812-426-2166,https://thunderboltpass.com/,,,,,,,,,,,,,,,,,,,,,,,,,,,,,,,,604166.3237490908,38.034774242936514,-87.54958299047703,Indiana,IN00192
Thunderbolt Pass Golf Course,,Evansville,6901,47111,Petersburg Road,+1-812-426-2166,https://thunderboltpass.com/,,,,,,,,,,,,,,,,,,,,,,,,,,,,,,,,604166.3237490908,38.034774242936514,-87.54958299047703,Indiana,IN00193
Tri-County Golf Club,,,,,,,,,,,,,,,,,,,,,,,,,,,,,,,,,,,,,,,603091.6088272554,40.04881471886525,-85.45779662015545,Indiana,IN00305
Cedar Lake Golf Club,,Howe,3355,46746,E 700 N,+1-260-562-3923,https://cedarlakegc.com/,IN,,,Bing,451918,,,,,,,,,,,,,,,,,,,,,,,,,,,600792.0665073941,41.74599325987017,-85.36156307946354,Indiana,IN00136
Robbinhurst Golf Club,,,,,,,,,,,,,,,,,,,,,,,,,,,,,,,,,,,,,,,600466.0125053144,41.56101452028041,-87.13882182457336,Indiana,IN00159
Orchard Ridge Country Club,,Fort Wayne,4531,46809,Lower Huntington Road,,,IN,,,,,,,,,,,,,,,,,,,,,,Club de Campo Orchard Ridge,,,,,,,,,599735.9668817538,41.01226983940051,-85.19689983805347,Indiana,IN00382
Raber Golf Course,,,,,,,,,,,,,,,,,,,,,,,,,,,,,,,,,,,,,,,598556.2937984961,41.71402809853218,-85.83821513575386,Indiana,IN00241
Ackerman-Allen Golf Course,Purdue Univeristy,West Lafayette,,47907,,,https://purduegolf.com/ackerman-allen/,IN,,,,,,,,,,,18_hole,72,,,,,,,,,,,,,,,,,,,590656.2562830262,40.43567350597233,-86.9283878985761,Indiana,IN00142
Crawfordsville Golf Course,,Crawfordsville,1000,47933,East South Boulevard,+1 765 364 5171,https://www.crawfordsvillegolf.com/,IN,,,,,,,,,,,,,,,,,,,,,,,,,,,,,,,589480.9702385465,40.02396739068299,-86.88278219082034,Indiana,IN00339
Oaktree Golf Course,,Plainfield,4712,46168,East U.S. 40,+1-317-839-6205,http://www.oaktreegc.com/,,,,,2096187,,,,,,,,,,,,,,,,,,,,,,,,,,,588861.5848853929,39.693092115001484,-86.44236502885393,Indiana,IN00198
Oaktree Golf Course,,Plainfield,4712,46168,East U.S. 40,+1-317-839-6205,http://www.oaktreegc.com/,,,,,2096187,,,,,,,,,,,,,,,,,,,,,,,,,,,588861.5848853929,39.693092115001484,-86.44236502885393,Indiana,IN00199
Greenfield Country Club,,,,,,,,,,,"Bing Maps, USGS Topographic Maps",,,,,,,,,,,,,,,,,,,,,,,,,,,,586392.001009266,39.779227411487156,-85.74882248608782,Indiana,IN00229
Knollwood Country Club - West Course,,,,,,,,,,,,,,,,,,,,,,,,,,,,,,,,,,multipolygon,,,,,584826.8670298508,41.75872250442999,-86.1984555432748,Indiana,IN00067
Bear Chase Golf Club,,Shelbyville,2660,46176,N. Riley Highway,+1-317-392-9100,,IN,,,,,,,,,,,,,,,,,,,,,,,,,,,,,,,584533.0697304335,39.565009310013934,-85.77277604220403,Indiana,IN00093
Donald Ross Course,,,,,,,,,,,,,,,,,,,,,,,,,,,,,,,,,,,,,,,582474.9930073926,38.53194281520225,-86.65017455935202,Indiana,IN00116
Helfrich Golf Course,City of Evansville Parks Department,Evansville,1550,47712,Mesker Park Drive,+1-812-435-6075,,,,,,,,,,,,,,,,,,,,,,,,,,,,,,,,,581101.0964573333,37.991449852750485,-87.60664570057293,Indiana,IN00186
Pottawattamie Country Club,,Michigan City,1900,46360,Springland Avenue,+1-219-872-8624,https://www.pottawattomie.com/,IN,,,,,,,,,,,,,,,,,,,,,,,,,,,,,,,580576.8444877977,41.72029425577109,-86.86030722181704,Indiana,IN00181
Unknown Golf Course,,,,,,,,,,,,,,,,,,,,,,,,,,,,,,,,,,,,,,,579777.6018278388,41.36536149334444,-87.38373897791011,Indiana,IN00259
Hillview Country Club,,Franklin,1800,46131,East King Street,+1-317-736-5555,https://www.golfhillviewcc.com/,,,,,,,,,,,,,,,,,,,,,,,,,,,,,,,,579477.2707093314,39.48860883391619,-86.02365158349889,Indiana,IN00161
Maplecrest Country Club,,Goshen,611,46526,Hackett Road,+1-574-533-3079,https://www.maplecrestcountryclub.org/,,,,,,,,,,,,,,,,,,,,,,,,,,,,,,,,577835.3055042427,41.60781623257539,-85.824287077437,Indiana,IN00172
Anderson Country Club,,Anderson,602,46011,Northshore Boulevard,+1 765 642 0100,https://andersoncountryclub.net/,,,,,,,,,,,,,,,,,,,,,,,,,,,,,,,,574535.8391177964,40.12558359016657,-85.68712505570488,Indiana,IN00257
Unknown Golf Course,,,,,,,,,,,,,,,,,,,,,,,,,,,,,,,,,,,,,,,573957.3016756682,41.3561856695925,-85.12676861631306,Indiana,IN00407
Clover Meadows Golf Course,,,,,,,,,,,,,,,,,,,,,,,,,,,,,,,,,,,,,,,573635.0336525546,39.503311113966696,-86.81630722034012,Indiana,IN00371
The Ravines Golf Course,,,,,,,,,,,,,,,,,,,,,,,,,,,,,,,,,,,,,,,571201.2107807031,40.41437675121922,-87.06775624088418,Indiana,IN00163
Lake James Golf Course,,Angola,1445,46703,West 275 North,+1-260-833-3967,https://www.golflakejames.com/,IN,,,,452352,,,,,,,,,,,,,,,,,,,,,,,,,,,571100.4143780695,41.67778292708127,-85.01333450046458,Indiana,IN00171
Unknown Golf Course,,,,,,,,,,,,,,,,,,,,,,,,,,,,,,,,,,multipolygon,,,,,568607.7304912392,40.3129703935639,-85.22595926841285,Indiana,IN00023
Tipton Municipal Golf Course,,,,,,,,,,,,,,,,,,,,,,,,,,,,,,,,,,multipolygon,,,,,567920.299083802,40.272867720256585,-86.05021129052956,Indiana,IN00053
Lucas Oil Golf Course,,,,,,,,,,,,,,,,,,,,,,,,,,,,,,,,,,,,,,,566767.5592185875,38.3439080650058,-86.47126671220163,Indiana,IN00295
Elks Club Marion IN,,Marion,1100,46952,E. Bond Ave,,,IN,,,,,,,,,,,,,,,,,,,,,,,,,,,,,,,566612.6994150555,40.57785079679379,-85.64220020763162,Indiana,IN00391
Unknown Golf Course,,,,,,,,,,,Bing Maps,,,,,,,,,,,,,,,,,,,,,,,,,,,,563783.3547439178,40.931504413793505,-86.54121685857518,Indiana,IN00231
Plymouth Country Club,,Plymouth,10055,46563,Pretty Lake Trail,574-936-4543,http://www.plymouthcountryclub.com/,,,,,,,,,,,,,,,,,,,,,,,,,,,multipolygon,,,,,563244.808028342,41.329431150646634,-86.37739637513843,Indiana,IN00015
South Grove Golf Course,,Indianapolis,1800,46202,West 18th Street,+1-317-327-7350,https://southgrovegolf.com/,,,,,2108855,,,,,,,,,,,,,,,,,,,,,,,,,,,562843.5686461305,39.794921753899395,-86.19454040532841,Indiana,IN00121
Salt Creek Golf Resort,,,,,,,,,,,,,,,,,,,,,,,,,,,,,,,,,,,,,,,560055.2939249623,39.19278220319074,-86.20540467271222,Indiana,IN00111
Oak Knoll Golf Course,,Crown Point,11200,46307,Whitcomb Street,+1-219-663-3349,https://www.golfoakknoll.net/,,,,,2040004,,,,,,,,,,,,,,,,,,,,,,,,,,,557628.868116012,41.41608886882772,-87.38995384454336,Indiana,IN00179
Deer Creek Golf Club,,Clayton,7143,46118,South State Highway 39,+1-317-539-2013,https://deercreekgolfclub.com/,,,,,2096190,,,,,,,,,,,,,,,,,,,,,,,,,,,557418.394444931,39.65825246182028,-86.48035639956541,Indiana,IN00196
Colonial Oaks Golf Club,,Fort Wayne,8218,46818,Huguenard Road,+1-260-489-5121,http://www.colonialoaksgc.com/,,,,,,,,,,,,,,,,,,,,,,,Club de Golf Colonial Oaks,,,,,,,,,547025.0419764118,41.15377781722701,-85.18665055676485,Indiana,IN00080
Evansville Country Club,,,3810,,Stringtown Road,,,,,,,,,,,,,,,,,,,,,,,,,,,,,multipolygon,,,,,546917.7561140892,38.00878539824711,-87.5628603555192,Indiana,IN00077
Dye's Walk Country Club,,,,,,,,,,,,,,,,,,,,,,,,,,,,,,,,,,,,,,,546560.4148920425,39.586100833445705,-86.164497667029,Indiana,IN00301
Elk Run Golf Club,,Jeffersonville,1820,47130,Charlestown Pike,+1 812 283 9022,https://www.elkrungolfclub.com/,,,,,,,,,,,,,,,,,,,,,,,,,,,,,,,,545759.5705061812,38.31703613550728,-85.73423386570367,Indiana,IN00248
Muncie Elks Country Club,,Muncie,909,47304,North County Road 500 West,+1 765 759 7770,http://www.muncieelks245.com/,,,,,,,,,,,,,,,,,,,,,,,,,,,multipolygon,,,,,538097.0768729124,40.201076879878,-85.48641419363547,Indiana,IN00024
Foster Park Golf Course,Fort Wayne Parks and Recreation,Fort Wayne,3900,46807,Old Mill Road,+1-260-427-6735,https://www.fostergolfcourse.com/,,,,,,,,,,,,,,,,,,,,,,,Campo de Golf de Foster Parque,,,,,,,,,537608.5686801216,41.044209359796106,-85.16108926610013,Indiana,IN00091
Christiana Creek Country Club,,Elkhart,116,46514,West Bristol Street,+1-574-264-3060,https://www.christianacreek.com/,,,,Bing,,,,,,,,,,,,,,,,,,,,,,,,,,,,534660.3081944273,41.70706232475456,-85.97826111169488,Indiana,IN00134
Tippecanoe Country Club,,,,,,,,,,,,,,,,,,,,,,,,,,,,,,,,,,,,,,,534449.7186942656,40.77494315763228,-86.7700004424037,Indiana,IN00402
Unknown Golf Course,,,,,,,,,,,,,,,,,,,,,,,,,,,,,,,,,,,,,,,533536.716004444,39.666499587304074,-85.41255774629366,Indiana,IN00287
Twin Lakes Golf Club,,Carmel,3200,46032,West 96th Street,+1-317-872-3387,https://www.twinlakesgolfclub.com/,,,,,2101376,,,,,,,,,,,,,,,,,,,,,,,,,,,532565.9112404225,39.93258575545124,-86.21627801505356,Indiana,IN00213
Brookshire Golf Club,,Carmel,12120,46033,Brookshire Parkway,+1-317-846-7431,https://www.brookshiregolf.com/,,,,,2101408,,,,,,,,,,,,,,,,,,,,,,multipolygon,,,,,531898.4013278564,39.96288616281062,-86.09705677127042,Indiana,IN00062
Heron Creek Golf Club,,Lagrange,0615,46761,West 050 North,+1-260-463-2906,https://www.heroncreekgolfclub.com/,,,,,,,,,,,,,,,,,,,,,,,,,,,,,,,,531494.1164370165,41.65201896727858,-85.4358171211973,Indiana,IN00170
Maxwelton Golf Club,,Syracuse,5721,46567,East Elkhart County Line Road,+1-574-457-3504,https://www.maxweltongolf.com/,,,,,452359,,,,,,,,,,,,,,,,,,,,,,,,,,,529219.3666515413,41.433860877940816,-85.73122751251907,Indiana,IN00173
Eel River Golf Course,,,,,,,,,,,,,,,,,,,,,,,,,,,,,,,,,,,,,,,528931.7834701637,41.181805993537346,-85.31453618076635,Indiana,IN00081
Creekside Golf Course,,Valparaiso,2355,46385,Clifford Road,+1-219-531-7888,http://www.ci.valparaiso.in.us/index.aspx?nid=677,,,,,2038153,,,,,,,,,,,,,,,,,,,,,,,,,,,526417.693034408,41.47652584619833,-87.09432026445867,Indiana,IN00177
Forest Park Golf Course,,,,,,,,,,,,,,,,,,,,,,,,,,,,,,,,,,multipolygon,,,,,526377.9665793894,39.51157316172338,-87.11749397282567,Indiana,IN00044
Westwood Golf Club,,,,,,,,,,,"Bing Maps, www.westwoodgolf.net",,,,,,,,,,,,,,,,,,,,,,,,,,,,524388.4765092067,39.9221574326996,-85.42399442251099,Indiana,IN00235
Briar Leaf Golf Club,,,,,,,https://www.briarleaf.com/,,,,,,,,,,,,,,,,,,,,,,,,,,,multipolygon,,,,,523663.03881997266,41.65305088262148,-86.73232956876535,Indiana,IN00007
Youche Country Club,,Crown Point,2301,46307,West 129th Place,+1 219 663 1418,https://youchecc.com/,,,,,,,,,,,,,,,,,,,,,,,,,,,multipolygon,,,,,523505.8975307163,41.38195365687432,-87.36511149507888,Indiana,IN00051
Unknown Golf Course,,,,,,,,,,,,,,,,,,,,,,,,,,,,,,,,,,,,,,,522453.7600895018,38.704427400427676,-85.48267170889143,Indiana,IN00266
Unknown Golf Course,,,,,,,,,,,,,,,,,,,,,,,,,,,,,,,,,,multipolygon,,,,,518659.2655724191,41.7324732618367,-84.98925921045945,Indiana,IN00029
Shadowood Golf Course,,Seymour,333,47274,North Sandy Creek Drive,,,IN,,,,,,,,,,,,,,,,,,,,,,,,,,,,,,,517684.15294588305,38.96362101333211,-85.85170651125199,Indiana,IN00313
South Shore Golf Club,,Syracuse,10601,46567,North State Road 13,+1-574-457-2832,http://www.golftheshore.com/,,,,,452398,,,,,,,,,,,,,,,,,,,,,,,,,,,515694.4909416501,41.38837893817544,-85.706606202436,Indiana,IN00175
Black Squirrel Golf Club,,,,,,,,,,,,,,,,,,,,,,,,,,,,,,,,,,multipolygon,,,,,515221.8031309512,41.57626178452367,-85.85899889954896,Indiana,IN00030
Logansport Country Club,,,,,,,,,,,,,,,,,,,,,,,,,,,,,,,,,,,,,,,512970.72046216356,40.75142941978961,-86.27278161295673,Indiana,IN00377
Quail Creek Golf Club,,Pittsboro,7585,46167,Quail Creek Trace,+1-317-892-2582,https://www.quailcreekgc.com/,,,,,,,,,,,,,,,,,,,,,,,,,,,,,,,,511138.77343658183,39.87655022008984,-86.45036590686735,Indiana,IN00201
Unknown Golf Course,,,,,,,,,,,,,,,,,,,,,,,,,,,,,,,,,,multipolygon,,,,,510866.9018614709,40.596789752485634,-85.662508285501,Indiana,IN00036
Fendrich Golf Course,,Evansville,1900,47711,Diamond Avenue,+1-812-435-6070,https://www.fendrichgolfcourse.org/,,,,,,,,,,,,,,,,,,,,,,,,,,,,,,,,510671.65466284927,38.00210996400688,-87.5330237166415,Indiana,IN00185
Unknown Golf Course,,,,,,,,,,,,,,,,,,,,,,,,,,,,,,,,,,,,,,,510606.39015563903,40.602279125549025,-84.94741518001828,Indiana,IN00288
Maple Creek Golf and Country Club,,Indianapolis,10501,46229,East 21st Street,+1-317-894-3837,https://www.maplecreekgc.com/,,,,,2109110,,,,,,,18_hole,,,,,,,,,,,,,,,,,,,,508281.6092456685,39.79307969068421,-85.9776123033746,Indiana,IN00218
Hidden Valley Golf Course,,,,,,,,,,,,,,,,,,,,,,,,,,,,,,,,,,,,,,,505373.7586124619,41.61843551874732,-84.88764504690033,Indiana,IN00320
Crestview Golf Club,,Muncie,3325,47302,South Walnut Street,+1 765 289 6952,https://crestviewgolf.net/,,,,,,,,,,,,,,,,,,,,,,,,,,,,,,,,503757.5645562401,40.158521658536465,-85.39023596370114,Indiana,IN00250
Shady Hills Golf Course,,,,,,,,,,,,,,,,,,,,,,,,,,,,,,,,,,,,,,,503460.8500136547,40.585794940377355,-85.67820221628006,Indiana,IN00279
Greensburg Country Club,,,,,,,,,,,,,,,,,,,,,,,,,,,,,,,,,,,,,,,500275.98060325184,39.32883050223305,-85.51190751807296,Indiana,IN00412
Erskine Golf Course,,,,,,,,,,,,,,,,,,,,,,,,,,,,,,,,,,,,,,,494369.4512635667,41.632023330372164,-86.23956537262575,Indiana,IN00085
Tameka Woods Golf Course,,,,,,,,,,,,,,,,,,,,,,,,,,,,,,,,,,,,,,,490088.83320958365,39.403552947023606,-86.18099819702152,Indiana,IN00296
Whispering Creek Golf Course,,,,,,,,,,,,,,,,,,,,,,,,,,,,,,,,,,,,,,,486822.36108060705,41.082643222623766,-85.00929839941199,Indiana,IN00110
Sarah Shank Golf Course,,Indianapolis,2901,46203,South Keystone Avenue,+1-317-784-0631,https://www.prssgolf.com/sarah_course/,IN,,,esri_USDOT_Indiana,2109170,,,,,,,,,,,,,,,,,,,,,,,,,,,486297.96945579746,39.72730737519696,-86.11701372082574,Indiana,IN00211
Whispering Pines Golf Course,,,,,,,,,,,,,,,,,,,,,,,,,,,,,,,,,,,,,,,486132.42652276676,41.53919201819711,-86.4908602323646,Indiana,IN00096
Unknown Golf Course,,,,,,,,,,,,,,,,,,,,,,,,,,,,,,,,,,multipolygon,,,,,485413.8097760928,41.643172017150675,-85.97904481000832,Indiana,IN00033
Unknown Golf Course,,,,,,,,,,,Bing,,,,,,,,,,,,,,,,,,,,,,,,,,,,482946.1900873182,41.50170886300312,-87.25098971211219,Indiana,IN00130
WIldcat Creek Golf Course,,,,,,,,,,,,,,,,,,,,,,,,,,,,,,,,,,,,,,,482191.6341930636,40.42513068440068,-86.15361384662748,Indiana,IN00372
Cressmoor Country Club,,,,,,,,,,,,,,,,,,,,,,,,,,,,,,,,,,,,,,,479197.6531461794,41.54814013285591,-87.26453671342637,Indiana,IN00099
Cardinal Hills Golf Course,,Selma,3900,47383,South Whitney Road,+1 765 288 2731,https://www.cardinalhills.com/,,,,,,,,,,,,,,,,,,,,,,,,,,,,,,,,478141.3441765732,40.16224744874119,-85.29370655185276,Indiana,IN00252
Unknown Golf Course,,,,,,,,,,,,,,,,,,,,,,,,,,,,,,,,,,,,,,,476104.3598216892,39.17060931590439,-85.77198193565215,Indiana,IN00240
Unknown Golf Course,,,,,,,,,,,,,,,,,,,,,,,,,,,,,,,,,,,,,,,475010.3919956581,39.682182695134394,-86.87701341196038,Indiana,IN00362
Arrowhead Golf Course,,,,,,,,,,,"Bing Maps, local knowledge",,,,,,,,,,,,,,,,,,,,,,,,,,,,474526.1307517915,39.86782855724629,-85.73321065162368,Indiana,IN00230
American Legion Golf Course,,,,,,,,,,,,,,,,,,,,,,,,,,,,,,,,,,,,,,,473061.21550088795,40.45797580668302,-86.1228790204651,Indiana,IN00113
Valley Links Course,,,,,,,,,,,,,,,,,,,,,,,,,,,,,,,,,,,,,,,464350.8141385105,38.55387855968103,-86.63040670282535,Indiana,IN00117
Morning Star Golf Course,,,,,,,,,,,,,,,,,,,,,,,,,,,,,,,,,,,,,,,464178.2086990777,39.76864723524434,-85.98500853897183,Indiana,IN00149
Unknown Golf Course,,,,,,,,,,,,,,,,,,,,,,,,,,,,,,,,,,,,,,,463580.35030951153,40.776526952827425,-85.18302545259962,Indiana,IN00243
Unknown Golf Course,,,,,,,,,,,,,,,,,,,,,,,,,,,,,,,,,,multipolygon,,,,,461702.82964051055,38.075337407805144,-87.52158468837594,Indiana,IN00075
Valparaiso Country Club,,,,,,,,,,,,,,,,,,,,,,,,,,,,,,,,,,multipolygon,,,,,460320.37258769816,41.49856762446506,-87.02964866305892,Indiana,IN00049
Eberhart Petro Golf Course,,,,,,,,,,,Bing,,,,,,,,,,,,,,,,,,,,,,,multipolygon,,,,,458149.55240013835,41.66837483972653,-86.15266879359677,Indiana,IN00070
Valle Vista Golf Course,,Greenwood,755,46143,East Main Street,317-882-2955,https://www.vallevista.com/,,,,,2107779,,,,,,,,,,,,,,,,,,,,,,multipolygon,,,,2024-11-24,455486.1512608415,39.60984988199213,-86.08985078664494,Indiana,IN00008
Hamlet Golf Course,,,,,,,,,,,,,,,,,,,,,,,,,,,,,,,,,,,,,,,453814.49705569394,41.37797850682713,-86.57644976648153,Indiana,IN00299
Ulen Country Club,,Lebanon,100,46052,Country Club Drive,+1-765-482-5310,https://www.ulencc.com/,,,,,,,,,,,,,,,,,,,,,,,,,,,,,,,,452033.0149835633,40.066780105005236,-86.46597776066173,Indiana,IN00107
Sycamore Golf Club,,North Manchester,6002,46962,E. Hwy 114,,,IN,,,,,,,,,,,,,,,,,,,,,,,,,,,,,,,443355.8661499732,41.00626326974324,-85.6804297646007,Indiana,IN00338
Hillcrest Country Club,,,,,,,,,,Q28124474,,,,,,,,,,,golf,,,,,,,,,,,,,multipolygon,,,,,442130.6310444429,39.87353638265935,-86.06080568800826,Indiana,IN00046
Winding Branch Golf Course,,,,,,,,,,,Bing Maps,,,,,,,,,,,,,,,,,,,,,,,,,,,,439585.18356268085,39.79689031402049,-85.14105270293597,Indiana,IN00236
Kokomo Country Club,,,,,,,,,,Q6426757,,,,,,,,,,,golf,,,,,,,,,,,,,,,,,,438173.17797603854,40.46197813748561,-86.1436614744823,Indiana,IN00160
West Lafayette Golf Club,,,,,,,,,,,,,,,,,,,,,,,,,,,,,,,,,,,,,,,436774.44873567164,40.47166954987521,-86.96810189547523,Indiana,IN00360
South Gleason Park Course,City of Gary,,,,,+1-219-980-1089,http://www.gary.in.us/parks/golf.asp,,,,Bing,2039996,,,,,,,,,,,,,,,,,,,,,,,,,,,435999.43538545526,41.55723258182255,-87.34554466049316,Indiana,IN00128
Meadowbrook Golf Course,,Anderson,3429,46013,Madison Avenue,+1 765 644 9754,https://meadowbrookgolfcourse.com/,,,,,,,,,,,,,,,,,,,,,,,,,,,,,,,,435422.1011896825,40.080837320466,-85.69825370787369,Indiana,IN00254
Grandview Golf Course,,Anderson,1907,46011,Northshore Extended,+1 765 648 6880,https://www.cityofanderson.com/670/Grandview-Golf-Course,,,,,,,,,,,,,,,,,,,,,,,,,,,,,,,,433148.0836950965,40.11370522812393,-85.70743444026171,Indiana,IN00256
Blackford Golf Club,,,,,,,,,,,,,,,,,,,,,,,,,,,,,,,,,,multipolygon,,,,,429538.2306780612,40.446035133423976,-85.38598516934368,Indiana,IN00022
Forest Park Golf Course,,Valparaiso,1155,46385,Sheffield Drive,+1-219-531-7888,http://in-valparaiso.civicplus.com/index.aspx?nid=601,,,,,450224,,,,,,,,,,,,,,,,,,,,,,,,,,,419644.64669295115,41.486727799715034,-87.0740653553273,Indiana,IN00394
Pleasant Run Golf Club,,Indianapolis,601,46219,North Arlington Avenue,+1-317-357-0829,https://www.prssgolf.com/,,,,,452382,,,,,,,,,,,,,,,,,,,,,,,,,,,412884.54190622136,39.77777552895533,-86.0590146045174,Indiana,IN00219
Long Beach Country Club,,,,,,,https://www.longbeachcc.org/,,,,,,,,,,,,,,,,,,,,,,,,,,,,,,,,409893.5223273475,41.74317490618526,-86.84678375623359,Indiana,IN00158
Unknown Golf Course,,,,,,,,,,,,,,,,,,,,,,,,,,,,,,,,,,,,,,,406828.29684525623,41.35221240248643,-87.4243480070145,Indiana,IN00403
Phil Harris Golf Course,,,,,,,https://www.cityoflinton.com/philharris/,,,,,,,,,,,,,,,,,,,,,,,,,,,,,,,,403820.5931825047,39.03451949456208,-87.1212017856661,Indiana,IN00088
Hazelden Country Club,,Brook,3705,47922,E State Road 16,+1 219 275 7771,https://www.hazeldencountryclub.com/,,,,,,,,yes,seems to be permanently closed,,,,,,,,,,,,,,,,,,,,,,,396377.8857372168,40.86248555641483,-87.32312941595049,Indiana,IN00147
Tippecanoe Lake Country Club,,,,,,,,,,,,,,,,,,,,,,,,,,,,,,,,,,,,,,,389030.75788271945,41.34303603298386,-85.76405380731202,Indiana,IN00345
Cross Creek Golf Club,,,,,,,,,,,,,,,,,,,,,,,,,,,,,,,,,,,,,,,381539.5370779075,40.835711524178116,-84.94490241575161,Indiana,IN00234
Unknown Golf Course,,,,,,,,,,,,,,,,,,,,,,,,,,,,,,,,,,,,,,,380920.0286132914,41.15495205142435,-85.45043267038682,Indiana,IN00367
The Edge Golf Club,,Anderson,519,46011,Golf Club Road,+1 765 642 4979,https://www.theedgewood.net/,,,,,,,,,,,,,,,,,,,,,,,,,,,,,,,,379102.7046753317,40.109459236751114,-85.7466484205143,Indiana,IN00255
Centennial Park 9-Hole Golf Course,,,,,,,,,,,,,,,,,,,,,,,,,,,,,,,,,,,,,,,362896.7869895349,41.53119346673597,-87.50295152587135,Indiana,IN00310
Greenbelt Golf Course,,,,,,,,,,,,,,,,,,,,,,,,,,,,,,,,,,,,,,,359797.05313045427,39.2119153565275,-85.89764931671269,Indiana,IN00162
Fall Creek Golf Club,,Pendleton,250,46064,Reformatory Road,+1 765 778 8071,https://fallspark.org/fall-creek-golf-club-pendleton,,,,,,,,,,,,,,,,,,,,,,,,,,,,,,,,358360.6198283476,39.98725111881067,-85.75639750455372,Indiana,IN00253
Hickory Bend Golf Course,,Zionsville,32,46077,South 900 East,+1-317-769-2363,http://www.hickorybendgolf.com/,,,,,,,,,,,,,,,,,,,,,,,,,,,,,,,,357728.8148231087,40.03805836223967,-86.30224556109853,Indiana,IN00210
Unknown Golf Course,,,,,,,,,,,,,,,,,,,,,,,,,,,,,,,,,,,,,,,357051.6977725879,41.220606856914046,-86.3923978302738,Indiana,IN00399
Memorial Park Golf Course,,,,,,,,,,,,,,,,,,,,,,,,,,,,,,,,,,,,,,,355894.55988252274,39.951150061993026,-85.3903937177002,Indiana,IN00304
Cedar Creek Family Golf Center,,Cedar Lake,10483,46303,West 109th Avenue,,,IN,,,,,,,,,,,,,,,,,,,,,,,,,,,,,,,355077.57596454135,41.41517788796676,-87.46178456078769,Indiana,IN00263
Sullivan Elks Country Club,,,,,,,,,,,,,,,,,,,,,,,,,,,,,,,,,,,,,,,351534.6791935842,39.10483973733599,-87.41853219383874,Indiana,IN00138
Unknown Golf Course,,,,,,,,,,,,,,,,,,,,,,,,,,,,,,,,,,,,,,,351316.54675259744,40.51355130390427,-87.250808102218,Indiana,IN00337
Western Hills Country Club,,Salem,3025,47167,W Mt Tabor Rd,+1-812-883-5138,,IN,,,,,,,,,,,,,,,,,,,,,,,,,,,,,,,344688.0501418436,38.59829983451725,-86.14369107962736,Indiana,IN00387
Saddlebrook Golf Course,,Indianapolis,5516,46228,Arabian Run,+1-317-290-0539,http://www.saddlebrookgolf.com/,IN,,,esri_USDOT_Indiana,2108839,,,,,,,,,,,,,,,,,,,,,,,,,,,340560.81158468453,39.84519716746522,-86.2247535867097,Indiana,IN00152
The Golf Club at Eagle Pointe,,Bloomington,2250,47401,East Pointe Road,,,IN,,,,,,,,,,,,,,,,,,,,,,,,,,,,,,,337881.1640673026,39.03193363165606,-86.51578056880761,Indiana,IN00346
Unknown Golf Course,,,,,,,,,,,,,,,,,,,,,,,,,,,,,,,,,,,,,,,336760.16867293196,40.8255800168741,-85.46774354313337,Indiana,IN00366
Buffer Park Golf Course,,Indianapolis,3825,46221,Foltz Street,+1-317-241-5046,http://www.bufferpark.com/,IN,,,esri_USDOT_Indiana,2109123,,,,,,,,,,,,,,,,,,,,,,,,,,,329212.1238766958,39.70975254219396,-86.2258652821827,Indiana,IN00195
Hartley Hills Country Club,,,,,,,,,,,,,,,,,,,,,,,,,,,,,,,,,,,,,,,326047.35081412824,39.91411350733647,-85.14052539787163,Indiana,IN00237
Lu Gene Links Country Club,,,,,,,,,,,,,,,,,,,,,,,,,,,,,,,,,,,,,,,322818.08064727776,41.126544113375765,-87.44397787110172,Indiana,IN00401
Lafayette Country Club,,,,,,,,,,,,,,,,,,,,,,,,,,,,,,,,,,,,,,,320850.5618374879,40.40089845807063,-86.8885573068964,Indiana,IN00164
McMillen Park Golf Course,,Fort Wayne,3900,46806,Hessen Cassel Road,+1-260-427-6710,https://www.mcmillengolfcourse.com/,,,,,,,,,,,,,,,,,,,,,,,Campo de Golf en el Parque McMillen,,,,,,,,,319214.1018966572,41.04870133879971,-85.10125218801926,Indiana,IN00101
Unknown Golf Course,,,,,,,,,,,Bing,,,,,,,,,,,,,,,,,,,,,,,,,,,,318947.77516537963,38.33012722791376,-87.3560706695744,Indiana,IN00129
Unknown Golf Course,,,,,,,,,,,,,,,,,,,,,,,,,,,,,,,,,,,,,,,311165.85398056055,40.76772759327792,-85.17305890216747,Indiana,IN00244
Burke Golf Course,University of Notre Dame,Notre Dame,,46556,,+1-574-631-4653,https://warrengolfcourse.com/,IN,,,,,,,,,,,,,,,,,,,,,,,,,,multipolygon,,,yes,,310465.63088091003,41.696976722350385,-86.24703011993373,Indiana,IN00063
Angel Hill GC,,,,,,,,,,,,,,,,,,,,,,,,,,,,,,,,,,,,,,,305372.44578246336,40.42797626843811,-86.59734710056689,Indiana,IN00269
Huntingburg Country Club,,Huntingburg,793,47542,West 3rd Street,+1 812 683 3376,https://huntingburgcountryclub.com/,IN,,,,,,,,,,,,,,,,,,,,,,,,,,,,,,,304541.8760516669,38.29441665607228,-86.97290240747122,Indiana,IN00282
McDonald Golf Course,,Evansville,2905,47715,East Morgan Avenue,+1-812-475-2578,,,,,,,,,,,,,,,,,,,,,,,,,,,,,,,,,297352.6046102605,37.98933575320264,-87.51167414528268,Indiana,IN00188
Parke County Golf Course,,,,,,,,,,,,1789057,,,,,,,,,,,,,,,,,,,,,,,,,,,296472.4691150333,39.791525961391265,-87.2397986132911,Indiana,IN00189
New Albany Golf Course,,New Albany,1702,47150,Graybrook Lane,+1 812 949 5090,https://www.newalbanygolfcourse.com/,IN,,,,,,,,,,,,,,,,,,,,,"More data needed for course features, especially fairways and holes. Disc golf course also present, unclear where.",,,,,,,,,,293921.212910351,38.29879258276581,-85.82109478997322,Indiana,IN00283
Pine Woods Golf Course,,,,,,,,,,,,,,,,,,,,,,,,,,,,,,,,,,,,,,,293357.5150054213,39.30241330105275,-86.81143417888487,Indiana,IN00089
Whispering Hills Golf Course,,Indianapolis,10751,46239,Brookville Road,+1-317-862-9000,https://sahmgolf.com/whispering-hills/,,,,,2109176,,,,,,,,,,,,,,,,,,,,,,,,,,,289852.748595288,39.736049283812534,-85.97779957283925,Indiana,IN00221
Leaning Tree Golf Course,,peru,1300,46970,Peru Pl,,,IN,,,,,,,,,,,,,,,,,,,,,,,,,,,,,,,289338.24513974565,40.671959818606005,-86.13869527663648,Indiana,IN00246
Windy Hill Country Club,,,,,,,,,,,,,,,,,,,,,,,,,,,,,,,,,,,,,,,287223.7507870733,39.663356007664035,-86.86207817778387,Indiana,IN00336
Unknown Golf Course,,,,,,,,,,,,,,,,,,,,,,,,,,,,,,,,,,,,,,,285400.09125702706,41.159784909040496,-85.44840298115216,Indiana,IN00370
Mark's Par 3,,Terre Haute,2401,47805,North Chamberlain Street,+1-812-877-1467,https://www.markspar3.com/,,,,,,,,,,,,,,,,,,,,,,,,,,,,,,,,278560.02099885355,39.49599383085818,-87.29035873273645,Indiana,IN00187
New Salisbury Golf Course,,,,,,,,,,,,,,,,,,,,,,,,,,,,,,,,,,,,,,,278535.5912320918,38.31367196492695,-86.10161491030644,Indiana,IN00298
Eagle Pointe Back 9,,,,,,,,,,,,,,,,,,,,,,,,,,,,,,,,,,,,,,,276803.6539390848,39.032023849660376,-86.50640328275074,Indiana,IN00347
Donald Ross Golf Club,Indiana Tech,,,,,+1-260-745-7093,https://www.donaldrossgolfclub.com/,,,,,,,,,,,,,,,,,,,,,,,Club de Golf Donald Ross,,,,,,,,,271005.03038692963,41.02045498234071,-85.13925309799359,Indiana,IN00079
Hoosier Heights Country Club,,,,,,,,,,,,,,,,,,,,,,,,,,,,,,,,,,,,,,,269574.4213579798,37.95308591950066,-86.7316773673248,Indiana,IN00292
Valley View Golf Course,,Middletown,6950,47356,West 850 N,,,IN,,,,,,,,,,,,,,,,,,,,,,,,,,,,,,,269385.72714180144,40.05697323047053,-85.51855039143928,Indiana,IN00395
The Landing Golf Course,,Terre Haute,3350,47804,North 4th Street,+1-812-460-4000,http://www.thelandingatfortharrison.com/Landing_Golf_Course.php,,,,,,,,,,,,,,,,,,,,,,,,,,,,,,,,266028.6289152578,39.51071194566065,-87.40959498169804,Indiana,IN00191
Unknown Golf Course,,,,,,,,,,,,,,,,,,,,,,,,,,,,,,,,,,,,,,,262834.9985990626,40.61542897283153,-87.32973603914904,Indiana,IN00397
Unknown Golf Course,,,,,,,,,,,,,,,,,,,,,,,,,,,,,,,,,,,,,,,262582.38301480695,40.96001438667157,-85.89374553387532,Indiana,IN00343
Old Orchard GC,,,,,,,,,,,,,,,,,,,,,,,,,,,,,,,,,,,,,,,262407.52452898264,41.67066578340224,-85.93985927876594,Indiana,IN00406
Western Hills Country Club,,,,,,,,,,,,,,,,,,,9_hole,,,,,,,,,,,,,,,multipolygon,35,,,,259914.8813562688,37.93308652421736,-87.92165383529552,Indiana,IN00057
Riverside Golf Academy,,,,,,,,,,,,,,,,,,,,,,,,,,,,,,,,,,,,,,,254449.39615254375,39.822404113799784,-86.19424599394998,Indiana,IN00386
Cricket Ridge Golf Course,,Batesville,22087,47006,Pocket Road,+1-812-934-6348,https://cricketridge.com/,,,,,,,,,,,,,,,,,,,,,,,,,,,,,,,,252690.78907768024,39.327069075332666,-85.19668009818113,Indiana,IN00222
Dakota Landing Golf Course,,Indianapolis,6636,46259,South Franklin Road,+1-317-862-8255,http://www.dakotalandinggolf.com/,,,,,,,,,,,,,,,,,,,,,,,,,,,,,,,,252076.03617997395,39.672229048766525,-86.0221592058362,Indiana,IN00094
Clifty Creek Golf Course,,,,,,,,,,,,,,,,,,,,,,,,,,,,,,,,,,,,,,,251579.91303383568,39.23784179171208,-85.7940534439264,Indiana,IN00335
SaddleBrook Golf Club,,,,,,,,,,,,,,,,,,,,,,,,,,,,,,,,,,,,,,,249797.38021563692,39.8581189052129,-86.22270398626266,Indiana,IN00381
Otte Golf & Family Fun Center,,Greenwood,681,46143,South Sheek Road,+1-317-881-4620,http://ottegolf.com/,,,,,2107777,,,,,,,,,,,,,,,,,,,,,,,,,,,248445.91327431344,39.605801007797524,-86.07298605482075,Indiana,IN00153
Unknown Golf Course,,,,,,,,,,,,,,,,,,,,,,,,,,,,,,,,,,,,,,,246859.94129036667,41.55478020795442,-84.90552146364445,Indiana,IN00281
Unknown Golf Course,,,,,,,,,,,,,,,,,,,,,,,,,,,,,,,,,,,,,,,245879.24270478572,40.01811229976395,-86.10679658020457,Indiana,IN00414
Unknown Golf Course,,,,,,,,,,,,,,,,,,,,,,,,,,,,,,,,,,,,,,,240958.0808189317,38.85470502725163,-86.07282146032617,Indiana,IN00389
Westwood Golf Course,,Scottsburg,145,47170,North Westavia Boulevard,+1 812 752 3233,http://www.westwoodgolf.org/,,,,,,,,,,,,,,,,,,,,,,,,,,,multipolygon,,,,,238497.39423387687,38.68952261888885,-85.80214247499924,Indiana,IN00031
Elks Country Club,,Kendallville,120,46755,Weston Avenue,,,IN,,,,,,,,,,,,,,,,,,,,,,,,,,,,,,,236020.06527589052,41.44037915581899,-85.2777261215545,Indiana,IN00321
Elks Country Club,,Kendallville,120,46755,Weston Avenue,,,IN,,,,,,,,,,,,,,,,,,,,,,,,,,,,,,,236020.06527589052,41.44037915581899,-85.2777261215545,Indiana,IN00322
Woodbury Golf Course,,,,,,,,,,,,,,,,,,,,,,,,,,,,,,,,,,,,,,,234381.92632272546,41.36921326812351,-86.30829222701676,Indiana,IN00404
Woodstock Club,,Indianapolis,1301,46208,West 38th Street,+1-317-926-3348,https://www.woodstockclub.com/,,,,,,,,,,,,,,,,,,,,,,,,,,,,,,,,231362.48010985935,39.82290672596668,-86.18374289681725,Indiana,IN00137
Cypress Run Golf Course,,,,,,,,,,,,,,,,,,,,,,,,,,,,,,,,,,,,,,,230517.5011922358,39.493288270990625,-85.96243519042493,Indiana,IN00291
Unknown Golf Course,,,,,,,,,,,,,,,,,,,,,,,,,,,,,,,,,,,,,,,229752.34876614728,41.36950060436567,-86.29884937847322,Indiana,IN00405
Lucas Oil Golf Course,,,,,,,,,,,,,,,,,,,,,,,,,,,,,,,,,,,,,,,225688.13062181676,38.33755257908734,-86.46814635164138,Indiana,IN00293
Carroll County Country Club,,Delphi,411,,East Howard Street,+1 765 564 3441,,,,,,,,,,,,,,,,,,,,,,,,,,,,,,,,,224327.3626507605,40.594883664157564,-86.6711574284633,Indiana,IN00245
Wawasee Golf Club,,Syracuse,12388,46567,North Bishop Road,+1-574-457-0224,https://www.wawaseegolfclub.com/,,,,,452411,,,,,,,,,,,,,,,,,,,,,,,,,,,223086.14730876143,41.41541184144224,-85.69133902189456,Indiana,IN00176
Southern Dunes Golf Course,,,,,,,,,,,,,,,,,,,,,,,,,,,,,,,,,,,,,,,222886.27659583837,39.63883515668362,-86.21888266027722,Indiana,IN00264
Unknown Golf Course,,,,,,,,,,,,,,,,,,,,,,,,,,,,,,,,,,,,,,,221694.59458833488,38.393390525198036,-87.58627422193737,Indiana,IN00378
Crooked Lake Golf Club,,,,,,,,,,,,452301,,,,,,,,,,,,,,,,,,,,,,,,,,,220129.24400305696,41.261697591235794,-85.4876402512282,Indiana,IN00168
Southern Dunes Golf Course,,,8220,,Tibbs Ave,,,,,,,,,,,,,,,,,,,,,,,,,,,,,,,,,,216576.1244742351,39.63765963520773,-86.21166626774435,Indiana,IN00104
Lucas Oil Golf Course,,,,,,,,,,,,,,,,,,,,,,,,,,,,,,,,,,,,,,,215098.83180826466,38.33300127558087,-86.46865780113916,Indiana,IN00294
Unknown Golf Course,,,,,,,,,,,,,,,,,,,,,,,,,,,,,,,,,,,,,,,213875.82195476137,39.43203579182543,-86.00219426996719,Indiana,IN00261
Pittsboro Golf Club,,,,,,,,,,,,2094662,,,,,,,,,,,,,,,,,,,,,,,,,,,213631.08590327538,39.86572430944462,-86.48382667558866,Indiana,IN00200
Canterbury Green Golf Course,,Fort Wayne,2727,46835,Canterbury Boulevard,,,IN,,,,,,,,,,,,,golf,,,,,,,,,,,,,,,,,,213520.03086325392,41.12634501376479,-85.1057013427241,Indiana,IN00309
Unknown Golf Course,,,,,,,,,,,,,,,,,,,,,,,,,,,,,,,,,,,,,,,213508.45220837765,41.045793980968355,-86.16965772008147,Indiana,IN00331
Zionsville Golf Course,,,,,,+1-317-873-4218,https://www.zionsville-in.gov/town-services/parks/zionsville-golf-course/,,,,,,,,,,,,,,,,,,,,,,,,,,,,,,,,211336.92665751805,39.959248528882675,-86.26300529821336,Indiana,IN00215
Thatcher Golf Course,,,,,,,,,,,,2108871,,,,,,,,,,,,,,,,,,,,,,,,,,,209835.34754118312,39.77335174105322,-86.24033111122799,Indiana,IN00202
Balmoral Golf Course,,,,,,,,,08:00-21:00,,,,,,,,,,,,,,,,,,,,,,,,,,,,,,205903.48574216018,39.933591881836925,-86.05286255184592,Indiana,IN00268
Shoaff Park Golf Course,,,,,,,,,,,,,,,,,,,,,,,,,,,,,,,,,,,,,,,205260.31826571864,41.14428315498937,-85.094198062206,Indiana,IN00090
Douglass Golf Course,,Indianapolis,2901,46205,Doctor Andrew J Brown Avenue,+1-317-924-0018,,,Mo-Su 09:00-19:15,,,452305,,,,,,,,,,,,,,,,,,,,,,,,,,,204287.91641223652,39.807919978011725,-86.13314701744353,Indiana,IN00209
Unknown Golf Course,,,,,,,,,,,,,,,,,,,,,,,,,,,,,,,,,,,,,,,202704.2939423109,38.73962607002055,-85.40831203205616,Indiana,IN00284
Lakeview Golf Course,,Loogootee,15421,47553,US Hwy 231,,,IN,,,,,,,,,,,9_hole,,,,,,,,,,,,,,,,,,,,197550.95534474376,38.71936044390825,-86.9225035871547,Indiana,IN00365
Unknown Golf Course,,,,,,,,,,,,,,,,,,,,,,,,,,,,,,,,,,multipolygon,,,,,189826.07432598574,39.892579287789914,-85.97909804669484,Indiana,IN00056
Angel Hill GC,,,,,,,,,,,,,,,,,,,,,,,,,,,,,,,,,,,,,,,188480.56471133718,40.43284338436465,-86.59943122525596,Indiana,IN00270
Mink Lake Golf Course,,,,,,,,,,,,2038209,yes,,,,,,,,,,,,,,,,,,,,,,,,,,184566.27301701784,41.52731863297175,-87.0395678648259,Indiana,IN00178
Washington Country Club,,,,,,,,,,,,,,,,,,,,,,,,,,,,,,,,,,,,,,,184496.78903829085,38.66249629016065,-87.16432755506118,Indiana,IN00276
White Lick Golf Course,,,,,,,,,,,,452413,,,,,,,,,,,,,,,,,,,,,,,,,,,179933.1943751154,39.925612127555596,-86.4001961565911,Indiana,IN00206
Unknown Golf Course,,,,,,,,,,,,,,,,,,,,,,,,,,,,,,,,,,,,,,,174760.77694121576,39.10000710837907,-87.38488807577593,Indiana,IN00356
Unknown Golf Course,,,,,,,,,,,,,,,,,,,,,,,,,,,,,,,,,,,,,,,167041.06137309485,39.67895363911078,-87.40552143158891,Indiana,IN00319
Unknown Golf Course,,,,,,,,,,,,,,,,,,,,,,,,,,,,,,,,,,,,,,,165801.34050563685,39.61837186138436,-86.15555708662767,Indiana,IN00332
Country Mark Golf Course,,,,,,,,,,,,,,,,,,,9_hole,,,,,,,,,,,,,,,multipolygon,35,,,,159666.6833032925,37.94196650416817,-87.90429062893716,Indiana,IN00058
Seymour Golf Course,,Seymour,1400,47274,Shields Avenue,,,IN,,,,,,,,,,,,,,,,,,,,,,,,,,,,,,,157886.47852972135,38.974173475314714,-85.89321978981033,Indiana,IN00314
Seymour Golf Course,,Seymour,1400,47274,Shields Avenue,,,IN,,,,,,,,,,,,,,,,,,,,,,,,,,,,,,,157886.47852972135,38.974173475314714,-85.89321978981033,Indiana,IN00315
Unknown Golf Course,,,,,,,,,,,,,,,,,,,,,,,,,,,,,,,,,,,,,,,155400.3869566388,39.359729442669405,-85.50973206271615,Indiana,IN00125
Arlington Park Golf Course,,,,,,,,,,,,,,,,,,,,,,,,,,,,,,,+1-260-485-2774,,,,,,,,153698.47303728823,41.128813816774446,-85.03148035377458,Indiana,IN00103
Unknown Golf Course,,,,,,,,,,,,,,,,,,,,,,,,,,,,,,,,,,,,,,,153367.04608890522,39.64336979465438,-86.21129453333165,Indiana,IN00105
Unknown Golf Course,,,,,,,,,,,,,,,,,,,,,,,,,,,,,,,,,,multipolygon,,,,,147959.3663451098,39.86140197156011,-86.06895816434334,Indiana,IN00069
Birch Tree Golf Course,,,,,,,,,,,,,,,,,,,,,,,,,,,,,,,,,,,,,,,147372.2189026606,41.70675890812196,-86.52164279991571,Indiana,IN00410
Unknown Golf Course,,,,,,,,,,,,,,,,,,,,,,,,,,,,,,,,,,,,,,,144175.20232614223,39.1032410253416,-87.38538783623724,Indiana,IN00355
Unknown Golf Course,,,,,,,,,,,,,,,,,,,,,,,,,,,,,,,,,,multipolygon,,,,,130391.58340423988,38.074479374467025,-87.51509634183017,Indiana,IN00073
Hollow Acres Golf Center,,,,,,,,,,,,,,,,,,,,,,,,,,,,,,,,,,,,,,,126064.44935355503,40.66952392609467,-86.73358969160675,Indiana,IN00351
Unknown Golf Course,,,,,,,,,,,,,,,,,,,,,,,,,,,,,,,,,,,,,,,125797.05809461216,40.428916726051625,-86.15841518503329,Indiana,IN00375
Rocky Ford Par 3,Columbus Parks and Recreation Department,Columbus,3362,47203,Fairlawn Drive,,https://columbusparksandrec.com/activities-and-programs/golf/rocky-ford-par-3-golf-course/,IN,,,,,,,,,,,,,,,,,,,,,,,,,,,,,,,118202.87402370483,39.2363328903845,-85.87144129872696,Indiana,IN00278
Bowler's Country Club,,,,,,,,,,,,,,,,,,,,,,,,,,,,,,,,,,,,,,,117886.79525737111,41.68088657720804,-86.35288254783227,Indiana,IN00084
Cherry Valley Golf Course,City of New Albany,New Albany,600,47150,Cherry Street,+1-812-945-2777,https://www.facebook.com/cherryvalleygolf3/,IN,,,,,,cherryvalleygolf@gmail.com,,,,,,,,,,,,,,,,,,,,multipolygon,,,,,109928.46668291192,38.29366684286581,-85.83993765107243,Indiana,IN00054
Unknown Golf Course,,,,,,,,,,,,,,,,,,,,,,,,,,,,,,,,,,,,,,,107526.8985770774,40.420751078490305,-86.15982793279798,Indiana,IN00373
Unknown Golf Course,,,,,,,,,,,,,,,,,,,,,,private,,,,,,,,,,,,,,,,,105920.08805857509,39.93143912850408,-86.18524105686932,Indiana,IN00207
McArthur Golf Course,,,,,,,,,,,,,,,,,,,,,,,,,,,,,,,,,,,,,,,104042.51055715143,41.642039011783275,-87.48330235721426,Indiana,IN00232
Disk Golf Course,,,,,,,,,,,,,,,,,,,,,,,,,,,,,,,,,,,,,,,103769.80992054589,41.58032204699055,-86.89193270680988,Indiana,IN00349
Studebaker Park,,,,,,,,,,,,,,,,,,,,,,,,,,,,,,,,,,,,,,,99302.84572818986,41.652657931762995,-86.24111103503989,Indiana,IN00086
Cross Creek Golf Club,,,,,,,,,,,,,,,,,,,,,,,,,,,,,,,,,,,,,,,98584.1969064025,40.84243386021447,-84.94661180266786,Indiana,IN00273
Unknown Golf Course,,,,,,,,,,,,,,,,,,,,,,,,,,,,,,,,,,,,,,,93986.43953584792,41.162405607213344,-85.45579626227453,Indiana,IN00369
Twilight Golf Course,Mary Richardson,Jeffersonville,5316,47130,State Road 62,,http://www.twilightgolfcourse.com,IN,dawn-dusk,,Esri,,,,,,,,,,,,,,,,,,,,,,,,,,,,76414.04679555587,38.35355481039974,-85.70107204336755,Indiana,IN00300
Crestview Executive Course,,,,,,,,,,,,,,,,,,,,,,,,,,,,,,,,,,,,,,,75726.99513270607,40.164970392812414,-85.38972778778422,Indiana,IN00249
Unknown Golf Course,,,,,,,,,,,,,,,,,,,,,,,,,,,,,,,,,,,,,,,73023.02806335561,41.50628289462138,-85.83295898441942,Indiana,IN00344
Unknown Golf Course,,,,,,,,,,,,,,,,,,,,,,,,,,,,,,,,,,,,,,,70223.85765365137,40.669529015623056,-86.25157203522268,Indiana,IN00247
Mad Anthony III's Short Course,,,,,,,,,,,,,,,,,,,,,,,,,,,,,,Campo Corto de Mad Anthony III,,,,,,,,,68926.10790966262,41.05303219254085,-85.09867855393644,Indiana,IN00100
Unknown Golf Course,,,,,,,,,,,,,,,,,,,,,,,,,,,,,,,,,,,,,,,67165.17790600382,40.42762252916723,-86.16249645481876,Indiana,IN00374
Walther's Golf Driving Range,,,,,,,,,,,,,,,,,,,,,,,,,,,driving_range,,,,,,,multipolygon,,,,,65719.55830421632,37.998567693151486,-87.57178919765852,Indiana,IN00071
Cross Creek Golf Club,,,,,,,,,,,,,,,,,,,,,,,,,,,,,,,,,,,,,,,58547.66314352855,40.8406279575953,-84.94892798811752,Indiana,IN00272
Cross Creek Golf Club,,,,,,,,,,,,,,,,,,,,,,,,,,,,,,,,,,,,,,,52478.053970540466,40.84995983933479,-84.95560208922642,Indiana,IN00385
Howell Par 3 Golf Course,,,,,,,,,,,,,,,,,,,,,,,,,,,,,,,,,,,,,,,49522.67042431959,37.96532609235846,-87.61353891890221,Indiana,IN00316
Driving Range,,,,,,,,,,,,,,,,,,,,,,,,,,,,,,,,,,,,,,,49242.045350660555,41.080979301269,-85.0894889685179,Indiana,IN00108
Unknown Golf Course,,,,,,,,,,,,,,,,,,,,,,,,,,,driving_range,grass,,,,,,,,,,,48074.104917929624,39.6082293717741,-86.07374643457902,Indiana,IN00327
Unknown Golf Course,,,,,,,,,,,,,,,,,,,,,,,,,,,,,,,,,,,,,,,44961.237648005685,41.15998578374658,-85.45593596048303,Indiana,IN00368
Unknown Golf Course,,,,,,,,,,,,,,,,,,,,,,,,,,,,,,,,,,,,,,,41011.67181460291,40.42206632952254,-86.16305025321827,Indiana,IN00376
Trail Side Golf and Foot Golf,,,,,,,,,,,,,,,,,,,,,,,,,,,,,,,,,,,,,,,35411.33998792044,40.15097074778671,-85.34570698336675,Indiana,IN00303
Cross Creek Golf Club,,,,,,,,,,,,,,,,,,,,,,,,,,,,,,,,,,,,,,,35309.384936623544,40.84647942160766,-84.94901553567024,Indiana,IN00275
Cross Creek Golf Club,,,,,,,,,,,,,,,,,,,,,,,,,,,,,,,,,,,,,,,34215.715049460945,40.84821832626354,-84.95585250897315,Indiana,IN00384
Cross Creek Golf Club,,,,,,,,,,,,,,,,,,,,,,,,,,,,,,,,,,,,,,,33672.02815625762,40.84639738796132,-84.95180625075939,Indiana,IN00274
Unknown Golf Course,,,,,,,,,,,,,,,,,,,,,,,,,,,driving_range,,,,,,,,,,,,31015.027038402073,39.405626428440414,-86.18490037804135,Indiana,IN00297
