name,addr:city,addr:housenumber,addr:postcode,addr:state,addr:street,phone,website,description,email,mobile,opening_hours,operator,source,alt_name,contact:facebook,place,wikidata,golf:course,fixme,golf:par,start_date,building,golf,sport,note,access,wheelchair,type,addr:country,fee,old_name,area_m2,lat,lon,province,gcid
Sage Valley Golf Club,Graniteville,,,,,,https://www.sagevalleygolf.com/,,,,,,,,,,,,,,,,,,,,,multipolygon,,,,10460082.933609964,33.61142710719143,-81.81899927505226,South Carolina,SC00127
Sage Valley Golf Club,Graniteville,,,,,,https://www.sagevalleygolf.com/,,,,,,,,,,,,,,,,,,,,,multipolygon,,,,10460082.933609964,33.61142710719143,-81.81899927505226,South Carolina,SC00126
Haig Point,,,,,,,,,,,,,,,,neighbourhood,Q5639078,,,,,,,,,,,,,,,5098062.889301109,32.132214104919015,-80.8447047945003,South Carolina,SC00217
Unknown Golf Course,,,,,,,,,,,,,,,,,,,,,,,,,,,,,,,,2593107.8212287994,33.111075085176914,-80.24230512765406,South Carolina,SC00347
Legends Golf and Resort,Myrtle Beach,1500,29579,,Legends Drive,+1-800-299-6187,https://www.legendsgolf.com/,,,,,,,,,,,,,,,,,,,,,multipolygon,,,,2574029.1527256602,33.742849590557775,-79.00759576153568,South Carolina,SC00052
Unknown Golf Course,,,,,,,,,,,,,,,,,,,,,,,,,,,,,,,,2549719.3762632958,33.80435496072077,-78.98119496958792,South Carolina,SC00204
Wild Wing Golf Course,Conway,1000,29526,SC,Wild Wing Blvd,+1-843-347-9464,https://www.playwildwing.com/,,,,,,,,,,,,,,,,,,,,,multipolygon,,,,2371738.6401144816,33.8025276451741,-78.97884498191509,South Carolina,SC00185
Fort Jackson Golf Club,,3652,,,Semmes Road,803-787-4344,http://fortjacksonmwr.com/golf/,,,,,,,,,,,,,,,,,,,,,,,,,2236551.4796278113,33.99571285855884,-80.92272523424407,South Carolina,SC00245
Unknown Golf Course,,,,,,,,,,,,,,,,,,,,,,,,,,,,multipolygon,,,,2189496.2752267295,32.32624119376775,-80.81894777001227,South Carolina,SC00133
Old Tabby Golf Links,Okatie,42,29909,SC,Mobley Oaks Ln,,,,,,,Spring Island,,,,,,private,,,,,,,,,,,,,,2189496.2752267295,32.32624119376775,-80.81894777001227,South Carolina,SC00315
Cheraw State Park Golf Course,,,,,,,,,,,,,,,,,,,,,,,,,,,,multipolygon,,,,1937028.1078899312,34.64112017798853,-79.90900857542476,South Carolina,SC00174
Myrtlewood Golf Club,Myrtle Beach,1500,29577,SC,48th Avenue North,+1-843-913-4516,https://www.myrtlewoodgolf.com/,,,,,,,,,,,,,,,,,,,,,multipolygon,,,,1815108.7629039846,33.734075424662564,-78.87191907843251,South Carolina,SC00186
The Wizard / Man O' War Golf Course,,,,,,,,,,,,,,,,,,,,,,,,,,,,,,,,1805959.0503660857,33.77324979122258,-78.96216636856089,South Carolina,SC00190
Shadow Creek,,,,,,,,,,,,,,,,,,,,,,,,,,,,,,,,1795376.0983216304,34.14945467013658,-79.69806726543646,South Carolina,SC00298
Kiawah Island Club - Cassique,Kiawah Island,,29455,SC,,,https://www.kiawahisland.com/island-club/golf/cassique-golf/,,,,,,,,,,,,,,,,,,,,,,,,,1760999.8967191703,32.59455503309647,-80.14582272984366,South Carolina,SC00346
Kiawah Island Club - Cassique,Kiawah Island,,29455,SC,,,https://www.kiawahisland.com/island-club/golf/cassique-golf/,,,,,,,,,,,,,,,,,,,,,,,,,1760999.8967191703,32.59455503309647,-80.14582272984366,South Carolina,SC00345
Arrowhead Country Club,,,,,,,,,,,,,,,,,,,,,,,,,,,,multipolygon,,,,1651682.3290167674,33.70543189043418,-78.95130088427354,South Carolina,SC00100
Shadowmoss Plantation Golf Club,Charleston,21,29414,SC,Dunvegan Drive,,,,,,,,,,,,,,,,,,,,,,,,,,,1618341.9801931055,32.842536939514524,-80.07396787337755,South Carolina,SC00310
Oak Hills Golf Club,Columbia,7629,29203,,Fairfield Road,803-735-9830,http://www.oakhillsgolf.com/,,,,,,,,,,,,,,,,,,,,,,,,,1601037.8599801005,34.113134643196126,-81.03653422333274,South Carolina,SC00253
MB National Kings North GC,,,,,,,,,,,,,,,,,,,,,,,,,,,,,,,,1600193.7353416474,33.79739605569598,-78.96711657755813,South Carolina,SC00203
Chechessee Creek Club,Okatie,18,29909,SC,Chechessee Creek Dr,,,,,,,Private Golf Club,,,,,,,,,,,,,,,,,,,,1583615.8180705917,32.35409533682055,-80.85516866181514,South Carolina,SC00344
Keowee Springs Golf Course,,,,,,,,,,,,,,,,,,,,,,,,,,,,,,,,1564897.4817124873,34.86096288096538,-82.86335457672016,South Carolina,SC00281
Hidden Valley Golf Club,,,,,,,,,,,,,,,,,,,,,,,,,,,,,,,,1529094.1050259864,33.83761240225334,-81.13142094704146,South Carolina,SC00297
The Country Club of South Carolina,Florence,3525,29506,,McDonald Boulevard,+1 843 669 0920,https://www.countryclubsc.com/,,,,,,,,,,,,,,,,,,,,,multipolygon,,,,1499402.1092679529,34.25064860854535,-79.67731988634267,South Carolina,SC00043
Musgrove Mill Golf Club,,,,,,,https://www.musgrovemill.com/,,,,,,,,,,,,,,,,,golf,,,,multipolygon,,,,1493158.3967881156,34.59213261137313,-81.84260938105162,South Carolina,SC00152
Kiawah Island Golf Resort - The Ocean Course,Kiawah Island,,29455,SC,,+1-843-266-4670,https://kiawahresort.com/golf/the-ocean-course/,,,,,,,,,,,,,,,,,,,,,multipolygon,,,,1478188.3532771496,32.61217303416476,-80.01918143928425,South Carolina,SC00179
Unknown Golf Course,,,,,,,https://www.clubcorp.com/Clubs/Woodside-Plantation-Country-Club/,,,,,Woodside Plantation Country Club,,,,,,,,,,,,,,,,multipolygon,,,,1465756.6630722317,33.49669845546402,-81.7356479730573,South Carolina,SC00056
Unknown Golf Course,,,,,,,https://www.clubcorp.com/Clubs/Woodside-Plantation-Country-Club/,,,,,Woodside Plantation Country Club,,,,,,,,,,,,,,,,multipolygon,,,,1465756.6630722317,33.49669845546402,-81.7356479730573,South Carolina,SC00057
Unknown Golf Course,,,,,,,,,,,,,,,,,,,,,,,,,,,,,,,,1433981.8415545677,33.815652061722986,-78.70807293602732,South Carolina,SC00327
Cobblestone Park Golf Club,,,,,,,,,,,,,,,,,,,,,,,,,,,,,,,,1425423.4896254176,34.22559582188341,-80.99476107412895,South Carolina,SC00238
Mount Vintage Golf Course,North Augusta,215,29860,,Mount Vintage Plantation Drive,+1-803-278-5000,https://www.mountvintage.com/,,,,,,,,,,,,,,,,,,,,,multipolygon,,,,1381901.4589251992,33.67559322997277,-81.96414905459781,South Carolina,SC00045
Unknown Golf Course,,,,,,,,,,,,,,,,,,,,,,,,,,,,,,,,1374921.3043014775,33.00414685595349,-80.0783016438477,South Carolina,SC00194
Grande Dunes Resort Course,Myrtle Beach,8700,29572,,Golf Village Lane,877-283-2122,https://www.grandedunesgolf.com/,,,,,,,,,,,,,,,,,,,,,multipolygon,,,,1343467.1484529853,33.76635121796145,-78.82275020735744,South Carolina,SC00050
Sun City - Hidden Cypress Golf Club,Bluffton,672,29910,SC,Cypress Hills Drive,+1-843-705-4999,https://golfinsuncity.com/hidden_cypress/,,,,,,,,,,,,,,,,,,,,,multipolygon,,,,1334969.6034388014,32.282805495272854,-80.98365967841795,South Carolina,SC00163
Unknown Golf Course,,,,,,,,,,,,,,,,,,,,,,,,,,,,,,,,1333997.7777108273,34.056121417729706,-78.83202811069683,South Carolina,SC00260
The Sea Pines Resort,Hilton Head Island,100,29928,SC,North Sea Pines Drive,+1-843-842-1477,https://www.seapines.com/golf/courses,,,,,,,,,,,,,,,,,,,,,multipolygon,,,,1298667.4845588906,32.13164310423477,-80.79277479163518,South Carolina,SC00097
Indian Trail Golf Course,,,,,,,,,,,,,,,,,,,,,,,,,,,,,,,,1295396.6192615032,33.86182568939039,-81.54345169056009,South Carolina,SC00301
The Creek Golf Club,Spartanburg,640,29302,SC,Keltner Avenue,,,,,,,,,,,,,,,,,,,,,,,,,,,1288434.2818889874,34.91150125021492,-81.86102117689681,South Carolina,SC00235
May River Golf Course,Bluffton,350,29910,,Mount Pelia Road,+1 843 706 6580,https://www.montagehotels.com/palmettobluff/experiences/golf/,,,,,,,,,,,,,,,,,,,,,multipolygon,,,,1284997.5525638391,32.21458032176326,-80.8893189323803,South Carolina,SC00120
The Walker Course at Clemson University,Clemson,210,29634,SC,Madren Center Dr,,,,,,,,,,,,Q7962260,,,,,,,,,,,multipolygon,,,,1264753.5420298665,34.66519569414542,-82.83777269044799,South Carolina,SC00111
Charwood Golf Club,,,,,,,,,,,,,,,,,,,,,,,,,,,,,,,,1264316.8335079593,33.90087508954743,-81.09846733292964,South Carolina,SC00248
The Reserve Golf Club,Pawleys Island,18,29585,,Reserve Drive,843-235-0755,https://www.thereservegolf.com/,,,,,,,,,,,,,,,,,,,,,,,,,1240895.9709111631,33.49526488246962,-79.10904591823703,South Carolina,SC00242
Wescott Golf Club,North Charleston,5000,29485,,Wescott Club Drive,+1 843 871 2135,https://www.wescottgolf.com/,,,,,,,,,,,,,,,,,,,,,multipolygon,,,,1239384.149975336,32.94396351366276,-80.13644859575788,South Carolina,SC00108
Wescott Golf Club,North Charleston,5000,29485,,Wescott Club Drive,+1 843 871 2135,https://www.wescottgolf.com/,,,,,,,,,,,,,,,,,,,,,multipolygon,,,,1239384.149975336,32.94396351366276,-80.13644859575788,South Carolina,SC00107
River Oaks Golf Plantation,,,,,,,,,,,,,,,,,,,,,,,,,"Closing soon, got bought and soon going to be replaced by houses",,,multipolygon,,,,1238767.2390493632,33.72669549732982,-78.9142896428188,South Carolina,SC00130
Columbia Country Club,Blythewood,135,29016,,Columbia Club Drive,+1 803 754 8100,https://columbiacountryclub.com/,,,,,,,,,,,,,,,,,,,,,,,,,1233842.167879157,34.1837188637436,-80.93194996403483,South Carolina,SC00250
Melrose,,,,,,,,,,,,,,,,,,,,,,,,,,,,multipolygon,,,,1231985.3598104683,32.11032127290632,-80.85408656791596,South Carolina,SC00113
Carolina Lakes Golf Club,Indian Land,23012,29707,SC,Kingfisher Drive,,http://www.carolinalakesgc.com/,,,,Mo-Su 08:00-17:00,,,,,,,,,,,,,,,,,multipolygon,,,,1216913.8228352948,34.928942907598405,-80.84967937771128,South Carolina,SC00122
Grande Dunes Members Course,,,,,,,https://grandedunes.com/community/#members-course,,,,,,,,,,,,,,,,,,,,,multipolygon,,,,1216719.822473273,33.78276584236006,-78.80142073406658,South Carolina,SC00049
Santee Cooper Country Club,Santee,630,29142,SC,Santee Drive,+1-803-854-2467,https://santeecoopercc.com/,,,,,,,,,,,,,,,,,,,,,multipolygon,,,,1206444.5486779422,33.49010293299158,-80.4593920450702,South Carolina,SC00119
Woodcreek,,,,,,,https://woodcreekclub.com/golf/,,,,,,,,,,,,,,,,,,,,,multipolygon,,,,1197670.2064042082,34.126170680245274,-80.82225522972401,South Carolina,SC00090
Kiawah Island Club - River Course,St Johns,,,SC,,+1-843-459-9538,https://kiawahresort.com,,,,,,,,,,Q6403903,,,,,,,,,,,multipolygon,,,,1194828.8726674668,32.60930313074798,-80.0966432630286,South Carolina,SC00180
Chester Golf Club,,,,,,,,,,,,,,,,,,,,,,,,,,,,,,,,1181784.2138798577,34.71468940099239,-81.1389874261011,South Carolina,SC00341
The Traces Golf Club,,,,,,,,,,,,,,,,,,,,,,,,,,,,multipolygon,,,,1157490.170551402,34.19472386810406,-79.89208990567879,South Carolina,SC00110
Dunes Golf & Beach Club,,,,,,,,,,,,,,,,,,,,,,,,,,,,,,,,1144025.8161128212,33.763145825532554,-78.79807051249652,South Carolina,SC00309
Unknown Golf Course,,,,,,,,,,,,,,,,,,,,,,,,,,,,,,,,1132581.7004255871,33.99213486787104,-78.75921733354895,South Carolina,SC00353
Charwood Country Club,West Columbia,222,29172,,Clubhouse Drive,803-755-2000,https://www.charwood.com/,,,,,,,,,,,,,,,,,,,,,multipolygon,,,,1117488.4639098868,33.90115979514237,-81.09815213638667,South Carolina,SC00088
Sun City - Okatie Creek Golf Club,Bluffton,60,29910,SC,Sun City Club Lane,+1-843-703-4653,https://golfinsuncity.com/okatie_creek/,,,,,,,,,,,,,,,,,,,,,multipolygon,,,,1099242.8210924799,32.291449742053466,-80.95564488158574,South Carolina,SC00161
Carolina Springs Golf Club,,,,,,,https://carolinaspringsgc.com/,,,,,,,,,,,,,,,,,,,,,,,,,1085137.5940276885,34.73694956831258,-82.18834817532232,South Carolina,SC00255
Ponderosa Country Club,Leesville,190,29070,SC,Durango Drive,+1 803 532 3472,https://www.theponderosacountryclub.com/,,,,,,,,,,,,,,,,,,,,,,,,,1080678.977414196,33.93750615541,-81.54491300689408,South Carolina,SC00313
World Tour Golf Links,Myrtle Beach,2000,29579,SC,World Tour Blvd,+1-843-236-2000,https://www.theworldtourgolf.com/,,,,,,,,,,,,,,,,,,,,,,,,,1072263.6507383843,33.73564242312966,-78.9098027548577,South Carolina,SC00266
River Chase Golf Club,,,,,,,,,,,,,,,,,,,,,,,,,,,,,,,,1070950.7179587414,34.68867828595048,-81.7011755920288,South Carolina,SC00233
Linrick Golf Course,,,,,,,,,,,,Richland County,,,,,,,,,,,,,,,,,,,,1063701.135664516,34.149028375017565,-81.08988784992468,South Carolina,SC00320
Unknown Golf Course,,,,,,,,,,,,,,,,,,,,,,,,,,,,,,,,1055399.7655286945,34.90356249518428,-82.861542281973,South Carolina,SC00323
True Blue Golf Plantation,Pawleys Island,900,29585,,Blue Stem Drive,843-235-0900,https://fishclub.com/true-blue/,,,,,,,,,,,,,,,,,,,,,multipolygon,,,,1036470.7092823505,33.442279635893044,-79.14676688162035,South Carolina,SC00080
Shipyard Golf Club,Hilton Head Island,,,SC,,,,,,,,,,,,,,,,,,,,,,,,multipolygon,,,,1035076.8397756579,32.15492938117558,-80.74661087163715,South Carolina,SC00115
Mid Carolina Club,,,,,,,,,,,,,,,,,,,,,,,,,,,,,,,,1031455.3214268982,34.23374595033384,-81.45754818252296,South Carolina,SC00293
Sun City - Argent Lakes Golf Course,Hardeeville,1291,29927,SC,Sargent William Jasper Boulevar,+1-843-645-0507,https://golfinsuncity.com/argent_lakes/,,,,,,,,,,,,,,,,,,,,,multipolygon,,,,1029965.8598026951,32.307417793695706,-80.95566246435816,South Carolina,SC00162
Tega Cay Golf Club,Tega Cay,15083,29708,SC,Molokai Drive,+1-803-548-3500,https://tegacaygolfclub.com/,,,,,,,,,,,27_hole,,,,,,,,,,multipolygon,,,,1026624.376903092,35.03729806552641,-81.02052941745013,South Carolina,SC00123
Solina Golf Club,West Columbia,200,29170,,Indian River Drive,803-881-9971,https://golfbluebird.com/solina-golf-club,,,,,,,,,,,,,,,,,,,,,multipolygon,,,,1025969.3356974088,33.90541336004381,-81.17416258763586,South Carolina,SC00044
Dunes West Golf Club,Mount Pleasant,3535,29466,SC,Wando Plantation Way,,https://www.duneswestgolfclub.com/-home,,,,,,,,,,,,,,,,,,,,,multipolygon,,,,1013618.2601120822,32.91275083652471,-79.7996214031955,South Carolina,SC00164
Pinecrest Golf Club,Bluffton,1,29910,SC,Pinecrest Way,+1-843-757-8960,https://pinecrestsc.com/,,,,,,,,,,,,,,,,,,,,,multipolygon,,,,1002355.1762618739,32.255785986498445,-80.89110576634191,South Carolina,SC00178
Whispering Pines Golf Course,,,,,,,,,,,,,,,,,,,,,,,,,,,,,,,,995783.2627161521,33.682040368240074,-78.91566064126616,South Carolina,SC00199
Monticello Golf Club,,,,,,,https://www.savannahlakes.com/,,,,,,,,,,,,,,,,,,,,,multipolygon,,,,985725.9000574036,33.911082033950436,-82.36345767229302,South Carolina,SC00150
Harbour Town Golf Links,Hilton Head Island,11,29928,SC,Lighthouse Lane,+1-843-363-8385,https://www.seapines.com/golf/courses/harbour-town-golf-links,,,,,,,,,,Q5654884,,,,,,,,,,,multipolygon,,,,973948.5882443571,32.13015488955042,-80.8094990210619,South Carolina,SC00067
Greenwood Country Club,Greenwood,607,29649,,Cambridge Avenue West,+1 864 942 8851,https://greenwoodcountryclub.com/,,,,,,,,,,,,,,,,,,,,,multipolygon,,,,968146.1514057667,34.19914496647944,-82.18026838681668,South Carolina,SC00105
The Legends Golf Course,Port Royal,2315,29902,SC,Belleau Wood Road,+1-843-228-2240,https://southcarolina.usmc-mccs.org/recreation-fitness/legends-golf-course,,,,,,,,,,,,Name?,,,,,,,,,,,,,962157.926532946,32.30928600214599,-80.68362668719662,South Carolina,SC00319
The Legends Golf Course,Port Royal,2315,29902,SC,Belleau Wood Road,+1-843-228-2240,https://southcarolina.usmc-mccs.org/recreation-fitness/legends-golf-course,,,,,,,,,,,,Name?,,,,,,,,,,,,,962157.926532946,32.30928600214599,-80.68362668719662,South Carolina,SC00318
Tradition Golf Club,Pawleys Island,1027,29585,,Willbrook Road,877-599-0888,https://www.traditionclubmyrtlebeach.com/,,,,,,,,,,,,,,,,,,,,,multipolygon,,,,959678.3815314161,33.484050258794554,-79.11490569683612,South Carolina,SC00076
Wrenwoods Golf Course,,,,,,,https://www.jbcharleston.com/recreation/wrenwoods/index.html,,,,,,bing,,,,,,,,,,,,,,,,,,,957220.9448342997,32.9037256396295,-80.06288385003303,South Carolina,SC00215
Boscobel Golf Club,,,,,,,http://www.golfaag.com/boscobel-country-club.asp,,,,,,,,,,,,,,,,,,,,,,,,,951312.2009914499,34.61384666073968,-82.77558243269553,South Carolina,SC00231
Glen Dornoch Waterway Golf Links,Little River,4840,29566,,Glen Dornoch Way,+1 843 249 2541,https://www.glensgolfgroup.com/myrtle-beach-golf-courses/glen-dornoch/,,,,,,,,,,,,,,,,,,,,,,,,,947588.705936319,33.876485861033935,-78.6010520795942,South Carolina,SC00271
Spring Lake Country Club,York,1375,29745,SC,Springlake Road,,https://www.springlakegolfcourse.com/,,,,,,,,,,,18_hole,,,,,,,,,,,,,,947219.1105669768,35.01942417217427,-81.264306236706,South Carolina,SC00295
Broomsedge Golf Club,Rembert,5360,29128,SC,Red Hill Road,,https://www.broomsedgegolf.com/,,,,,,,,,,,,,,2024-10-22,,,,,,,,,,,945044.110960704,34.17926668692986,-80.42579821884328,South Carolina,SC00325
The River Golf Club,North Augusta,307,29841,,Riverside Boulevard,+1-803-202-0110,https://www.rivergolfclub.com/,,,,,,,,,,,,,,,,,,,,,,,,,945030.163754257,33.483614323110544,-81.96230256425552,South Carolina,SC00216
TPC of Myrtle Beach,Murrells Inlet,1100,29576,,TPC Boulevard,866-592-4427,http://www.tpcgolfmyrtlebeach.com/,,,,,,,,,,,,,,,,,,,,,,,,,942683.5781015648,33.57882703394959,-79.06458366908043,South Carolina,SC00241
Cherokee National Golf & Recreation Club,Gaffney,442,29341,,Cherokee National Highway,+1 864 489 9417,http://www.cherokeenationalgolfclub.com/,,,,,,,,,,,,,,,,,,,,,,,,,930577.0010848241,35.12614667104024,-81.70111683452886,South Carolina,SC00272
Unknown Golf Course,,,,,,,,,,,,,,,,,,,,,,,,,,,,multipolygon,,,,921608.1776501924,33.42004184537992,-79.14802301224245,South Carolina,SC00187
Hilton Head National Golf Club,Bluffton,60,29910,SC,Hilton Head National Drive,+1-843-842-5900,https://hiltonheadnational.com/,,,,,,,,,,,,,,,,,,,,,,,,,914442.2760731762,32.233634918194454,-80.83093221013553,South Carolina,SC00343
Willbrook Plantation,Pawleys Island,426,29585,,Tidewater Circle,877-283-2122,https://willbrookgolf.com/,,,,,,,,,,,,,,,,,,,,,multipolygon,,,,903949.7429407126,33.490021972043216,-79.12574815878625,South Carolina,SC00077
The Club at Brookstone,,,,,,,https://www.theclubatbrookstone.com/,,,,,,,,,,,,,,,,,,,,,multipolygon,,,,898926.7388764563,34.62408285822478,-82.62448727740984,South Carolina,SC00158
The Links at Stono Ferry,Hollywood,4812,29449,SC,Stono Links Drive,+1-843-763-1817,https://stonoferrygolf.com/,,,,,,,,,,,,,,,,,,,,,,,,,898489.9350540456,32.75650781329335,-80.1612266331612,South Carolina,SC00329
Old South Golf Links,Bluffton,50,29910,SC,Buckingham Plantation Drive,+1-843-837-7155,https://www.oldsouthgolf.com/,,,,,,,,,,,,,,,,,,,,,,,,,896323.9846859663,32.231474165791134,-80.81735451644732,South Carolina,SC00342
Debordieu Club,Georgetown,908,29440,,Bonny Neck Drive,843-527-6000,https://www.debordieuclub.com/,,,,,,,,,,,,,,,,,,,,,multipolygon,,,,891097.5880087281,33.37727800222475,-79.16881414226602,South Carolina,SC00083
Furman University Golf Course,,,,,,,,,,,,,,,,,,,,,,,,,,,,multipolygon,,,,888083.8384578044,34.92870010976923,-82.44758289318281,South Carolina,SC00066
Orangeburg Country Club,Orangeburg,2745,29118,,Griffith Drive,+1 803 534 5988,https://www.orangeburgcc.com/,,,,,,,,,,,,,,,,,,,,,,,,,881215.1124238084,33.51110529249539,-80.9039448439997,South Carolina,SC00268
Country Club of Lexington,,,,,,,,,,,,,,,,,,,,,,,,,,,,,,,,880902.2671648433,33.94553173512769,-81.29143432044596,South Carolina,SC00282
Riverside Golf Course,,,,,,,https://www.gccsc.com/,,,,,Greenville Country Club,,,,,,18_hole,,71,,,,,,,,,,,,876910.0598398808,34.816714954271276,-82.37418164771222,South Carolina,SC00197
Riverside Golf Course,,,,,,,https://www.gccsc.com/,,,,,Greenville Country Club,,,,,,18_hole,,71,,,,,,,,,,,,876910.0598398808,34.816714954271276,-82.37418164771222,South Carolina,SC00196
The Country Club of Spartanburg,,,,,,,https://sbrg.org/,,,,,,,,,,,,,,,,,,,,,,,,,875898.7109059395,34.94202003073567,-81.86847880794777,South Carolina,SC00234
Beech Creek Golf Club,,,,,,,,,,,,,,,,,,,,,,,,,,,,,,,,874533.3171480291,33.96971314430799,-80.53302876653343,South Carolina,SC00324
Carolina Lakes,Sumter,400,29152,SC,Stuart Street,+1 803 895 1399,,,,,,,,,,,,,,,,,,,,private,,multipolygon,,,,874022.81500415,33.98143346065131,-80.47916472517424,South Carolina,SC00149
Midland Valley Golf Club,Graniteville,151,29829,,Midland Drive,803-663-7332,https://playmidlandvalley.com/,,,,,,,,,,,,,,,,,,,,,multipolygon,,,,873733.4865462983,33.55060211265103,-81.83165431867522,South Carolina,SC00054
Arcadian Shores Golf Club,,,,,,,,,,,,,,,,,,,,,,,,,,,,,,,,860005.4470227781,33.77795200933376,-78.77881643118658,South Carolina,SC00275
Unknown Golf Course,,,,,,,,,,,,,,,,,,,,,,,,,,,,multipolygon,,,,859837.4420908098,33.314991180595754,-81.02284352981602,South Carolina,SC00104
Yeaman's Hall Club Golf Course,,,,,,,,,,,,Yeaman's Hall Club,,,,,Q104858885,,,,,,,,,,,,,,,859542.3521037155,32.92639555448833,-79.97674031934503,South Carolina,SC00264
Heritage Club,Pawleys Island,378,29585,,Heritage Drive,843-237-3424,https://www.legendsgolf.com/heritageclub.cfm,,,,,,,,,,,,,,,,,,,,,multipolygon,,,,857545.1304356166,33.442677233837514,-79.16228350941124,South Carolina,SC00081
Prestwick Country Club,Surfside Beach,1001,29575,SC,Links Road,+1-843-293-4100,http://www.prestwickcountryclub.com/,,,,,,,,,,,,,,,,,,,,,multipolygon,,,,855066.8483722395,33.64165589531643,-78.95924723757092,South Carolina,SC00051
Bloody Point,,,,,,,,,,,,,,,,,,,,,,,,,,,,,,,,851483.2580294624,32.09136595489071,-80.87278064851371,South Carolina,SC00218
Palmetto Hall - Arthur Hills Golf Course,Hilton Head Island,,,SC,,,https://hiltonheadgolf.net/clubs/palmetto-hall,,,,,,,,,,,,,,,,,,,,,multipolygon,,,,850165.1533708723,32.2326728737934,-80.70126882663065,South Carolina,SC00102
Olde Beaufort Golf Club,Beaufort,139,29907,SC,Rd S-7-578,,https://oldebeaufortgolfclub.com/,,,,,,,,,,,,,,,,,,,,,multipolygon,,,,847564.1747653168,32.466973558193935,-80.6369979749714,South Carolina,SC00175
Houndslake Country Club,Aiken,901,29803,SC,Houndslake Drive,+1-803-648-6805,https://houndslakecc.com/,,,,,,,,,,,,,,,,,,,,,multipolygon,,,,837998.137140569,33.52334110676687,-81.74230371207894,South Carolina,SC00053
Tara Golf Club,,,,,,,https://www.savannahlakes.com/,,,,,,,,,,,,,,,,,,,,,multipolygon,,,,825524.913800097,33.89188687334355,-82.39221642826871,South Carolina,SC00151
Thornblade,Greer,1275,29650,SC,Thornblade Boulevard,+1-864-234-5100,https://www.thornbladeclub.com/,,,,,,,,,,,,,,,,,,,,,multipolygon,,,,820595.5204178697,34.86912734053703,-82.26541933919798,South Carolina,SC00087
Unknown Golf Course,,,,,,,,,,,,,,,,,,,,,,,,,,,,multipolygon,,,,818373.1170272529,34.942251244035646,-82.89518707592335,South Carolina,SC00181
Mountain Park Golf,,,,,,,https://cliffsliving.com/mountain-park-golf,,,,,,,,,,,,,,,,,,,,,,,,,818191.9133579286,35.09215626757757,-82.46373074659043,South Carolina,SC00265
Swamp Fox Golf Club,Kingstree,193,29056,,Golf Road,+1 843 382 3436,http://www.swampfoxgolfclub.com/,,,,,,,,,,,,,,,,,,,,,,,,,817939.4751737763,33.66976658459517,-79.90133835058388,South Carolina,SC00270
Springfield Golf Club,Fort Mill,639,29715,,Hambly House Lane,803-548-3318,https://www.playspringfield.com/,,,,,,,,,,,,,,,,,,,,,multipolygon,,,,817389.3543813148,35.03958376377779,-80.90751211435699,South Carolina,SC00086
Palmetto Golf Club,Aiken,275,29801,,Berrie Road Southwest,803-649-2951,https://www.palmettogolfclub.net/,,,,,,,,,,,,,,,,,,,,,multipolygon,,,,817296.0034796352,33.540572059195746,-81.72707585812886,South Carolina,SC00128
Palmetto Golf Club,Aiken,275,29801,,Berrie Road Southwest,803-649-2951,https://www.palmettogolfclub.net/,,,,,,,,,,,,,,,,,,,,,multipolygon,,,,817296.0034796352,33.540572059195746,-81.72707585812886,South Carolina,SC00129
Secession Golf Club,Beaufort,100,29907,,Islands Crossway,843-522-4600,http://www.secessiongolf.com/,,,,,,,,,,,,,,,,,,,,,multipolygon,,,,814445.3958208811,32.394255388588846,-80.65443546142785,South Carolina,SC00047
Patriot Point Links on Charleston Harbor,Mount Pleasant,1,29464,,Patriots Point Road,+1-843-881-0042,https://www.patriotspointlinks.com/,,,,,,,,,,,,,,,,,,,,,,,,,812367.1570967172,32.791443048379726,-79.89655357757931,South Carolina,SC00193
Golf at Glassy,,,,,,,https://cliffsliving.com/golf-course/glassy-golf/,,,,,,,,,,,,,,,,,,,,,multipolygon,,,,812120.929454121,35.14523824410668,-82.33183561933086,South Carolina,SC00182
Pine Lakes Golf Club,,,,,,,,,,,,,,,,,,,,,,,,,,,,,,,,812047.8025331473,33.733555456508306,-78.84477466511339,South Carolina,SC00191
Unknown Golf Course,,,,,,,,,,,,,,,,,,,,,,,,,,,,multipolygon,,,,808065.5327508918,32.196465689600984,-80.75007482788311,South Carolina,SC00138
Golden Bear Golf Club at Indigo Run,,,,,,,,,,,,,,,,,,,,,,,,,,,,multipolygon,,,,805234.1248815985,32.20411820266374,-80.73475895994531,South Carolina,SC00114
Three Pines Country Club,,,,,,,,,,,,,,,,,,,,,,,,,,,,,,,,804185.238462828,34.777672172754095,-82.01169410955066,South Carolina,SC00335
Quixote Club,Sumter,875,29154,SC,Pinewood Road,,,,,,,,,,,,,,,,,,,,,,,,,,,801516.6713477584,33.89851314770668,-80.37595881892855,South Carolina,SC00312
Crowfield Golf Club,Goose Creek,300,29445,,Hamlet Circle,843-764-4618,http://sc-goosecreek.civicplus.com/408/Crowfield-Golf-Club,,,,,,,,,,,,,,,,,,,,,multipolygon,,,,799823.3395681639,33.00475720022497,-80.0782411722533,South Carolina,SC00046
Spring Valley Country Club,Columbia,300,29223,,Spring Valley Road,803-788-3080,https://www.springvalleycc.com/,,,,,,,,,,,,,,,,,,,,,,,,,799669.0656591939,34.108630019293116,-80.9115873767557,South Carolina,SC00249
Surf Golf & Beach Club,,,,,,,,,,,,,,,,,,,,,,,,,,,,multipolygon,,,,798747.1940186196,33.83219454385798,-78.65545396738584,South Carolina,SC00183
Northwoods Golf Club,Columbia,201,29203,,Powell Road,803-786-9242,https://northwoodsgolfsc.com/,,,,,,,,,,,,,,,,,,,,,,,,,797710.3846759337,34.10367268065442,-80.97054138416436,South Carolina,SC00254
WildeWood,,,,,,,,,,,,,,,,,,,,,,,,,,,,multipolygon,,,,792024.2263337413,34.10050355905613,-80.87340711414328,South Carolina,SC00092
Green Valley Country Club,,,,,,,https://greenvalley.cc/,,,,,,,,,,,,,,,,,,,,,multipolygon,,,,786940.9731802717,34.94898681839635,-82.46233909358541,South Carolina,SC00117
Country Club of Charleston,,,,,,,,,,,,,,,,,,,,,,,,,,,,,,,,782977.4257103918,32.7623330028544,-79.96569974396382,South Carolina,SC00230
Wyboo Golf Club,Manning,2565,29102,SC,Players Course Drive,,https://www.wyboogolfclub.com,,,,,,,,,,,,,,,,,,,,,multipolygon,,,,780613.4339144526,33.590952986137246,-80.22310309139064,South Carolina,SC00184
Crystal Lake Golf Course,,,,,,,,,,,,,,,,,,,,,,,,,,,,,,,,778705.4767728465,33.958187349346304,-80.35266520569829,South Carolina,SC00311
Eagle Nest Golf Club,Little River,3820,29566,SC,Fairway Dr,,,,,,,,,,,,,,,,,,,,,,,,,,,777419.6555778823,33.88008068472092,-78.65144316653998,South Carolina,SC00263
Palmetto Hills Golf Club,Spartanburg,5451,29302,SC,South Pine Street,,https://www.palmettohillsgolfclub.com/,,,,,,,,,,,,,,,,,,,,,,,,,776447.877422932,34.917933740768405,-81.8056207340623,South Carolina,SC00334
Willow Creek Golf Club,,,,,,,https://www.willow-creekgolf.com/,,,,,,,,,,,,,,,,,,,,,multipolygon,,,,774753.5923580262,34.81189773355719,-82.14619974555744,South Carolina,SC00116
The Carolina Country Club,,,,,,,https://thecarolinacountryclub.com/,,,,,,,,,,,,,,,,,,,,,multipolygon,,,,774106.8814407536,34.87926431891227,-81.90977995068863,South Carolina,SC00095
The River Club,Pawleys Island,11,29585,,Pine Circle,877-283-2122,https://www.playriverclub.com/,,,,,,,,,,,,,,,,,,,,,multipolygon,,,,772279.1115194161,33.471837616948974,-79.1292448802729,South Carolina,SC00079
Greer Golf,,,,,,+1-864-877-9279,https://www.greergolf.com/,,,,,City of Greer,,,,,,,,,,,,,,yes,,multipolygon,,yes,Greer Country Club,768942.2153508497,34.97503076432479,-82.21730378299183,South Carolina,SC00165
Sedgewood Country Club,,,,,,,,,,,,,,,,,,,,,,,,,,,,,,,,765687.4848504072,33.956189305438656,-80.84859565826795,South Carolina,SC00300
Palmetto Hall - Robert Cupp Golf Course,Hilton Head Island,,,SC,,,https://hiltonheadgolf.net/clubs/palmetto-hall,,,,,,,,,,,,,,,,,,,,,multipolygon,,,,765457.2398160268,32.23420412167884,-80.70938691619827,South Carolina,SC00103
Unknown Golf Course,,,,,,,,,,,,,,,,,,,,,,,,,,,,multipolygon,,,,765433.3609529483,34.94982257366225,-80.94552324821605,South Carolina,SC00039
Holly Tree Country Club,,,,,,,https://www.hollytreecountryclub.com/,,,,,,,,,,,,,,,,,,,,,multipolygon,,,,762812.1120070234,34.786114090441274,-82.25931381225672,South Carolina,SC00065
Hillcrest Golf Club,Orangeburg,1280,29118,,State A & M Road,+1 803 533 6030,https://hillcrestgolfsc.com/,,,,,,,,,,,,,,,,,,,,,,,,,755606.8358562707,33.524854574282166,-80.84782850252087,South Carolina,SC00267
Wachesaw Plantation East,Myrtle Beach,911,29576,,Riverwood Drive,888-922-0027,https://www.wachesaweast.com/,,,,,,,,,,,,,,,,,,,,,multipolygon,,,,754899.5807406497,33.559996201128136,-79.05654618165772,South Carolina,SC00068
International Club of Myrtle Beach,Murrells Inlet,1560,29576,,International Club Boulevard,+1-843-651-9995,http://www.internationalclubgolf.com/,,,,,,,,,,,,,,,,,,,,,multipolygon,,,,754587.3603928292,33.60046555286624,-79.04129193942913,South Carolina,SC00075
The Woodlands Golf & Country Club,Columbia,100,29229,SC,Norse Way,+1-803-788-7771,https://www.woodlandscc.com,,,,,,,,,,,,,,,,,,,,,multipolygon,US,,,754397.8121910483,34.11114114491754,-80.86532404382253,South Carolina,SC00091
The Windermere Club,Blythewood,1101,29016,,Longtown Road East,803-786-7888,https://www.windermereclubsc.com/,,,,,,,,,,,,,,,,,,,,,multipolygon,,,,751451.8319862208,34.17576454098028,-80.91994429662785,South Carolina,SC00089
Blackmoor Golf Club,Murrells Inlet,6100,29576,,Longwood Drive,866-952-5555,https://blackmoor.com/,,,,,,,,,,,,,,,,,,,,,multipolygon,,,,749032.8917902801,33.6044963890021,-79.07182133314774,South Carolina,SC00071
Blackmoor Golf Club,Murrells Inlet,6100,29576,,Longwood Drive,866-952-5555,https://blackmoor.com/,,,,,,,,,,,,,,,,,,,,,multipolygon,,,,749032.8917902801,33.6044963890021,-79.07182133314774,South Carolina,SC00072
Unknown Golf Course,,,,,,,,,,,,,,,,,,,,,,,,,,,,multipolygon,,,,745963.7991283311,32.8395202301667,-79.83091486758381,South Carolina,SC00166
Rolling S Golf Club,Waterloo,520,29384,,Harris Springs Road,+1 864 677 4566,http://www.rollingsgolfclub.us/,,,,,,,,,,,,,,,,,,,,,,,,,741442.9017038511,34.33812809973022,-82.05089145950551,South Carolina,SC00299
Country Club of Hilton Head,,,,,,,,,,,,,,,,,,,,,,,,,,,,multipolygon,,,,741314.2238753091,32.24653558726372,-80.73731634375756,South Carolina,SC00176
Unknown Golf Course,,,,,,,,,,,,,,,,,,,,,,,,,,,,,,,,739438.9978998138,34.6840408377113,-80.78517530276602,South Carolina,SC00321
Cliffs Valley Golf Course,,,,,,,,,,,,,,,,,,,,,,,,,,,,,,,,735690.3784911621,35.13196032401138,-82.45699689561157,South Carolina,SC00262
Unknown Golf Course,,,,,,,,,,,,,,,,,,,,,,,,,,,,multipolygon,,,,733722.5321435049,33.888322165948004,-82.42292907420631,South Carolina,SC00171
Links O'Tryon,,,,,,,,,,,,,,,,,,,,,,,,,,,,multipolygon,,,,731920.3727399029,35.108947593106826,-82.21567770335396,South Carolina,SC00157
Village Greens Golf Club,,,,,,,https://www.villagegreens.net/,,,,,,,,,,,,,,,,,,,,,,,,,724336.7053990419,35.05958213311774,-82.1297370681217,South Carolina,SC00307
Wachesaw Plantation Club,Murrells Inlet,1930,29576,,Governors Landing Road,843-357-1263,https://www.wachesaw.com/,,,,,,,,,,,,,,,,,,,,,multipolygon,,,,724296.8441315349,33.55713060852276,-79.07558059693488,South Carolina,SC00069
Wachesaw Plantation Club,Murrells Inlet,1930,29576,,Governors Landing Road,843-357-1263,https://www.wachesaw.com/,,,,,,,,,,,,,,,,,,,,,multipolygon,,,,724296.8441315349,33.55713060852276,-79.07558059693488,South Carolina,SC00070
Indigo Creek Golf Club,Murrells Inlet,9480,29576,,Indigo Club Drive,+1-843-650-1809,https://www.indigocreekgolfclub.com/,,,,,,,,,,,,,,,,,,,,,multipolygon,,,,720864.9033456376,33.60607860476836,-79.02872397504555,South Carolina,SC00073
Indigo Creek Golf Club,Murrells Inlet,9480,29576,,Indigo Club Drive,+1-843-650-1809,https://www.indigocreekgolfclub.com/,,,,,,,,,,,,,,,,,,,,,multipolygon,,,,720864.9033456376,33.60607860476836,-79.02872397504555,South Carolina,SC00074
Coosaw Creek Country Club,North Charleston,4110,29420,,Club Course Drive,+1 843 767 9000,https://www.coosawcreek.com/,,,,,,,,,,,,,,,,,,,,,multipolygon,,,,718689.7484768257,32.936554570005924,-80.10761274215842,South Carolina,SC00106
Palmetto Dunes - Robert Trent Jones Golf Course,Hilton Head,7,29928,SC,Trent Jones Lane,+1-888-909-9566,https://www.palmettodunes.com/golf/robert-trent-jones-course,,,,,,,,,,,,,,,,,,,,,multipolygon,,,,717361.3857612126,32.18222786499855,-80.71336710812373,South Carolina,SC00137
Woodfin Ridge Golf Club,,,,,,,https://www.woodfinridge.com/,,,,,,,,,,,,,,,,,,,,,,,,,715842.1548694659,35.0994261933282,-82.0147994880878,South Carolina,SC00277
Unknown Golf Course,,,,,,,,,,,,,,,,,,,,,,,,,,,,,,,,714209.9401955995,33.4876550354318,-80.49172453655467,South Carolina,SC00302
The Club at Pine Forest,Summerville,1000,29483,SC,Congressional Boulevard,,http://www.pineforestcountryclub.com/,,,,,,,,,,,,,,,,,,,,,,,,,711536.2494364718,33.034773592744635,-80.22666252087565,South Carolina,SC00305
Fort Mill Golf Club,Fort Mill,101,29715,,Country Club Drive,+1-803-547-2044,https://www.playfortmill.com/,,,,,,,,,,,18_hole,,,,,,,,,,,,,,706426.4155265461,34.997723167593755,-80.93519929974273,South Carolina,SC00244
Wedgefield Plantation,Georgetown,129,29440,,Clubhouse Lane,843-546-8587,http://wedgefieldplantation.com/,,,,,,,,,,,,,,,,,,,,,multipolygon,,,,706242.4244920113,33.426716572894115,-79.25637748083314,South Carolina,SC00084
Caledonia Golf & Fish Club,Pawleys Island,369,29585,,Caledonia Drive,843-237-3675,https://fishclub.com/caledonia/,,,,,,,,,,,,,,,,,,,,,,,,,705980.5441776491,33.45332226277,-79.15097955349137,South Carolina,SC00243
Chanticleer Golf Course,,,,,,,,,,,,,,,,,,,,,,,,,,,,multipolygon,,,,703819.1411452866,34.807150147848446,-82.4016130422074,South Carolina,SC00156
Dolphin Head Golf Club,Hilton Head Island,56,29928,SC,High Bluff Rd,+1-843-681-5550,https://dolphinheadgc.com/,,,,,,,,,,,,,,,,,,,,,multipolygon,,,,696806.176759124,32.25619240477428,-80.71996245163737,South Carolina,SC00147
Pickens Golf Club,,,,,,,,,,,,,,,,,,,,,,,,,,,,multipolygon,,,,696586.1120540109,34.84578787688588,-82.68196454380842,South Carolina,SC00172
Ocean Creek Golf Course,,,,,,+18438381576,http://frippislandresort.com/golf,,,,,,,,,,,,,,,,,,,,,multipolygon,,,,692857.9682568471,32.31457624513467,-80.49422260304311,South Carolina,SC00160
Unknown Golf Course,,,,,,,,,,,,,,,,,,,,,,,,,,,,,,,,688696.9298449486,34.158663227450326,-82.04848832247937,South Carolina,SC00232
Bear Creek Golf Club,Hilton Head Island,237,29926,SC,Whooping Crane Way,+1-843-681-9510,https://www.bearcreekhhi.com/,,,,,,,,,,,,,,,,,,,,,multipolygon,,,,688654.3133876566,32.227365001337674,-80.72831899911714,South Carolina,SC00140
Cobbs Glen Country Club,,,,,,,https://www.cobbsglen.com/,,,,,,,,,,,,,,,,,,,,,multipolygon,,,,683201.0069253074,34.542130470673676,-82.59771971543464,South Carolina,SC00112
Unknown Golf Course,,,,,,,,,,,,,,,,,,,,,,,,,,,,,,,,680164.439516272,34.46089186640616,-82.58239201468065,South Carolina,SC00236
Unknown Golf Course,,,,,,,,,,,,,,,,,,,,,,,,,,,,,,,,678018.5762961073,33.15213872783177,-80.01578952145813,South Carolina,SC00306
Fox Run Country Club,,,,,,,https://foxrunccsc.com/,,,,,,,,,,,,,,,,,,,,,multipolygon,,,,677305.4354220714,34.73946495831667,-82.20698025739136,South Carolina,SC00188
White Plains Country Club,,,,,,,,,,,,,,,,,,,,,,,,,,,,,,,,675788.4337575187,34.72742274263251,-80.41079514171042,South Carolina,SC00339
Firethorne Country Club,Marvin,1108,28173,,Firethorne Club Drive,+1-704-243-2433,https://www.clubcorp.com/Clubs/Firethorne-Country-Club/,,,,,,,,,,,,,,,,,,,,,multipolygon,,,,673318.3294348146,35.00266508421058,-80.83181074617751,South Carolina,SC00085
Unknown Golf Course,,,,,,,,,,,,,,,,,,,,,,,,,,,,,,,,672071.5346958535,34.0075072137078,-78.751412844199,South Carolina,SC00350
Unknown Golf Course,,,,,,,,,,,,,,,,,,,,,,,,,,,,,,,,672071.5346958535,34.0075072137078,-78.751412844199,South Carolina,SC00351
Hartsville Country Club,Hartsville,116,29550,,Golf Course Road,+1 843 332 1441,https://hartsvillecountryclub.com/,,,,,,,,,,,,,,,,,,,,,multipolygon,,,,671601.8890106969,34.389039483415516,-80.0878669328427,South Carolina,SC00096
Oakdale Golf Course,,,,,,,,,,,,,,,,,,,,,,,,,,,,multipolygon,,,,669896.6739270731,34.17411467644524,-79.87650772839254,South Carolina,SC00042
Forest Lake Club,Columbia,340,29206,,Country Club Drive,803-787-2177,https://www.forestlakeclub.com/,,,,,,,,,,,,,,,,,,,,,,,,,669670.8179637003,34.03010550079461,-80.96126243814942,South Carolina,SC00246
Forest Lake Club,Columbia,340,29206,,Country Club Drive,803-787-2177,https://www.forestlakeclub.com/,,,,,,,,,,,,,,,,,,,,,,,,,669670.8179637003,34.03010550079461,-80.96126243814942,South Carolina,SC00247
Rivertown Golf Club,,,,,,,,,,,,,,,,,,,,,,,,,,,,,,,,657303.0631217164,32.87879914041761,-79.82145473849957,South Carolina,SC00213
Litchfield Country Club,Pawleys Island,619,29585,,Country Club Drive,877-283-2122,https://litchfieldgolf.com/,,,,,,,,,,,,,,,,,,,,,multipolygon,,,,654331.896074681,33.47539443183644,-79.11799731951287,South Carolina,SC00078
Founders Club at Pawleys Island,Pawleys Island,7829,29585,,Ocean Highway,843-237-2299,https://foundersclubpawleysisland.com/,,,,,,,,,,,,,,,,,,,,,multipolygon,,,,653228.3168152083,33.427763453006925,-79.16795129955439,South Carolina,SC00082
River Hills Country Club,Lake Wylie,1,29710,SC,Country Club Drive,,https://www.riverhillscc.org/,,,,,,,,,,,18_hole,,,,,,,,,,multipolygon,,,,650960.9212239871,35.107352112338084,-81.05968661227924,South Carolina,SC00121
Port Royal Robber's Row Golf Course,,,,,,,,,,,,,,,,,,,,,,,,,,,,multipolygon,,,,649228.2761725847,32.22307562453561,-80.6815227709887,South Carolina,SC00144
Port Royal Robber's Row Golf Course,,,,,,,,,,,,,,,,,,,,,,,,,,,,multipolygon,,,,649228.2761725847,32.22307562453561,-80.6815227709887,South Carolina,SC00145
Unknown Golf Course,,,,,,,,,,,,,,,,,,,,,,,,,,,,multipolygon,,,,646256.7964412917,34.92166638153469,-82.34709410916915,South Carolina,SC00064
Long Cove Club,Hilton Head Island,,,SC,,,https://longcoveclub.com/,,,,,,,,,,,,,,,,,,,,,multipolygon,,,,642874.7973477789,32.17186919533903,-80.74586074063694,South Carolina,SC00177
Beaver Creek Golf Club,,,,,,,,,,,,,,,,,,,,,,,,,,,,,,,,638013.1060594439,34.25857435389429,-79.80263525609617,South Carolina,SC00256
Pine Creek Golf Course (formerly White Pines),Camden,614,29020,,Mary Lane,+1-803-432-7442,https://www.pinecreekgolfcourse.com,,,,,,,,,,,,,,,,,,,,,,,,,636979.9584709822,34.27146286152813,-80.5290055607746,South Carolina,SC00252
Southern Oaks,,,,,,,https://southernoaks-golf.com/,,,,,,,,,,,,,,,,,,,,,multipolygon,,,,636749.8891848186,34.73940620373687,-82.53712147488292,South Carolina,SC00038
Smithfields Country Club,,,,,,,http://www.smithfields.cc,,,,,,,,,,,,,,,,,,,,,multipolygon,,,,634263.5350549087,34.80414001256986,-82.55767117123347,South Carolina,SC00099
Charleston Municipal Golf Course,Charleston,2110,29412,,Maybank Highway,843-795-6517,http://sc-charleston.civicplus.com/index.aspx?nid=644,,,,,,,,,,,,,,,,,,,,,,,,,633315.6998232004,32.754839570384796,-79.99551820015203,South Carolina,SC00239
Saluda Valley Golf Course,,,,,,,,,,,,,,,,,,,,,,,,,,,,,,,,626067.5857522471,34.62447533887651,-82.51436356493213,South Carolina,SC00274
Darlington Country Club,Darlington,125,29532,,Country Club Road,+1 843 393 0236,https://www.darlingtoncountryclub.com/,,,,,,,,,,,,,,,,,,,,,,,,,622622.919756861,34.304451871254614,-79.8426200219735,South Carolina,SC00257
Rolling Green Golf Course,,,,,,,,,,,,,,,,,,,,,,,,,,,,multipolygon,,,,616798.4751719692,34.91590465744245,-82.5866383862061,South Carolina,SC00155
Camden Country Club,Camden,111,29020,,Knights Hill Road,+1-803-432-3322,https://www.camdencountryclub.com/,,,,,,,,,,,,,,,,,,,,,,,,,614963.1543069736,34.26891500316229,-80.61560135665131,South Carolina,SC00251
The Preserve at Verdae Golf Club,,,,,,,https://www.thepreserveatverdae.com/,,,,,,,,,,,,,,,,,,,,,multipolygon,,,,612113.6260711312,34.821576945619704,-82.32517958617778,South Carolina,SC00094
The Preserve at Verdae Golf Club,,,,,,,https://www.thepreserveatverdae.com/,,,,,,,,,,,,,,,,,,,,,multipolygon,,,,612113.6260711312,34.821576945619704,-82.32517958617778,South Carolina,SC00093
Wexford Golf Club,,,,,,,,,,,,,,,,,,,,,,,,,,,,multipolygon,,,,611067.0678342296,32.16874149650403,-80.75956215896504,South Carolina,SC00148
Palmetto Dunes - George Fazio Golf Course,Hilton Head,7,29928,SC,Carnoustie Road,+1-888-909-9566,https://www.palmettodunes.com/golf/george-fazio-course,,,,,,,,,,,,,,,,,,,,,multipolygon,,,,606616.9176004413,32.16957308038487,-80.72711120476973,South Carolina,SC00135
Oyster Reef Golf Club,Hilton Head Island,155,29928,SC,High Bluff Road,,,,,,,,,,,,,,,,,,,,,,,multipolygon,,,,605267.0961329172,32.24537349138721,-80.71385892413191,South Carolina,SC00146
The Club at Pine Forest,,,,,,,,,,,,,,,,,,,,,,,,,,,,multipolygon,,,,602981.9740969329,33.035326527836816,-80.22622299597822,South Carolina,SC00124
Country Club of Newberry,,,,,,,https://www.ccofnewberry.net/,,,,,,,,,,,,,,,,,,,,,,,,,599252.6647435707,34.30522830556523,-81.6530399768481,South Carolina,SC00280
Cedar Creek Golf Club,,,,,,,https://www.cedarcreek.net/golf.htm,,,,,,,,,,,,,,,,,,,,,multipolygon,,,,585341.8016287473,33.44959928067626,-81.65026144332485,South Carolina,SC00060
Lakeview Golf Club,,,,,,,,,,,,,,,,,,,,,,,,,,,,,,,,583177.0134472268,34.7313089149385,-82.42923690390872,South Carolina,SC00195
Cherokee Valley Golf Club,,,,,,,http://cherokeevalleygolfclub.com/,,,,,,,,,,,,,,,,,,,,,multipolygon,,,,583165.5145754156,35.075185833936395,-82.3830589738342,South Carolina,SC00101
Palmetto Dunes - Arthur Hills Golf Course,Hilton Head,2,29928,SC,Leamington Lane,+1-888-909-9566,https://www.palmettodunes.com/golf/arthur-hills-course,,,,,,,,,,,,,,,,,,,,,multipolygon,,,,582973.9263922492,32.16386432307567,-80.73406450923318,South Carolina,SC00136
Moss Creek South Course,,,,,,,,,,,,,,,,,,,,,,,,,,,,multipolygon,,,,577862.2612839353,32.25060623133572,-80.8124908108615,South Carolina,SC00168
Hampton Country Club,,,,,,,,,,,,,,,,,,,,,,,,,,,,,,,,566893.8506362941,32.88713976048942,-81.10163453949261,South Carolina,SC00336
Links At Lakewood,,,,,,,,,,,,,,,,,,,,,,,,,,,,multipolygon,,,,566816.1620262248,33.83451584128879,-80.36322821527634,South Carolina,SC00167
Florence Country Club,Florence,450,29501,SC,Country Club Boulevard,,,,,,,,,,,,,,,,,,,,,,,,,,,565580.0775044233,34.17996125407236,-79.79867183746539,South Carolina,SC00316
Marlboro Country Club,Bennettsville,404,29512,,Country Club Drive,+1 843 479 7741,http://www.marlborocc.com/,,,,,,,,,,,,,,,,,,,,,,,,,565214.8261715213,34.628771062601665,-79.6862309905867,South Carolina,SC00259
Moree's Cheraw Country Club,,,,,,,,,,,,,,,https://www.facebook.com/cherawgolf/,,,,,,,,,,,,,multipolygon,,,,565058.3570580625,34.65366526518548,-79.89278975289392,South Carolina,SC00173
Love Course,,,,,,,,,,,,,,,,,,,,,,,,,,,,multipolygon,,,,563566.4639707726,33.807883205850835,-78.76468875478763,South Carolina,SC00153
Redbank Plantation Golf Course,,,,,,+1 843 794 7802,https://www.jbcharleston.com/redbank-plantation,,,,,,,,,,,,,,,,,,,,,,,,,560276.8962382504,32.95091402143757,-79.93483311397416,South Carolina,SC00192
Port Royal Barony Golf Course,Hilton Head Island,10,29928,SC,Clubhouse Drive,,,,,,,,,,,,,,,,,,,,,,,multipolygon,,,,553559.5869687567,32.21320896419308,-80.68438853555784,South Carolina,SC00142
Port Royal Barony Golf Course,Hilton Head Island,10,29928,SC,Clubhouse Drive,,,,,,,,,,,,,,,,,,,,,,,multipolygon,,,,553559.5869687567,32.21320896419308,-80.68438853555784,South Carolina,SC00141
Kershaw Golf Course,,,,,,,,,,,,,,,,,,,,,,,,,,,,,,,,550814.8979919923,34.53164669746338,-80.5938939766998,South Carolina,SC00326
The Rock Golf Course And Resort,,,,,,,https://therockgolfclub.com/,,,,,,,,,,,,,,,,,,,,,multipolygon,,,,550731.3607233053,34.99768146037322,-82.75862676860129,South Carolina,SC00132
Lakeside Country Club,,,,,,,https://www.thelakesidecc.com/,,,,,,,,,,,,,,,,,,,,,multipolygon,,,,540708.5971570847,34.48957893739491,-81.95093098167791,South Carolina,SC00125
Legend Oaks Golf Club,,,,,,,https://legendoaksgolf.com/,,,,,,,,,,,,,,,,,,,,,multipolygon,,,,537883.7596349879,32.94466457953681,-80.23441999689746,South Carolina,SC00189
The Plantation Course at Edisto Beach,Edisto Beach,19,29438,SC,Fairway Drive,+1-843-869-1111,https://www.theplantationcourseatedisto.com/,,,,,,,,,,,,,,,,,,,,,multipolygon,,,,530429.7591288695,32.48814081532896,-80.33422737079137,South Carolina,SC00048
Sea Pines Country Club,Hilton Head Island,30,29928,SC,Governors Road,+1-843-671-2345,https://www.seapinescountryclub.com,,,,,,,,,,,,,,,,,,,,,multipolygon,,,,527848.6502393944,32.156569535358315,-80.77728375894472,South Carolina,SC00098
Aiken Golf Club,Aiken,555,29801,,Highland Park Avenue,803-649-6029,http://www.aikengolfclub.com/,,,,,,,,,,,,,,,,,,,,,multipolygon,,,,525161.1638910435,33.56098879614963,-81.73841591539825,South Carolina,SC00059
Aiken Golf Club,Aiken,555,29801,,Highland Park Avenue,803-649-6029,http://www.aikengolfclub.com/,,,,,,,,,,,,,,,,,,,,,multipolygon,,,,525161.1638910435,33.56098879614963,-81.73841591539825,South Carolina,SC00058
Moss Creek North Course,,,,,,,,,,,,,,,,,,,,,,,,,,,,multipolygon,,,,520494.89998698625,32.26233275096323,-80.80995404577682,South Carolina,SC00169
Unknown Golf Course,,,,,,,,,,,,,,,,,,,,,,,,,,,,,,,,481720.40359730826,33.871176166352996,-79.78332828318763,South Carolina,SC00229
Summerville Country Club,Summerville,400,29483,,Country Club Boulevard,+1 843 873 2210,https://summervillecountryclub.com/,,,,,,,,,,,,,,,,,,,,,,,,,473228.2740260333,32.99705029153272,-80.20039485117634,South Carolina,SC00269
The Valley at Eastport Golf Club,Little River,4355,29566,,Eastport Boulevard,+1 843 427 4424,https://www.valleyateastport.com/,,,,,,,,,,,,,,,,,,,,,multipolygon,,,,467361.29033738584,33.865894214182575,-78.63028650625093,South Carolina,SC00109
Unknown Golf Course,,,,,,,,,,,,,,,,,,,,,,,,,,,,,,,,461572.1003857605,34.20661039461599,-81.97334827842764,South Carolina,SC00333
Paris Mountain Country Club,,,,,,,,,,,,,,,,,,,,,,,,,,,,multipolygon,,,,446823.8500001276,34.93214241833849,-82.4187360704604,South Carolina,SC00061
Hollow Creek,,,,,,,,,,,,The Reserve Club at Woodside Plantation,,,,,,,,,,,,,,,,multipolygon,,,,431404.4028192544,33.475386277090216,-81.74150654737271,South Carolina,SC00055
Unknown Golf Course,,,,,,,,,,,,,,,,,,,,,,,,,,,,,,,,430683.2446828063,34.174815655294466,-79.37230421871233,South Carolina,SC00258
Golden Hills Golf & Country Club,,,,,,,,,,,,,,,,,,,,,,,,,,,,multipolygon,,,,430534.01131807966,33.9943962264907,-81.20970010150366,South Carolina,SC00118
Unknown Golf Course,,,,,,,,,,,,,,,,,,,,,,,,,,,,,,,,423214.85251119005,34.09387499763112,-78.84993703984335,South Carolina,SC00198
Unknown Golf Course,,,,,,,,,,,,,,,,,,,,,,,,,,,,,,,,404726.80067047937,33.785683481343504,-79.01141380573742,South Carolina,SC00207
Cherry Hill Country Club,,,,,,,,,,,,,,,,,,,,,,,,,,,,,,,,360389.32396394876,33.43439463006116,-79.58885103012588,South Carolina,SC00337
Unknown Golf Course,,,,,,,,,,,,,,,,,,,,,,,,,,,,,,,,357407.5590517216,33.77552945314415,-78.99657689361092,South Carolina,SC00210
Ware Shoals Golf Course,Ware Shoals,98,29692,SC,South Greenwood Avenue,,,,,,,Johnny Magaha,,,,,,,,,,,,,,,,,,,,356728.5753910515,34.388427398770425,-82.23440522990106,South Carolina,SC00276
Wild Dunes - Links Course,,,,,,,,,,,,,,,,,,,,,,,,,,,,multipolygon,,,,355766.2250880418,32.81156499374846,-79.72686663015989,South Carolina,SC00131
Chesnee Country Club,,,,,,,,,,,,,,,,,,,,,,,,,,,,,,,,353293.45379213063,35.161971797936296,-81.85173357150755,South Carolina,SC00340
Williston Country Club Golf Course,Williston,15,29853,SC,Fairway Dr,,,,,,,Williston Country Club,,,,,,,,,,,,,,,,,,,,352011.6279368974,33.39135970456378,-81.41785720812338,South Carolina,SC00303
Unknown Golf Course,,,,,,,,,,,,,,,,,,,,,,,,,,,,,,,,334765.10417182883,34.6859202016422,-81.6286048588222,South Carolina,SC00348
Unknown Golf Course,,,,,,,,,,,,,,,,,,,,,,,,,,,,,,,,332496.42018317047,33.786978111094875,-78.96462672944352,South Carolina,SC00201
Rose Hill Golf Club,,,,,,,,,,,,,,,,,,,,,,,,,,,,multipolygon,,,,328367.3650535159,32.276248840526065,-80.882027532778,South Carolina,SC00170
Tupelo Bay,,,,,,,,,,,,,,,,,,,,,,,,,,,,,,,,317458.28579610836,33.60467651728988,-78.99624975157862,South Carolina,SC00237
Unknown Golf Course,,,,,,,,,,,,,,,,,,,,,,,,,,,,,,,,311179.7515135731,34.590966518240435,-79.5760558014856,South Carolina,SC00273
Spanish Wells Golf Club,,,,,,,,,,,,,,,,,,,,,,,,,,,,multipolygon,,,,299851.1147552001,32.18823665502917,-80.77723615886812,South Carolina,SC00139
Unknown Golf Course,,,,,,,,,,,,,,,,,,,,,,,,,,,,multipolygon,,,,297709.5591623771,34.93414140185909,-82.35754524529507,South Carolina,SC00062
Cane Patch Driving Range,,,,,,,,,,,,,,,,,,,,,,,,,,,,,,,,289696.1571622406,33.74506688850281,-78.82492589238247,South Carolina,SC00200
River Falls Plantation,,,,,,,,,,,,,,,,,,,,,,,,,,,yes,multipolygon,,,,286247.7104173387,34.88174429370791,-82.0797699126085,South Carolina,SC00159
Unknown Golf Course,,,,,,,,,,,,,,,,,,,,,,,,golf,,,,,,,,284601.2847934249,34.5082475719074,-81.60456693427342,South Carolina,SC00314
Unknown Golf Course,,,,,,,,,,,,,,,,,,,,,,,,,,,,multipolygon,,,,276004.0530155663,33.77029253875463,-79.00153955713796,South Carolina,SC00040
Unknown Golf Course,,,,,,,,,,,,,,,,,,,,,,,,,,,,,,,,274938.34998193866,34.0870685579077,-78.85073301367875,South Carolina,SC00261
Unknown Golf Course,,,,,,,,,,,,,,,,,,,,,,,,,,,,multipolygon,,,,254833.08887672034,33.78678058721799,-78.96999323645801,South Carolina,SC00041
Country Club of Gaffney,,,,,,,,,,,,,,,,,,,,,,,,,,,,,,,,253470.67881299453,35.032116754222415,-81.63087933298124,South Carolina,SC00304
RiverTowne Country Club,,,,,,,,,,,,,,,,,,,,,,,,,,,,,,,,242719.23272262962,32.88602384754271,-79.8270683812656,South Carolina,SC00214
Unknown Golf Course,,,,,,,,,,,,,,,,,,,,,,,,,,,,,,,,219949.0450271741,33.87277985999395,-79.79250834514185,South Carolina,SC00331
Winthrop University Golf Course,,,,,,,,,,,,Winthrop University,,,,,,,,,,,,,,,,,,,,186077.9638410678,34.94091964061679,-81.00989643496477,South Carolina,SC00228
Unknown Golf Course,,,,,,,,,,,,,,,,,,,,,,,,,,,,,,,,184608.53326612848,33.81486652092815,-78.75848730466085,South Carolina,SC00222
Unknown Golf Course,,,,,,,,,,,,,,,,,,,,,,,,,,,,,,,,181796.6840038918,33.870901629674094,-78.63483941187083,South Carolina,SC00328
The Aero Club Short Course,Myrtle Beach,3101,29577,SC,S Kings Hwy,+1-843-444-5442,https://aeroclubgolf.com/,,,,,,,,,,,,,,,,,,,,,,,,,156893.72430405286,33.66022216633435,-78.92247441175377,South Carolina,SC00352
USC Aiken Golf Practice Facility,,,,,,,,,,,,,,,,,,,,,,,,,,,,,,,,150770.45969300205,33.571888082509574,-81.78129877656188,South Carolina,SC00332
The Reserve Golf Club,Pawleys Island,18,29585,,Reserve Drive,843-235-0755,https://www.thereservegolf.com/,,,,,,,,,,,,,,,,,,,,,multipolygon,,,,147952.43171959554,33.490785196698255,-79.11086709853356,South Carolina,SC00134
Unknown Golf Course,,,,,,,,,,,,,,,,,,,,,,,,,,,,,,,,146610.3746846314,35.01777497654273,-82.171190911053,South Carolina,SC00330
Cokesbury Hills Golf Course,,,,,,,,,,,,,,,,,,,,,,,,,,,,,,,,131307.77620324038,34.28479044743972,-82.1978822674634,South Carolina,SC00278
Timberlake Country Club,,,,,,,,,,,,,,,,,,,,,,,,,,,,,,,,128817.7201040968,34.08188713401641,-81.37208702614798,South Carolina,SC00283
Unknown Golf Course,,,,,,,,,,,,,,,,,,,,,,,,,,,,,,,,128128.78278665766,34.89023803577155,-82.33347135549498,South Carolina,SC00338
Lake Murray Golf Center,Chapin,2032,29036,SC,Old Hilton Rd,,,,,,,,,,,,,,,,,,,,,,,,,,,122907.53676687775,34.139495204528814,-81.31094950099549,South Carolina,SC00279
3's Greenville Golf & Gril,,,,,,,https://www.3s.golf/,,,,,,,Crosswinds,,,,,,,,,,,,,,multipolygon,,,Cross Winds Golf Club,118860.1764806108,34.8608004068517,-82.34829466643477,South Carolina,SC00063
Port Royal Planter's Row Golf Course,,,,,,,,,,,,,,,,,,,,,,,,,,,,multipolygon,,,,110596.08449914437,32.21351236115217,-80.6906611406516,South Carolina,SC00143
Unknown Golf Course,,,,,,,,,,,,,,,,,,,,,,,,,,,,,,,,99963.2169972325,33.78855273151086,-79.01566580279251,South Carolina,SC00208
Wild Dunes - Links Course,,,,,,,,,,,,,,,,,,,,,,,,,,,,,,,,98842.51482144304,32.81640101073026,-79.72201112864626,South Carolina,SC00212
Riverside Golf Center Driving Range,,,,,,,,,,,,,,,,,,,,,,,,,,,,,,,,92853.82397942437,34.04527339231096,-81.07599690533205,South Carolina,SC00294
Unknown Golf Course,,,,,,,,,,,,,,,,,,,,,,,,,,,,,,,,81353.84247097046,34.0854550333049,-81.37563356507333,South Carolina,SC00288
Unknown Golf Course,,,,,,,,,,,,,,,,,,,,,,,,,,,,,,,,81150.24310528123,33.96249940173129,-81.02461399596805,South Carolina,SC00292
Unknown Golf Course,,,,,,,,,,,,,,,,,,,,,,,,,,,,,,,,80850.40496808561,33.78007029733682,-79.01983411714986,South Carolina,SC00209
Unknown Golf Course,,,,,,,,,,,,,,,,,,,,,,,,,,,,,,,,76760.61629526496,33.81761469094047,-78.75867984816867,South Carolina,SC00219
Unknown Golf Course,,,,,,,,,,,,,,,,,,,,,,,,,,,,,,,,72791.66493225447,33.811207064221996,-78.75175556663893,South Carolina,SC00223
Unknown Golf Course,,,,,,,,,,,,,,,,,,,,,,,,,,,,,,,,68071.61189909239,33.791353427439034,-79.00629878370596,South Carolina,SC00205
Unknown Golf Course,,,,,,,,,,,,,,,,,,,,,,,,,,,,multipolygon,,,,64926.74749869722,33.808016093252405,-78.75425476812435,South Carolina,SC00154
Unknown Golf Course,,,,,,,,,,,,,,,,,,,,,,,,,,,,,,,,59346.57935156018,34.086360152680996,-81.36251984448423,South Carolina,SC00286
Unknown Golf Course,,,,,,,,,,,,,,,,,,,,,,,,,,,,,,,,57752.723565177206,34.09064751752802,-81.37653316202382,South Carolina,SC00289
Timberlake Country Club,,,,,,,,,,,,,,,,,,,,,,,,,,,,,,,,54911.548063630005,34.08251571577176,-81.36733284228998,South Carolina,SC00284
Unknown Golf Course,,,,,,,,,,,,,,,,,,,,,,,,,,,,,,,,53662.74083578358,34.085242110070176,-81.36907321828122,South Carolina,SC00285
Wild Dunes - Links Course,,,,,,,,,,,,,,,,,,,,,,,,,,,,,,,,50870.52698783968,32.81090559407436,-79.73219580649078,South Carolina,SC00211
Unknown Golf Course,,,,,,,,,,,,,,,,,,,,,,,,,,,,,,,,47275.560657769616,33.9193686339757,-81.07183935913936,South Carolina,SC00296
Unknown Golf Course,,,,,,,,,,,,,,,,,,,,,,,,,,,,,,,,44086.47167157611,34.67444074879658,-82.85193081889093,South Carolina,SC00308
Unknown Golf Course,,,,,,,,,,,,,,,,,,,,,,,,,,,,,,,,40373.33371121895,34.090497343326675,-81.37928386271473,South Carolina,SC00291
Unknown Golf Course,,,,,,,,,,,,,,,,,,,,,,,,,,,,,,,,39059.4172987454,33.80143649094138,-78.75271058263354,South Carolina,SC00224
Unknown Golf Course,,,,,,,,,,,,,,,,,,,,,,,,,,,,,,,,33116.57979556116,34.08465045297583,-81.36160424376793,South Carolina,SC00287
Unknown Golf Course,,,,,,,,,,,,,,,,,,,,,,,,,,,,,,,,30941.96221861118,34.093692359829355,-81.37877129453753,South Carolina,SC00290
Unknown Golf Course,,,,,,,,,,,,,,,,,,,,,,,,,,,,,,,,29526.765734843528,33.814663544055875,-78.75104755751609,South Carolina,SC00221
Unknown Golf Course,,,,,,,,,,,,,,,,,,,,,,,,,,,,,,,,29339.24949067126,34.210247793889515,-81.96947357293199,South Carolina,SC00349
Unknown Golf Course,,,,,,,,,,,,,,,,,,,,,,,,,,,,,,,,27837.8718030427,33.79897131188413,-78.75635628507175,South Carolina,SC00225
Unknown Golf Course,,,,,,,,,,,,,,,,,,,,,,,,,,,,,,,,26329.20624051483,33.789398167211225,-79.00746053954494,South Carolina,SC00206
Unknown Golf Course,,,,,,,,,,,,,,,,,,,,,,,,,,,,,,,,10474.919476469779,33.798314876016676,-78.7597648642082,South Carolina,SC00226
Unknown Golf Course,,,,,,,,,,,,,,,,,,,,,,,,,,,,,,,,10026.561259739849,33.819845874586825,-78.753229257001,South Carolina,SC00220
