check_date,name,wikidata,golf:course,addr:city,addr:postcode,addr:state,fixme,addr:housenumber,addr:street,contact:facebook,email,phone,website,addr:country,golf:par,operator,access,wikipedia,note,description,sport,wheelchair,fee,source,opening_hours,contact:website,operator:type,operator:wikidata,golf,alt_name,fax,building,building:levels,type,opening_hours:covid19,contact:youtube,area_m2,lat,lon,province,gcid
,"Bandon Dunes, Pacific Dunes & Old McDonald Golf Courses",,,,,,,,,,,,,,,,,,,,,,,,,,,,,,,,,,,,3079730.283950533,43.1990325336975,-124.39106561849785,Oregon,OR00128
,Silvies Ranch,,,,,,,,,,,,,,,,,,,,,,,,,,,,,,,,,,,,1940902.5746512476,44.05737638245894,-118.98719604033916,Oregon,OR00185
,Aspen Lakes Golf Course,,,,,,,,,,,,,,,,,,,,,,,,,,,,,,,,,,,,1821280.0210663935,44.3003245694325,-121.48350837098317,Oregon,OR00182
,Crosswater Golf Course,,,,,,,,,,,,,,,Sunriver Resort,,,,,,,,Deschutes County (http://dial.deschutes.org/),,,,,,,,,,multipolygon,,,1514276.8339975236,43.852319823221215,-121.44768280346709,Oregon,OR00034
,Centennial Golf Club,,,Medford,97504,,,1900,North Phoenix Road,,bsackett@centennialgolfclub.com,877-893-4653,https://www.centennialgolfclub.com/,,,,,,,,,,,,,,,,,,,,,,,,1483894.0402626484,42.30247787622784,-122.8223243938399,Oregon,OR00107
,Meriwether National Golf Course,Q6819598,,,,,,,,,,,,,,Merriwether Corporation,private,en:Meriwether National Golf Club,,,,,,,,,,,,,,,,,,,1452161.45016385,45.481528929417145,-122.94578597051967,Oregon,OR00068
,Pumpkin Ridge Golf Club,,,,,,,,,,,,,,,,,,,,,,,,,,,,,,,,,,,,1425024.3752125176,45.6164493182907,-123.0006212512624,Oregon,OR00184
,Tetherow Golf Club,,,,,,,,,,,,,,,,,,,,,,,,,,,,,,,,,,,,1372081.006480752,44.03246783369647,-121.36110452341522,Oregon,OR00178
,The Reserve,Q7760266,,,,,,,,,,,,,,Reserve Vineyards and Golf Club,private,en:The Reserve Vineyards and Golf Club,,,,,,,,,,,,,,,,,,,1335690.801974192,45.48468644348658,-122.92232137292216,Oregon,OR00055
,Sandelie Golf Course,,,,,,,,,,,,,,,Sandelie Golf Club Incorporated,private,,,,,,,,,,,,,,,,,,,,1148505.0521226318,45.311459289417016,-122.70048287980978,Oregon,OR00062
,Oregon Golf Club,,,,,,,,,,,,,,,National Golf Operating Partnership,private,,,,,,,,,,,,,,,,,multipolygon,,,1111736.608125846,45.32926620141435,-122.67075288687124,Oregon,OR00024
,Shadow HIlls Country Club,,,Junction City,97448,OR,,92512,Shadow Hills Country Club Drive,,,+1 541 998 2365,https://www.shadowhillscc.org/weddings.html,,,,,,Newly built clubhouse as of 2013 - Offers wedding and banquet rentals to the public and can host golf tournaments.,very flat course with challenging greens,golf,yes,,,,,,,,,,,,,,,1106685.752450232,44.173249255839806,-123.18021450934965,Oregon,OR00096
,Bandon Trails,,,,,,,,,,,,,,,,,,,,,,,,,,,,,,,,,,,,1060612.7080642122,43.17937810862937,-124.38692636544177,Oregon,OR00127
,Cougar Canyon Golf Course,,,Myrtle Creek,97457,OR,,1316,Fairway Drive,,,,,,,,,,,,,,,,Mo-Su 07:30-17:00,,,,,,,,,,,,1033283.4024081056,43.014875929003225,-123.26787297664733,Oregon,OR00164
,Glendoveer Golf Course,,,,,,,,,,,,,,,Metro,,,,,,,,,,https://www.playglendoveer.com,public,Q10793118,,,,,,,,,965227.0834105709,45.52981261826448,-122.51720719816284,Oregon,OR00042
,Tokatee Golf Club,,,Blue River,97413,OR,,54947,McKenzie Highway,,,+1-541-822-3220,https://tokatee.com/,,,Giustina,,,"Nestled in the beautiful McKenzie River Valley with glistening views of the Three Sisters Mountains, Tokatee Golf Club offers an incredible mix of postcard vistas and championship golf. http://www.oregongolf.com/courses/blue-river/tokatee/",,,yes,,,,,,,,,,,,,,,952859.5828409286,44.18027664332222,-122.21048743198844,Oregon,OR00121
,Bend Golf & Country Club,,18_hole,,,,,,,,,,https://www.bendgolfclub.com/,,,,,,,,,,,,,,,,,,,,,,,,938661.8020414494,44.01286530313755,-121.31081337870613,Oregon,OR00125
,Rogue Valley Country Club,,,Medford,97504,OR,,2660,Hillcrest Road,,membership@rvcc.com,541-772-5965,https://www.rvcc.com/,,,,,,,,,,,,,,,,,,,,,multipolygon,,https://www.youtube.com/@roguevalleycountryclub576,923821.5449556726,42.32642433233054,-122.82762298461772,Oregon,OR00006
,Stone Ridge Golf Club,,,Eagle Point,97524,,,500,East Antelope Road,,,541-830-4653,https://www.stoneridgegolfcourse.com/,,,,,,,,,,,,,,,,,,,,,,,,891649.6773728171,42.42233422730403,-122.78256220658736,Oregon,OR00118
,Stone Ridge Golf Club,,,Eagle Point,97524,,,500,East Antelope Road,,,541-830-4653,https://www.stoneridgegolfcourse.com/,,,,,,,,,,,,,,,,,,,,,,,,891649.6773728171,42.42233422730403,-122.78256220658736,Oregon,OR00117
,Trysting Tree Golf Club,,,,,,,,,,,,,,,,,,,,,,,,,,,,,,,,,,,,885940.6451895556,44.57125343377192,-123.24756680293167,Oregon,OR00049
,Trysting Tree Golf Club,,,,,,,,,,,,,,,,,,,,,,,,,,,,,,,,,,,,885940.6451895556,44.57125343377192,-123.24756680293167,Oregon,OR00048
,Cross Creek Golf Course,,,,,,,,,,,,,,,,,,,,,,,,,,,,,,,,,,,,859953.7447290584,44.97892053351492,-123.30868856849641,Oregon,OR00172
,Unknown Golf Course,,,,,,,,,,,,,,,,,,,,,,,,,,,,,,,,,,,,849702.5134128727,44.51658042966765,-122.80079675007399,Oregon,OR00175
,Bandon Sheep Ranch,,,,,,,,,,,,,,,,,,,,,,,,,,,,,,,,,,,,808200.3406716752,43.21905525144311,-124.39142144228633,Oregon,OR00181
,Sandpines Golf Link,Q7416514,,,,,,,,,,,,,,,,,,,,,,,,,,,,,,,,,,,787675.5817109424,44.00291221799736,-124.11056274786398,Oregon,OR00110
,Sandpines Golf Link,Q7416514,,,,,,,,,,,,,,,,,,,,,,,,,,,,,,,,,,,787675.5817109424,44.00291221799736,-124.11056274786398,Oregon,OR00111
,Illahe Hills Country Club,,,Salem,97302,,,3376,Country Club Drive South,,,503-364-0117,https://www.illahehills.com/,,,,,,,,,,,,,,,,,,,,,,,,786839.3406417891,44.910148779165745,-123.10496560232914,Oregon,OR00077
,Salishan Golf Links,,,Gleneden Beach,97388,OR,,7755,N Highway 101,,,,,,,,,,,,,,,,,,,,,,,,,,,,774683.1199781435,44.88732093059812,-124.02786633549931,Oregon,OR00187
,Meadows Golf Course,,,,,,,,,,,,,,,Sunriver Resort,,,,,,,,Deschutes County (http://dial.deschutes.org/),,,,,,,,,,multipolygon,,,767489.6924373975,43.87323233514572,-121.44585888454748,Oregon,OR00009
,Eagle Point Golf Club,,,Eagle Point,97524,,,100,Eagle Point Drive,,,541-826-8225,https://www.eaglepointgolf.com/,,,,,,,,,,,,,,,,,,,,,multipolygon,,,766929.9866614871,42.45964682188022,-122.80345067367088,Oregon,OR00008
,Quail Run Golf Course,,,,,,,,,,,,,,,,,,,,,,,,,,,,,,,,,,,,765456.0886893317,43.75811720938182,-121.49573369988694,Oregon,OR00123
,Elkhorn Valley Golf Course,,,Lyons,97358,OR,,32295,North Fork Road,,,,,,,,,,,,,,,,Mo-Fr 06:00-21:00,,,,,,,,,,,,750531.8346002541,44.802643337963346,-122.41712004866913,Oregon,OR00167
,Shield Crest Golf Course,,,,,,,,,,,,,,,,,,,,,,,,,,,,,,,,,,,,742129.0084299229,42.1950175148183,-121.67011231283627,Oregon,OR00136
,Shield Crest Golf Course,,,,,,,,,,,,,,,,,,,,,,,,,,,,,,,,,,,,742129.0084299229,42.1950175148183,-121.67011231283627,Oregon,OR00137
,Wildhorse Golf Course,,,,,,,,,,,,,,,,,,,,,,,,,,,,,,,,,,,,729374.6209652502,45.654424199816184,-118.67065631029574,Oregon,OR00154
,Emerald Valley Golf Course,,,Creswell,97426,OR,,83301,Dale Kuni Road,,laine.golf@yahoo.com,+1 541 895 2174,https://www.emeraldvalleygolf.com/,,,,,,,,,,,,07:00-20:00,,,,,,,,,,,,722411.6588474696,43.92318075882372,-122.99430142489743,Oregon,OR00089
,Juniper Golf Course,,,,,,,,,,,,,,,,,,,,,,,,,,,,,,,,,,,,720113.0403816552,44.22919453154454,-121.19472461707662,Oregon,OR00161
,Woodlands Golf Course,,,,,,,,,,,,,,,Sunriver Resort,,,,,,,,Deschutes County (http://dial.deschutes.org/),,,,,,,,,,multipolygon,,,719445.3991686159,43.9015378274071,-121.43325053212895,Oregon,OR00010
,Chehalem Glenn Golf Course,,,,,,,,,,,,,,,Chehalem Park and Recreation District,,,,,,,,,,,,,,,,,,,,,712694.7977314559,45.294668239554824,-122.9320410071559,Oregon,OR00063
,Heron Lakes Greenback,,18_hole,Portland,97217,OR,,3500,North Victory Boulevard,,,,,,,City of Portland,,,,,,,,,,https://portlandparksgolf.com/heron-lakes-course-info/,public,Q6106,course,,,,,,,,712457.0307436876,45.604805372431876,-122.70534255833893,Oregon,OR00194
,Quail Valley Golf Club,,,,,,,,,,,,,,,Quail Valley Golf Corporation,private,,,,,,,,,,,,,,,,,,,,710568.0269164776,45.614896143979195,-123.09967585922197,Oregon,OR00058
,Lost Tracks Golf Course,,18_hole,,,,,,,,,,https://www.losttracks.com/,,,,,,,,,,,,,,,,,,,,,,,,703307.5540329075,43.99005184320301,-121.31456190435674,Oregon,OR00124
,Diamond Woods Golf Course,,,,,,,,,,,,,,,,,,,,,,,,,,,,,,,,,,,,692452.2356050647,44.2730435691713,-123.29979605593006,Oregon,OR00131
,Unknown Golf Course,,,,,,,,,,,,,,,,,,,,,,,,,,,,,,,,,,,,684975.0799348992,44.93758986666018,-123.1617320318839,Oregon,OR00079
,RedTail Golf Course,,,Beaverton,97008,OR,,8200,Southwest Scholls Ferry Road,,customers@ryggolf.com,+1-503-646-5166,https://www.portland.gov/parks/redtail-golf-course,,,City of Portland,,,,,,,,,Mo-Su sunrise-20:00,https://www.golfredtail.com,public,Q6106,,,,,,,,,682355.9247316142,45.459099470669194,-122.77465301423996,Oregon,OR00070
,Heron Lakes Great Blue,,18_hole,Portland,97217,OR,,3500,North Victory Boulevard,,,,,,,City of Portland,,,,,,,,,,https://portlandparksgolf.com/heron-lakes-course-info/,public,Q6106,course,,,,,,,,679554.961066932,45.60183558857299,-122.70262234337206,Oregon,OR00193
,Salmon Run Golf Course,,,Brookings,97415,OR,,99040,South Bank Chetco River Rd,,,+1-541-469-4888,https://www.salmonrungolf.com/,,,,,,,,,,,,,,,,,,,,,,,,676814.1664040706,42.05383447342171,-124.21012223666871,Oregon,OR00198
,Meadow Lakes Golf Course,,,,,,,,,,,,https://www.meadowlakesgc.com/,,,,,,,,,,,,,,,,,,,,,,,,675770.5573060584,44.29582144487692,-120.85562062865854,Oregon,OR00090
,Willamette Valley Country Club,,,Canby,97013,OR,,900,Country Club Place,,,+1-503-266-4066,http://www.willamettevalleycc.com/,,,,private,,,,,,,,,,,,,,+1-503-266-7663,,,,,,673566.8029253063,45.28512854798675,-122.68281728028305,Oregon,OR00061
,Columbia Edgewater Country Club,Q29097364,,Portland,97211,,,2220,Northeast Marine Drive,,,,https://www.cecc.com/,,,,,,,,,,,bing,,,,,,,,,,,,,664793.6247784472,45.59633503038117,-122.64578352942343,Oregon,OR00047
,The Courses,,,Welches,97067,,,68010,East Fairway Avenue,,,503-622-3151,http://www.theresortcourses.com/,,,,,,,,,,,,,,,,,,,,,multipolygon,,,662661.5752941658,45.33600570451993,-121.96124797267215,Oregon,OR00007
,Roseburg Country Club,,,,,,,,,,,,,,,,,,,,,,,,,,,,,,,,,,,,649413.0585883568,43.26888766610674,-123.40270488705201,Oregon,OR00103
,Stone Creek Golf Club,,,Oregon City,97045,,,14603,South Stoneridge Drive,,,,,,,,,,,,,,,,,,,,,,,,,,,,640565.0247818559,45.29970048190032,-122.56883961153129,Oregon,OR00084
,Widgi Creek Golf Course,,,,,,,,,,,,,,,,,,,,,,,,,,,,,,,,,multipolygon,,,635742.4294629093,44.0030839290905,-121.38608079593536,Oregon,OR00017
,Arrowhead Golf Club,,,,,,,,,,,,,,,,,,,,,,,Bing,,,,,,,,,,,,,633973.8915678671,45.2001182134683,-122.58704730593483,Oregon,OR00050
,Unknown Golf Course,,,,,,,,,,,,,,,,,,,,,,,,,,,,,,,,,,,,628144.2557692295,45.667694626252704,-121.59123178614027,Oregon,OR00196
,Creekside Golf Club,,,,,,,,,,,+1 503-363-4653,https://www.golfcreekside.com/,,,,,,,,,,,,,,,,,,,,,multipolygon,,,626414.4956042813,44.86498305292132,-123.04220857568649,Oregon,OR00037
,Persimmon Country Club,,,,,,,,,,,,,,,Hoei and Company Limited,private,,,,,,,,,,,,,,,,,,,,619247.8447254024,45.46652451150757,-122.42038290796312,Oregon,OR00057
,Rock Creek Country Club,,,,,,,,,,,,,,,United States Golf Clubs of Oregon,private,,,,,,,,,,,,,,,,,,,,619093.3397620441,45.554177608566256,-122.88152689017855,Oregon,OR00072
,Unknown Golf Course,,,,,,,,,,,,,,,,,,,,,,,,,,,,,,,,,,,,606861.6781483879,44.66540355381365,-123.10492128264136,Oregon,OR00173
,Crooked River Ranch Golf Course,,,,,,,,,,,,,,,,,,,,,,,,,,,,,,,,,,,,597381.4232121975,44.42462667589831,-121.2396272764862,Oregon,OR00143
,Unknown Golf Course,,,,,,,,,,,,,,,,,,,,,,,,,,,,,,,,,,,,596799.5232782053,44.855741603421755,-121.16559388475305,Oregon,OR00177
,OGA Golf Course,,,,,,,,,,,,,,,,,,,,,,,,,,,,,,,,,multipolygon,,,595580.0660328964,45.15948855431311,-122.84919155937156,Oregon,OR00013
,Rose City Golf Course,,,,,,,,,,,,https://www.portland.gov/parks/rose-city-golf-course,,,City of Portland,,,,,,,,,,https://www.rosecitygc.com/,public,Q6106,,,,,,multipolygon,,,591872.0544269148,45.53957902536103,-122.58980183224467,Oregon,OR00014
,Tualatin Country Club,,,,,,,,,,,,,,,Tualatin Country Club,private,,,,,,,,,,,,,,,,,,,,591848.7670790523,45.39132641549723,-122.77125990781906,Oregon,OR00064
,Riverside Golf and Country Club,,,Portland,97211,,,8105,Northeast 33rd Drive,,,,https://www.riversidegcc.com/,,,Riverside Golf and Country Club,private,,,,,,,,,,,,,,,,,,,,590695.7906099865,45.585699215490244,-122.63782713752701,Oregon,OR00046
,Michelbook Country Club,,,,,,,,,,,,https://www.michelbook.com/,,,,,,,,,,,,,,,,,,,,,,,,590104.9505647579,45.220087816520895,-123.21385998710674,Oregon,OR00162
,Coos Golf Club,,,Coos Bay,97420,OR,,93884,Coos-Sumner Lane,,,,,US,,,,,,,,,,,,,,,,,,,,,,,587561.7543318291,43.29125503478352,-124.20033442661862,Oregon,OR00169
,Indian Creek Golf Course,,,Hood River,97031,OR,,3605,Brookside Drive,,,+1-541-386-7770,https://indiancreekgolf.com/,,,,,,,,,,,,,,,,,,,,,,,,584546.4955433154,45.68772110122078,-121.53988204502373,Oregon,OR00101
,Waverly Country Club,Q14709331,,,,,,,,,,,,,,Waverly Country Club,private,en:Waverley Country Club,,,,,,,,,,,,,,,,,,,580476.784284807,45.45329547292639,-122.6530436738922,Oregon,OR00045
,Eastmoreland Golf Course,,,,,,,,,,,,https://www.portland.gov/parks/eastmoreland-golf-course,,,City of Portland,,,,,,,,,,,public,Q6106,,,,,,multipolygon,,,580147.2642494615,45.47351073830855,-122.63691544919463,Oregon,OR00022
,Eugene Country Club,,,,,,,,,,,,https://www.eugenecountryclub.com/,,,,private,,,,,,yes,,,,,,,,,,,,,,567699.3047339198,44.067305247919194,-123.0868390543364,Oregon,OR00051
,Pendleton Country Club,,,,,,,,,,,,,,,,,,,,,,,,,,,,,,,,,,,,562961.6307506425,45.565245078658904,-118.79684834654574,Oregon,OR00133
,Unknown Golf Course,,,,,,,,,,,,,,,,,,,,,,,,,,,,,,,,,multipolygon,,,561929.5107655216,44.88681099822396,-124.02703106785347,Oregon,OR00033
,Reames Golf and Country Club,,,,,,,,,,,,,,,The Growler Guys,,,,,,,,,,,,,,,,,,,,,559441.752291839,42.18636244466856,-121.79514176931524,Oregon,OR00085
,The Resort Course At Eagle Crest,,,,,,,,,,,,,,,,,,,,,,,,,,,,,,,,,,,,555644.2222221504,44.26098013998845,-121.25553291660218,Oregon,OR00156
,Astoria Golf & Country Club,,,,,,,,,,,,,,,,,,,,,,,,,,,,,,,,,,,,554443.4948301301,46.104997382795645,-123.92524283748206,Oregon,OR00104
,Big Meadow Golf Course,,18_hole,,,,,,,,,,,,,,,,,,,,,,,,,,,,,,,multipolygon,,,549328.9398926734,44.37336282317107,-121.66836896644602,Oregon,OR00019
,Langdon Farms Golf Course,,,,,,,,,,,,,,,Langdon Farms Golf Club,private,,,,,,,,,,,,,,,,,,,,547074.3022255587,45.274708924511096,-122.76653527245895,Oregon,OR00041
,Salem Golf Club,,,Salem,97302,,,2025,Golf Course Road South,,,503-363-6652,https://www.salemgolfclub.com/,,,,,,,,,,,,,,,,,,,,,,,,541907.2500083277,44.9159840367174,-123.0722758335692,Oregon,OR00098
,Forest Hills Golf Course,,,,,,,,,,,,,,,Forest Hills Golf Course Incorporated,private,,Open for self-picking during opening hours in June-July,,,,,,,,,,,,,,,,,,538642.2703106524,45.48026602582903,-123.04693372930409,Oregon,OR00060
,Umpqua Golf Resort,,,,,,,,,,,,,,,,,,,,,,,,,,,,,,,,,,,,522981.1872200951,43.3919728650553,-123.3443542867824,Oregon,OR00087
,Buffalo Peak Golf Course,,,,,,,,,,,,,,,,,,,,,,,,,,,,,,,,,,,,521599.95721437474,45.19890441979077,-117.85524491099962,Oregon,OR00153
,McNary Golf Club,,,Keizer,97303,,,155,McNary Estates Drive North,,,,,,,,,,,,,,,,,https://mcnarygolfclub.com/,,,,,,,,multipolygon,,,514579.94057253393,45.01206101190274,-123.03251322256152,Oregon,OR00030
,Oswego Lake Country Club,,,Lake Oswego,97034,OR,,20,Iron Mountain Boulevard,,,,,,,Oswego Lake Country Club,private,,,,,,,,,,,,,,,,,,,,505020.9387255903,45.42053355231371,-122.68700101669464,Oregon,OR00043
,Glaze Meadow Golf Course,,18_hole,,,,,,,,,,,,,,,,,,,,,,,,,,,,,,,multipolygon,,,504882.1306220332,44.34670664286201,-121.65715057007326,Oregon,OR00018
,Ocean Dunes Golf Links,,,Florence,97439,OR,Better area shape? Also fill in features.,,,,,,,,,,,,,,,,,,,,,,,,,,,,,,499267.51422011585,43.992205885565276,-124.08692557661709,Oregon,OR00195
,Charbonneau Golf Course,,,,,,,,,,,,https://www.charbonneaugolfclub.com/,,,Charbonneau Golf Course Incorporated,private,,,,,,,,,,,,,,,,,multipolygon,,,494543.50980089477,45.288161940236776,-122.75618507857224,Oregon,OR00026
,Grants Pass Golf Club,,,,,,,,,,,,https://www.gpgolfclub.com/,,,,,,,,,,,,,,,,,,,,,,,,481813.25246413384,42.39399932770461,-123.34342106107206,Oregon,OR00102
,Albany Golf Course,,,,,,,,,,,,,,,,,,,,,,,,,,,,,,,,,,,,474052.1972307582,44.64309079988209,-123.10213089178515,Oregon,OR00052
,Corvallis Country Club,,,Corvallis,97333,OR,,1850,SW Whiteside Dr,,,,,,,Corvallis Country Club,,,,,,,,,,,,,,,,,,,,,474025.56096363795,44.54381139679862,-123.29656828380334,Oregon,OR00122
,Unknown Golf Course,,,,,,,,,,,,,,,,,,,,,,,,,,,,,,,,,,,,469265.71000643325,44.8246867871973,-122.81927306122711,Oregon,OR00076
,Portland Golf Club,Q7231937,,,,,,,,,,,https://portlandgolfclub.com/,,,,private,,,,,,,,,,,,,,,,,,,,466974.96629752737,45.47426189227568,-122.76110161180856,Oregon,OR00069
,Mountain View Golf Course,,,,,,,,,,,,,,,,,,,,,,,,,,,,,,,,,,,,457372.4252029446,45.42187994075689,-122.38206587165828,Oregon,OR00081
,Middlefield Golf Course,,18_hole,Cottage Grove,97424,OR,,91,Village Drive,https://www.facebook.com/pages/Middlefield-Golf-Course/114025791962307,,+1 541 942 8730,https://middlefieldgolf.com,,,City of Cottage Grove,,,,,,,,,,,,,,,,,,multipolygon,,,453675.0141309456,43.810059858569275,-123.03979858400356,Oregon,OR00031
,Gresham Golf and Country Club,,,,,,,,,,,,,,,Gresham Golf Course Incorporated,private,,,,,,,,,,,,,,,,,,,,433624.4731466506,45.509235895600995,-122.4087620274311,Oregon,OR00056
,Old Back Nine Golf Club,,9_hole,,,,,,,,,,https://www.oldbacknine.com/,,,,,,,,,,,,,,,,,,,,,multipolygon,,,426435.42451578466,44.004246838616325,-121.31182353617035,Oregon,OR00025
,Big River Golf Course,,,Umatilla,,OR,,709,Willamette Street,,,+1-541-922-3006,https://bigrivergolfcourse.org/,,,,,,,,,,,,,,,,,,,,,,,,425048.83055127616,45.921807712421874,-119.28275066302056,Oregon,OR00130
,Wildwood Golf Course,,,,,,,,,,,,,,,,,,,,,,,,,,,,,,,,,,,,419546.2160327292,45.678409387674215,-122.87912251213778,Oregon,OR00138
,Alderbrook Golf Course,,,,,,,,,,,,,,,,,,,,,,,,,,,,,,,,,,,,417169.2425881006,45.511176381951415,-123.85778471001238,Oregon,OR00163
,Harbor Links Golf Course,,,Klamath Falls,97601,OR,,601,Harbor Isle Blvd,,,+1-541-882-0609,https://www.harborlinksgolf.net/,,,,,,,,,,,,,,,,,,,,,multipolygon,,,416216.91878257605,42.251122225589334,-121.80967447550638,Oregon,OR00036
,Baker City Golf Club,,,,,,,,,,,,,,,,,,,,,,,,,,,,,,,,,,,,415702.3563428993,44.76427451867589,-117.8451405257391,Oregon,OR00065
,Bayou Golf Club,,,McMinnville,97128,OR,,9301,Southwest Bayou Drive,,,+1-503-472-4651,https://www.bayougolfcourse.com/,,,,,,,,,,,,,,,,,,+1-503-472-3399,,,multipolygon,,,413064.02821752295,45.170358114690835,-123.21456629382581,Oregon,OR00032
,Gearhart Golf Links,,,,,,,,,,,,,,,,,,,,,,,,,,,,,,,,,,,,397356.8928665865,46.03361850450984,-123.92147233455289,Oregon,OR00073
,Unknown Golf Course,,,,,,,,,,,,,,,,,,,,,,,,,,,,,,,,,,,,374654.32445284526,43.75763638775494,-122.45472507005866,Oregon,OR00126
,Sunset Bay Golf Course,,,,,,,,,,,,,,,,,,,,,,,,,,,,,,,,,,,,365101.0872724775,43.32316884755459,-124.36745817010969,Oregon,OR00183
,Oregon City Golf Club,,,,,,,,,,,,,,,Herberger Family Limited Partnership,private,,,,,,,,,,,,,,,,,,,,363175.65110196435,45.316493424451565,-122.54794269195774,Oregon,OR00053
,Woodburn Golf Course,,,,,,,,,,,,,,,,,,,,,,,,,,,,,,,,,multipolygon,,,353336.54720280826,45.15303283600839,-122.87183627058265,Oregon,OR00011
,Woodburn Golf Course,,,,,,,,,,,,,,,,,,,,,,,,,,,,,,,,,multipolygon,,,353336.54720280826,45.15303283600839,-122.87183627058265,Oregon,OR00012
,Chehalem Glenn Golf Course,,18_hole,Newberg,97132,OR,,4501,East Fernwood Road,,,,,,,Chehalem Park and Recreation District,,,,,,,,,,,,,,,,,,multipolygon,,,348241.76360673865,45.30280698533289,-122.93188900210599,Oregon,OR00035
,Laurelwood Golf Course,,,,,,,,,,,,,,,,,,,,,,,,,,,,,,,,,,,,318039.195915953,44.02602831103734,-123.06751549206327,Oregon,OR00095
,Chinook Winds Golf Resort,,,,,,,,,,,,,,,,,,,,,,,,,,,,,,,,,multipolygon,,,316406.61898031656,45.00247416344938,-123.98933363923581,Oregon,OR00020
,Chinook Winds Golf Resort,,,,,,,,,,,,,,,,,,,,,,,,,,,,,,,,,multipolygon,,,316406.61898031656,45.00247416344938,-123.98933363923581,Oregon,OR00021
,Quail Point Golf Course,,,Medford,97504,,,1200,Mira Mar Avenue,,,541-857-7000,http://www.quailpointgolf.com/,,,,,,,,,,,,,,,,,,,,,,,,312940.35844270425,42.30987457190576,-122.84294276836418,Oregon,OR00108
,Stewart Park Golf Course,,,Roseburg,97470,,,1005,Stewart Park Drive,,,+1 541 672 4592,https://www.cityofroseburg.org/departments/parks/golf-course/,,,,,,,,,,,,,,,,,,,,,,,,308082.1306703391,43.22189792347341,-123.37108630674844,Oregon,OR00145
,Oak Knoll Golf Course,,,Ashland,97520,,,3070,Highway 66,,oakknollinfo@ashland.or.us,541-482-4311,https://www.oakknollgolf.org/,,,Ashland Parks & Recreation Commission,,,,,,,,,,,,,,,,,,,,,306859.17035281804,42.180060704677814,-122.65586796070613,Oregon,OR00120
,Forest Hills Country Club,,,,,,,,,,,,,,,,,,,,,,,,,,,,,,,,,,,,305267.1806128697,43.69961446398805,-124.13016360570744,Oregon,OR00148
,Unknown Golf Course,,,,,,,,,,,,,,,,,,,,,,,,,,,,,,,,,,,,299785.264369688,42.54576914288872,-124.37130227869541,Oregon,OR00186
,Illinois Valley Golf Club,,9_hole,,,,,,,,,,,,,,,,,,,,,,,,,,,,,,,,,,292913.46479206503,42.17800163773919,-123.65095711540653,Oregon,OR00105
,Desert Peaks Golf Course,,,,,,,,,,,,,,,,,,,,,,,,,,,,,,,,,,,,291008.28063406644,44.653112924966955,-121.14585439509369,Oregon,OR00142
,Christmas Valley Golf Course,,,,,,,,,,,,,,,,,,,,,,,,,,,,,,,,,,,,290702.5323454144,43.24484054266788,-120.68678578800372,Oregon,OR00086
,Claremont Golf Club,,,Portland,97229,,,15800,Northwest Country Club Drive,,,,https://claremontgolfclub.com/,,,Claremont Limited Partnership,,,,,,,,,,,,,,,,,,multipolygon,07:00-19:30,,281532.98123697576,45.5499547302189,-122.84151243658137,Oregon,OR00023
,La Grande Country Club,,,,,,,,,,,,,,,,,,,,,,,,,,,,,,,,,,,,270519.2260229447,45.333826523014544,-118.04274804280769,Oregon,OR00150
,Oakway Golf Course,,,Eugene,97401,OR,,2000,Cal Young Road,,,,,,,,yes,,,,,,,,,,,,,,,,,multipolygon,,,257210.98867198091,44.07387459623081,-123.0845907113371,Oregon,OR00029
,Sah-hah-lee Golf Course,,,,,,,,,,,,,,,John A Lisac,private,,,,,,,,,,,,,,,,,,,,256249.9093616055,45.397026943469996,-122.52787163262519,Oregon,OR00054
,River's Edge Golf Course,,,,,,,,,,,,,,,,,,,,,,,,,,,,,,,,,,,,256167.53972820356,44.07834540066943,-121.31764088647392,Oregon,OR00179
,Stewart Meadows Golf Course,,,Medford,,,,1301,South Holly Street,,,541-770-6554,https://www.stewartmeadowsgolf.com/,,,,,,,,,,,,,,,,,,,,,,,,255615.72228138562,42.30887971042646,-122.86548606737567,Oregon,OR00075
,Seaside Golf Club,,,Seaside,,OR,,,Avenue U,,,,,US,,,,,,,,,,,,,,,,,,,,,,,250634.50652061094,45.975595279981476,-123.93212468177688,Oregon,OR00135
,Valley Golf Club,,,,,,,,,,,,,,,,,,,,,,,Bing,,,,,,,,,,,,,250299.73179781198,43.56612991333715,-119.07571389777385,Oregon,OR00094
,Springwater Golf Course,,,Estacada,97023,,,25230,South Wallens Road,,,+1 503 630 4586,http://www.springwatergolfcourse.com/,,,,,,,,,,,,,,,,,,,,,,,,249579.132586346,45.24798885903941,-122.34895187270754,Oregon,OR00109
,Sunset Grove Golf Club,,,,,,,,,,,,,,,Sunset Grove Golf Club,private,,,,,,,,,,,,,,,,,,,,242314.0572033708,45.56483118935476,-123.10211837678301,Oregon,OR00059
,The Dalles Country Club,,,,,,,,,,,,https://thedallescountryclub.net/,,,,,,,,,,,,,,,,,,,,,,,,238567.49652594363,45.65355155905402,-121.21534855860375,Oregon,OR00100
,Unknown Golf Course,,,,,,,,,,,,,,,,,,,,,,,,,,,,,,,,,,,,234743.6829853492,45.062821349661306,-122.82263903055225,Oregon,OR00171
,Unknown Golf Course,,,,,,,,,,,,,,,,,,,,,,,,,,,,,,,,,,,,234080.93169117573,43.19624799137636,-124.38354437432548,Oregon,OR00129
,Unknown Golf Course,,,,,,,,,,,,,,,,,,,,,,,,,,,,,,,,,,,,232143.4748058596,44.08841984492263,-122.72113628193881,Oregon,OR00160
,McKay Creek Golf Course,,,,,,,,,,,,,,,John Reding,private,,,,,,,,,,,,,,,,,,,,226765.945692916,45.52573345380423,-123.0069357733965,Oregon,OR00066
,Unknown Golf Course,,,,,,,,,,,,,,,,,,,,,,,,,,,,,,,,,,,,224216.28079626692,45.218955144840734,-122.57198019039355,Oregon,OR00203
,John Day Golf Club,,,,,,,,,,,,http://johndaygolfclub.com/,,,John Day Golf Club,,,,,,,,,,,,,,,,,,,,,217459.35877439007,44.416081866534746,-118.9985684552346,Oregon,OR00132
,Colwood Golf Center,,,Portland,97218,,,7313,Northeast Columbia Boulevard,,,,https://colwoodgolf.com/,,,City of Portland,,,,,,,,,,https://www.portland.gov/parks/colwood-golf-center,public,Q6106,,,,,,,,,214382.5035450065,45.56832818644116,-122.58659559145576,Oregon,OR00176
,Killarney West Golf Course,,,Hillsboro,97124,OR,,1275,Northwest 334th Avenue,,,,,,,Joseph and Vera O'Meara,private,,,,,,,,,,,,,,,,,,,,210309.25817828008,45.52954280754252,-123.02036786509589,Oregon,OR00067
,Alpine Meadows Golf Course,,,Enterprise,97828,OR,,66098,Golf Course Road,,,,http://www.alpinemeadowsgolfcourse.com/,,,,,,,,,,,,,,,,,,,,,,,,203987.62702294873,45.433384477884346,-117.29530276520829,Oregon,OR00112
,Summerfield Golf Course,,,,,,,,,,,,,,,Summerfield Civic Association,private,,,,,,,,,,,,,,,,,multipolygon,,,203645.4469258511,45.406755236971776,-122.78024451073715,Oregon,OR00028
,China Creek Golf Course,,,,,,,,,,,,,,,,,,,,,,,,,,,,,,,,,,,,203031.28133017774,45.70691438732426,-120.18998009594384,Oregon,OR00170
,Prineville Golf and Country Clup,,,Prineville,97754,OR,,7120,Northeast Ochoco Highway,,,,,,,Private,,,,,,,,,,,,,,,,,,,,,200821.84385336548,44.3002224677569,-120.75709667065657,Oregon,OR00140
,Agate Beach Golf Course,,,,,,,,,,,,,,,,,,,,,,,,,,,,,,,,,,,,199201.81033954048,44.666992531834325,-124.05333375278455,Oregon,OR00168
,Vernonia Golf Course,,,,,,,,,,,,,,,,,,,,,,,,,,,,,,,,,,,,194674.78239332492,45.84723746913468,-123.24007252918273,Oregon,OR00099
,Mark Clark Golf Course,,,,,,,,,,,,,,,,,,,,,,,,,,,,,,,,,,,,191517.25144409703,42.19036619693925,-120.41783812532994,Oregon,OR00166
,King City Golf Course,,,,,,,,,,,,,,,King City Civic Association,private,,,,,,,,,,,,,,,,,multipolygon,,,182939.7225899809,45.404748707427686,-122.80185552424399,Oregon,OR00027
,Neskowin Beach Golf Course,,,,,,,,,,,,,,,,,,,,,,,,,,,,,,,,,,,,179324.2195164972,45.10866308582928,-123.97907294466327,Oregon,OR00078
,Crestview Golf Club,,,Waldport,97394,OR,,1680,South Crestline Drive,https://www.facebook.com/crestviewgolfclub/,info@crestviewgolfclub.com,+1-541-563-3020,https://www.crestviewgolfclub.com/,,,,,,,,,,,,,,,,,,,,,,,,177805.5755230264,44.41183058397486,-124.06761606625734,Oregon,OR00147
,Hidden Valley Golf Course,,9_hole,Cottage Grove,97424,OR,borders approximate,765,North River Road,,,+1 541 942 3046,,,,,,,,,,,,bing,,,,,,,,,,,,,177621.418099844,43.80585496480342,-123.06351993381558,Oregon,OR00088
,Salemtowne Golf Course,,,,,,,,,,,,,,,,,,,,,,,,,,,,,,,,,multipolygon,,,175324.22606301124,44.97839940310878,-123.06979999686622,Oregon,OR00039
,Langdon Farms Golf Course,,,,,,,,,,,,,,,Langdon Farms Golf Club,private,,,,,,,,,,,,,,,,,,,,172560.10371427177,45.27435707463897,-122.77145684459899,Oregon,OR00040
,Fiddler's Green Golf Center,,,Eugene,97402,OR,,91292,State Hwy 99N,,,,,,,,,,,,,,,,Mo-Su 09:00-19:00,,,,,,,,,,,,170471.10060651926,44.14108575872905,-123.20483379020554,Oregon,OR00146
,The Pub Courses at Edgefield,,,,,,,,,,,,,,,,,,,,,,,,,,,,,,,,,,,,168752.93546355618,45.53418668527907,-122.40847516210934,Oregon,OR00141
,Bay Breeze Golf Course,,,,,,,,,,,,,,,,,,,,,,,,,,,,,,,,,,,,166958.6979345997,45.48000907129633,-123.84180213508535,Oregon,OR00097
,Echo City Golf Course,,,,,,,,,,,,,,,,,,,,,,,,,,,,,,,,,multipolygon,,,164732.66658451495,45.74564781194595,-119.18661694853023,Oregon,OR00016
,Milton-Freewater Municipal Golf Course,,,,,,,,,,,,,,,,,,,,,,,,,,,,,,,,,,,,164072.93220390964,45.934755545442556,-118.39907307492456,Oregon,OR00082
,Unknown Golf Course,,,,,,,,,,,,,,,,,,,,,,,,,,,,,,,,,,,,162320.37672014267,44.92000062217112,-123.27364996269402,Oregon,OR00191
,Lake Oswego Golf Course,,,Lake Oswego,,,,17525,Stafford Road,,,,,,,City of Lake Oswego,,,,,,,,,,,,,,Lake Oswego Golf Course and Driving Range,,,,,,,161331.75391946008,45.39968218703868,-122.68810470733573,Oregon,OR00044
,Manzanita Golf Course,,,,,,,,,,,,,,,,,,,,,,,,,,,,,,,,,multipolygon,,,159675.82969379262,45.714082780128905,-123.93310765719868,Oregon,OR00015
,Meadowlawn Golf Course,,,Salem,97317,,,3898,Meadowlawn Loop Southeast,,,503-363-7391,https://www.meadowlawngolf.net/,,,,,,,,,,,,,,,,,,,,,multipolygon,,,159590.9527066762,44.918865358848784,-122.9858688582375,Oregon,OR00005
,Unknown Golf Course,,,,,,,,,,,,,,,,,,,,,,,,,,,,,,,,,,,,158464.30599339487,42.440538477098336,-122.843495846473,Oregon,OR00144
,Lewis & Clark Golf Course,,9_hole,,,,,,,,,,,,36,,,,,,,,,,,,,,,,,,,,,,157354.66294781992,46.14929889403553,-123.83621418745368,Oregon,OR00180
,Greenlea Golf Course,,,,,,,,,,,,,,,,,,,,,,,,,,,,,,,,,,,,149257.13281801745,45.41529157932054,-122.38877987915197,Oregon,OR00080
,Unknown Golf Course,,,,,,,,,,,,,,,,,,,,,,,,,,,,,,,,,,,,130246.89175481278,45.15840773116347,-122.90215519046598,Oregon,OR00139
,Eagle Landing Golf Course,,,,,,,,,,,,,,,,,,,,,,,,,,,,,,,,,,,,116638.44972612038,45.44033306958112,-122.55799343602132,Oregon,OR00174
,Round Lake Golf Course,,,,,,,,,,,,,,,,,,,,,,,,,,,,,,,,,,,,113083.71747818816,42.1876026268527,-121.9180317104798,Oregon,OR00134
,Willow Creek Country Club,,,,,,,,,,,,,,,,,,,,,,,,,,,,,,,,,,,,111602.29490888302,45.369264582001534,-119.57368728113275,Oregon,OR00149
,Unknown Golf Course,,,,,,,,,,,,,,,,,,,,golf,,,,,,,,,,,,,,,,106358.0080633817,43.09277331296892,-124.42523573211623,Oregon,OR00074
,The Greens at Redmond,,,,,,,,,,,,,,,,,,,,,,,,,,,,,,,,,,,,99767.45786572385,44.23876385087828,-121.20187603765656,Oregon,OR00114
,Red Mountain Golf Course,,,Grants Pass,,OR,,324,Mountain Greens Lane,,,,,,,,,,,,,,,,,,,,,,,,,,,,94790.79120007428,42.55187452566606,-123.3688592524324,Oregon,OR00113
,Unknown Golf Course,,,,,,,,,,,,,,,,,,,,,,,,,,,,,,,,,multipolygon,,,93474.85155307682,44.979194161092686,-123.07162829506889,Oregon,OR00038
,Highway 58 Golf,,,Eugene,97405,OR,,34455,Highway 58,Highway58Golf,58golf.news@gmail.com,+1 541 741 1119,,,,,,,,,,,,,,,,,,,,,,,,,91630.78181832029,43.993001535847135,-122.99029137385375,Oregon,OR00197
,Trails End Golf Center,,,,,,,,,,,,,,,,,,,,,,,,,,,,,,,,,,,,85274.69027302494,45.36643986204809,-122.58907298357485,Oregon,OR00165
,Unknown Golf Course,,,,,,,,,,,,,,,,,,,,,,,,,,,,,,,,,,,,84618.10297235235,44.077602518526774,-121.3102271059586,Oregon,OR00188
,Rivergreens Golf Club,,,,,,,,,,,,,,,Youth Resources Incorporated,private,,,,,,,,,,,,,,,,,,,,80723.9392249129,45.374809675001494,-122.60673938893966,Oregon,OR00083
,Bear Creek Golf Course,,,Medford,97501,,,2355,South Pacific Highway,,,541-773-1822,https://www.golfbearcreek.com/,,,,,,,,,,,,,,,,,,,,,,,,80258.11554710292,42.30595224453136,-122.84730843362296,Oregon,OR00106
,Caldera Links Golf Course,,9_hole,,,,,,,,,,https://www.sunriverresort.com/central-oregon-bend-golf/caldera-links-golf-course,,,Sunriver Resort,,,,,golf,,,,,,,,,,,,,,,,75613.40917811848,43.855617143175486,-121.43777576994462,Oregon,OR00092
,Unknown Golf Course,,,,,,,,,,,,,,,,,,,,golf,,,,,,,,,,,,,,,,73625.30767107259,43.860510491790464,-121.43996863556359,Oregon,OR00093
,Unknown Golf Course,,,,,,,,,,,,,,,,,,,,,,,,,,,,,,,,,,,,70386.07653868353,44.293574612966346,-121.15130189313905,Oregon,OR00119
,Unknown Golf Course,,,,,,,,,,,,,,,,,,,,golf,,,,,,,,,,,,,,,,65068.039974139305,43.859999812934454,-121.4371494722126,Oregon,OR00091
,Unknown Golf Course,,,,,,,,,,,,,,,,,,,,,,,,,,,,driving_range,,,,,,,,64767.44603393503,44.15424667003407,-121.04985433471698,Oregon,OR00201
,Unknown Golf Course,,,,,,,,,,,,,,,,,,,,,,,,,,,,,,,,,,,,50729.50814943045,44.08054127678834,-121.31479486904614,Oregon,OR00189
,Unknown Golf Course,,,,,,,,,,,,,,,,,,,,,,,,,,,,,,,,,,,,49204.97654310604,45.91542760621115,-119.29597647388762,Oregon,OR00202
,Unknown Golf Course,,,,,,,,,,,,,,,,,,,,,,,,,,,,,,,,,,,,35695.59224651279,44.25568473795817,-121.25494128778713,Oregon,OR00157
,Unknown Golf Course,,,,,,,,,,,,,,,,,,,,,,,,,,,,,,,,,,,,30114.722890491597,44.58977385047378,-123.22850738655141,Oregon,OR00192
,Unknown Golf Course,,,,,,,,,,,,,,,,,,,,,,,,,,,,,,,,,,,,21634.53614309754,44.256435768203005,-121.25753201776136,Oregon,OR00158
,Unknown Golf Course,,,,,,,,,,,,,,,,,,,,,,,,,,,,,,,,,,,,20850.026387062033,44.25336038158023,-121.25278850101525,Oregon,OR00155
,Unknown Golf Course,,,,,,,,,,,,,,,,,,,,,,,,,,,,,,,,,,,,20470.40086851982,44.26123903831378,-121.27982854768503,Oregon,OR00159
,Unknown Golf Course,,,,,,,,,,,,,,,,,,,,,,,,,,,,,,,,,,,,19954.09003108104,45.74642184182223,-119.18675008811265,Oregon,OR00152
,Unknown Golf Course,,,,,,,,,,,,,,,,,,,,,,,,,,,,,,,,,,,,18974.595110728995,44.08306029708872,-121.31699269580268,Oregon,OR00190
,Claremont Greens,,,,,,,,,,,,,,,Claremont Greens Civic Association,private,,,,,,,,,,,,,,,,,,,,18269.286323652155,45.54731466674409,-122.83373328402473,Oregon,OR00071
,The Greens at Redmond,,,,,,,,,,,,,,,,,,,,,,,,,,,,,,,,,,,,16999.910495535478,44.24113786824331,-121.19869813561562,Oregon,OR00115
,The Greens at Redmond,,,,,,,,,,,,,,,,,,,,,,,,,,,,,,,,,,,,11043.717116115873,44.2425072864681,-121.19863185687723,Oregon,OR00116
