name,addr:city,addr:housenumber,addr:postcode,addr:state,addr:street,opening_hours,operator,building,golf:course,gnis:feature_id,source,website,phone,contact:website,addr:unit,amenity,amenity_1,amenity_2,closed,golf,source:outline,facebook,sport,email,start_date,operational_status,ref,wikidata,wikipedia,landuse,surface,contact:facebook,golf:par,type,natural,description,area_m2,lat,lon,province,gcid
Falcon Lakes Golf Club,Basehor,4605,66007,KS,Clubhouse Drive,,,,,,,,,,,,,,,,,,,,,,,,,,,,,,,,2830173.1355780517,39.16507587816065,-94.91011851147218,Kansas,KS00212
Unknown Golf Course,,,,,,,,,,,,,,,,,,,,,,,,,,,,,,,,,,,,,2282478.477809295,38.065975122680904,-97.76699733813263,Kansas,KS00190
Colbert Hills Golf Course,,,,,,,,,,,,,,,,,,,,,,,,,,,,,,,,,,multipolygon,,,1698368.83552322,39.21295591364807,-96.642703793633,Kansas,KS00039
Sand Creek Station,Newton,920,67114,,Meadowbrook Drive,,,,,,,https://www.sandcreekgolfclub.com/,+1-316-284-6161,,,,,,,,,,,,,,,Q7415778,,,,,,multipolygon,,,1581975.8059183965,38.019467008361964,-97.36615967310618,Kansas,KS00025
Crestview Country Club,Wichita,1000,67206,,North 127th Street East,,,,,,,https://www.crestviewcountryclub.com/,+1-316-733-1344,,,,,,,,,,,,,,,,,,,,,multipolygon,,,1493529.6977390535,37.70239895379731,-97.1813606212459,Kansas,KS00022
The Jayhawk Club,Lawrence,1809,66047,KS,Birdie Lane,,,,,2510757,USGS GNIS,https://www.thejayhawkclub.com/,,,,,,,,,,,,,,,,,,,,,,multipolygon,,,1432548.462506739,38.95067197495745,-95.29093242162698,Kansas,KS00014
Canyon Farms Golf Club,Lenexa,17501,66219,KS,West 87th Street Parkway,,,,,,,,,,,,,,,,,,,,,,,,,,,,,multipolygon,,,1329095.2439093634,38.964840766332266,-94.79179294236796,Kansas,KS00044
Sykes/Lady Overland Park Golf Complex,,,,,,,,,,,,,,,,,,,,,,,,,,,,,,,,,,multipolygon,,,1322601.0619162756,38.90087190887737,-94.72309312830106,Kansas,KS00008
Flint Hills National Golf Club,Andover,1,67002,,Flint Hills National Drive,,,,,,,https://flinthillsnational.com/,+1-316-733-7272,,,,,,,,,,,,,,,,,,,,,multipolygon,,,1282944.55040854,37.64344040372749,-97.1265239646791,Kansas,KS00023
Eagle Bend Golf Course,,,,,,,,,,2509881,USGS GNIS,,,,,,,,,,bing,,,,,,,,,,,,,,,,1237149.450165918,38.92288198065688,-95.3196129388742,Kansas,KS00087
Sycamore Ridge Golf Club,,,,,,,,,,2509984,USGS GNIS,,,,,,,,,,,,,,,,,,,,,,,,,,1191677.8634512732,38.75616742508634,-94.84106364011717,Kansas,KS00091
Tomahawk Hills Golf Course,Shawnee,17501,66217,KS,Midland Drive,,"Johnson County, Kansas",,,,,https://jcprd.com/329/Tomahawk-Hills,+1-913-631-8000,,,,,,,,,,,,,,,,,,,,,,,,1162114.085863688,38.996694939706494,-94.79076803064113,Kansas,KS00069
Crazy Horse Golf club,,,,,,,,,,,,,,,,,,,,,,,,,,,,,,,,,,,,,1084300.1536971473,38.16646358273098,-97.94850027127183,Kansas,KS00222
Prairie Dunes,,,,,,,,,,,,,,,,,,,,,,,,,,,,,,,,,,,,,1071786.5908683613,38.09239068224078,-97.84740937008,Kansas,KS00191
Oak Country Golf Club,Desota,8800,66018,KS,Scott Drive,,,,,,,https://www.oakcountrygolfcourse.com/,,,,,,,,,,,,,,,,,,,,,,,,,1020519.4860817939,38.96915279872105,-94.96358647776552,Kansas,KS00149
Buffalo Dunes,,,,,,,,,,,,,,,,,,,,,,,,,,,,,,,,,,,,,993408.7788651928,37.87744398044771,-100.870584557481,Kansas,KS00192
Overland Park Golf Course,,,,,,,,,,,,,,,,,,,,,,,,,,,,,,,,,,,,,965729.2461029601,38.90361982427786,-94.71906628209393,Kansas,KS00056
Stagg Hill Golf Course,,,,,,,,,,,,,,,,,,,,,,,,,,,,,,,,,,,,,959699.7900464918,39.15325198075447,-96.62952423669908,Kansas,KS00061
Falcon Lakes Golf Club,,,,,,,,,,,,,,,,,,,,,,,,,,,,,,,,,,,,,953910.6175931331,39.16518648497518,-94.91010019510104,Kansas,KS00150
Shawnee Golf Course & Country Club,Shawnee,6404,66226,KS,Hedge Lane Terrace,,Lindsey Golf Courses,,,,,https://www.shawneegolfcc.com/,+1-913-422-8357,,,,,,,,,,,,,,,,,,,,,multipolygon,,,953370.2655159475,39.0124334325066,-94.8610501453067,Kansas,KS00030
Heritage Park Golf Course,,,,,,,,,,,,,,,,,,,,,,,,,,,,,,,,,,,,,944670.8016400897,38.82769208345393,-94.75502182866758,Kansas,KS00111
Dub's Dread Golf Club,Kansas City,12601,66109,KS,Hollingsworth Road,,,,,,,https://www.dubsdreadgolfclub.com/,+1 913 871 7616,,,,,,,,,,,,,,,,,,,,,,,,941736.0947898909,39.16861895242119,-94.87616954723381,Kansas,KS00152
Metcalf Ridge Golf Course,,,,,,,,,,,,,,,,,,,,,,,,,,,,,,,,,,,,,905986.2808726428,38.5956186323452,-94.66285671852175,Kansas,KS00187
Falcon Ridge Golf Course,,,,,,,,,,,,,,,,,,,,,,,,,,,,,,,,,,multipolygon,,,897290.9853626452,38.95404724952613,-94.82274413380162,Kansas,KS00016
Tex Consolver Golf Course,Wichita,1931,67209,,South Tyler Road,,,,,,,https://www.golfwichita.com/courses/consolver/,+1 316 337 9494,,,,,,,,,,,,,,,,,,,,,,,,893074.7654155995,37.65861606190716,-97.44702078233665,Kansas,KS00120
Willowbend Golf Club,,,,,,,,,,2510209,USGS GNIS,,,,,,,,,,,,,,,,,,,,,,,multipolygon,,,892221.3498336305,37.759567314781314,-97.24488551230837,Kansas,KS00012
Willowbend Golf Club,,,,,,,,,,2510209,USGS GNIS,,,,,,,,,,,,,,,,,,,,,,,multipolygon,,,892221.3498336305,37.759567314781314,-97.24488551230837,Kansas,KS00011
Sunflower Hills Golf Course,Bonner Springs,12200,66012,,Riverview Avenue,,,,,,,http://www.sunflowerhillsgolfcourse.com/,+1 913-573-8570,,,,,,,,,,,,,,,,,,,,,,,,872589.4786516618,39.103115083947536,-94.86665249660618,Kansas,KS00123
Rolling Hills Country Club,Wichita,223,67209,KS,S Westlink St,,,,18_hole,,,,,,,,,,,,,,,,,,,,,,,,,,,,864378.5368933799,37.683321576421946,-97.45691761895236,Kansas,KS00206
Wolf Creek Golf,Olathe,18695,66062,KS,South Lackman Road,,,,,2510776,USGS GNIS,https://wolfcreekks.com/,+1-913-592-4020,,,,,,,,,,,,,,,,,,,,,,,,849009.1240540893,38.79223497171879,-94.7540917573912,Kansas,KS00093
Tamarisk Golf Course,Syracuse,811,67878,KS,East Golf Course Road,,"Hamilton County, KS",,,,,https://www.tamariskgc.com/,+1-620-384-7832,,,,,,,,,,,,,,,,,,,,,,,,841685.0115106176,37.965146864679426,-101.74845880866809,Kansas,KS00193
Nicklaus Golf Club at LionsGate,Overland Park,14225,66223,,Dearborn Avenue,,,,,,,https://www.clubcorp.com/Clubs/Nicklaus-Golf-Club-at-LionsGate,+1-913-402-1000,,,,,,,,,,,,,,,,,,,,,multipolygon,,,837307.7749260602,38.87412854057379,-94.65500719820935,Kansas,KS00020
Prairie Highlands Golf Course,Olathe,14695,66061,KS,South Inverness Street,,,,,,,,,,,,,,,,,,,,,,,,,,,,,multipolygon,,,834941.7014732262,38.86241549635099,-94.88468451029291,Kansas,KS00034
Auburn Hills Golf Course,,,,,,,,,,2509729,,,,,,,,,,,,,,,,,,,,,,,,multipolygon,,,834731.3227605734,37.67182556914928,-97.49789039307647,Kansas,KS00009
St Andrews Golf Club,,,,,,,,,,,,,,,,,,,,,,,,,,,,,,,,,,,,,833476.4802027133,38.87887466958548,-94.71201429141685,Kansas,KS00059
Tall Grass Country Club,Wichita,2400,67226,,North Tallgrass Street,,,,,,,http://www.tallgrasscc.com/,+1-316-684-4110,,,,,,,,,,,,,,,,,,,,,multipolygon,,,825064.3520006682,37.72938592927945,-97.23591067849284,Kansas,KS00007
The Derby Golf and Country Club,,,,,,,,,,2510042,USGS GNIS,,,,,,,,,,,,,,,,,,,,,,,multipolygon,,,815224.5645288208,37.56919575103216,-97.2542342292804,Kansas,KS00042
The Derby Golf and Country Club,,,,,,,,,,2510042,USGS GNIS,,,,,,,,,,,,,,,,,,,,,,,multipolygon,,,815224.5645288208,37.56919575103216,-97.2542342292804,Kansas,KS00041
Firekeeper Golf Course,Mayetta,12524,66509,,150 Road,,,,,,,https://www.firekeepergolf.com/,,,,,,,,,,,,,,,,,,,,,,,,,813655.00852476,39.32156306786362,-95.7465454953222,Kansas,KS00185
Ironhorse Golf Club,Leawood,15400,66224,,Mission Road,,Troon Golf,,,,P. Todd Decker,https://www.ironhorsegolf.com/,+1 913-685-4653,,,,,,,,,,,,,,,,,,,,,,,,806172.9848181322,38.851015547222154,-94.63543660250846,Kansas,KS00110
Turkey Creek Golf Course,,,,,,,,,,,,,,,,,,,,,,,,,,,,,,,,,,,,,804927.1057819852,38.354578982887105,-97.65300225022479,Kansas,KS00055
Shadow Glen Golf Club,Olathe,26000,66061,KS,Shadow Glen Drive,,,,,,,https://www.shadowglen.org/,+1-913-764-2299,,,,,,,,,,,,,,,,,,,,,multipolygon,,Private Golf Club,803926.8685349682,38.93728965048817,-94.89390686357171,Kansas,KS00031
Hallbrook Country Club,Leawood,11200,66211,KS,Overbrook Road,,,,,,,https://www.hallbrookcc.org/,,,,,,,,,,,,,,,,,,,,,,multipolygon,,,797485.3985942241,38.92244033881725,-94.6161872142934,Kansas,KS00036
Crestwood Country Club,,,,,,,,,,,,,,,,,,,,,,,,,,,,,,,,,,,,,785201.7565084089,37.38684005775086,-94.74849639608121,Kansas,KS00221
Hillcrest Golf Course,,,,,,,,,,,,,,,,,,,,,,,,,,,,,,,,,,,,,777122.5479008373,37.061788144078626,-95.64451039903835,Kansas,KS00186
Quail Ridge Golf Course,,,,,,,,,,,bing,,,,,,,,,,,,,,,,,,,,,,,multipolygon,,,768927.3882848339,37.20721282334307,-96.99093510980924,Kansas,KS00046
Lake Shawnee Golf Course,,,,,,,,,,2509702,USGS GNIS,,,,,,,,,,,,,,,,,,,,,,,multipolygon,,,763844.4350129758,38.993276453870166,-95.62625436351674,Kansas,KS00013
Coffeyville Country Club,,,,,,,,,,,,https://www.coffeyville.cc/,,,,,,,,,,,,,,,,,,,,,,multipolygon,,,760519.4444909474,37.057349882558846,-95.6780156907522,Kansas,KS00037
Coffeyville Country Club,,,,,,,,,,,,https://www.coffeyville.cc/,,,,,,,,,,,,,,,,,,,,,,multipolygon,,,760519.4444909474,37.057349882558846,-95.6780156907522,Kansas,KS00038
Hidden Lake Golf Course,,,,,,,,,,2510065,USGS GNIS,,,,,,,,,,,,,,,,,,,,,,,multipolygon,,,744631.8594078843,37.58132641756736,-97.20308909571642,Kansas,KS00035
Winfield Country Club,,,,,,,,,,,bing,,,,,,,,,,,,,,,,,,,,,,,,,,743329.5778068955,37.21955657501533,-97.01710695311334,Kansas,KS00102
Unknown Golf Course,,,,,,,,,,,,,,,,,,,,,,,,,,,,,,,,,,,,,742875.9532607017,38.13767176231314,-97.41525934874592,Kansas,KS00052
Village Greens Golf Course,,,,,,,,,,2509800,USGS GNIS,,,,,,,,,,bing,,,,,,,,,,,,,,,,735786.2849892669,39.22678010069336,-95.52094991232377,Kansas,KS00085
Atchison Golf Club at Bellevue,Atchison,1713,66002,KS,Country Club Rd,,,,,,,https://www.nekgolf.com/,,,,,,,,,,,,,,,,,,,,,,multipolygon,,,735541.1050985787,39.57792699520825,-95.14815790170701,Kansas,KS00033
Prairie View Golf Club,,,,,,,,,,2509859,USGS GNIS,,,,,,,,,,bing,,,,,,,,,,,,,,,,725327.5471454763,38.989035316227856,-95.84907896222647,Kansas,KS00084
Emporia Golf Course,Emporia,,66801,,,,,,,,,,,https://www.emporiagolfcourse.com/,,,,,,,,,,,,,,,,,,,,,,,725060.7971799778,38.323125839458775,-96.1876553420726,Kansas,KS00174
Wichita Country Club,Wichita,8501,66206,,East 13th Street North,,,,,,,https://www.wichitacountryclub.org/,+1 316 634 2882,,,,,,,,,,,,,,,,,,,,,,,,720007.4602578662,37.70470056172022,-97.24003816774936,Kansas,KS00065
Woodland Hills Golf Course,Fort Scott,2414,66701,,Horton Street,,,,,,,,+1 620 223 5060,,,,,,,,,,,,,,,,,,,,,,,,719254.3119150866,37.8116231429016,-94.72146816025746,Kansas,KS00144
Hays Municipal Golf Course,Hays,1450,67601,,Golf Course Road,,,,,,,https://www.haysusa.com/html/golf_course.html,+1 785 625 9949,,,,,,,,,,,,,,,,,,,,,,,,718830.9103414818,38.86378149852765,-99.34625528333058,Kansas,KS00138
Cypress Ridge Golf Course,,,,,,,,,,2510039,USGS GNIS,,,,,,,,,,bing,,,,,,,,,,,,,,,,709484.7680210951,39.021626030938485,-95.78560849642592,Kansas,KS00081
Salina Municipal Golf Course,Salina,2500,67401,KS,East Crawford,Mo-Su 08:00-17:00,,,,,,https://www.salinamuni.com/,+1-785-826-7450,,,,,,,,,,,,,,,,,,,,,,,,701224.467191444,38.821611252797894,-97.56817082632573,Kansas,KS00096
Carey Park Golf Course,,,,,,,,,,,,,,http://www.careyparkgolf.com/,,,,,,,,,,,,,,,,,,,,,,,679058.9937766105,38.025443874626895,-97.9180137087262,Kansas,KS00172
Milburn Country Club,Overland Park,7501,66204,,West 69th Street,,,,,,Bing,https://www.milburn.org/,+1 913-432-0490,,,,,,,,,,,,,,,,,,,,,,,,678932.4728390499,39.00423315983498,-94.67644576295466,Kansas,KS00067
Mariah Hills Golf Course,Dodge City,1800,67801,KS,Matt Down Road,,,,,,,,,,,,,,,,,,,,,,,,,,,,,,,,672580.3477842335,37.769180431944775,-100.04645638243092,Kansas,KS00127
Wamego Country Club,Wamego,1900,66547,KS,Country Club Drive,"Apr-Sep Mo 10:00-22:00; Apr-Sep Tu-Th 08:00-22:00; Apr-Sep Fr-Sa 07:30-22:00; Apr-Sep Su 07:30-20:00; Oct-Mar Mo 11:00-20:00; Oct-Mar Tu, Th, Sa 09:00-21:00; Oct-Mar We, Fr 09:00-22:00; Oct-Mar Su 09:00-18:00",,,,,,https://www.wamegocountryclub.com/,+1-785-456-2649,,,,,,,,,,,,,,,,,,,,,multipolygon,,,661053.4580681325,39.2069061077837,-96.3249356737089,Kansas,KS00043
Sugar Hills Golf Club,,,,,,,,,,,,https://sugarhillsgolfclub.com/,,,,,,,,,,,,,,,,,,,,,,,,,658441.261786575,39.347242746861085,-101.78714813415183,Kansas,KS00155
Alfred MacDonald Golf Course,Wichita,840,,KS,Yale Ave,,,,,,,,,,,,,,,,,,,,,,,,,,,,,,,,652547.164815873,37.70304827018005,-97.28879410879792,Kansas,KS00064
Manhattan Country Club,,,,,,,,,,,,,,,,,,,,,,,,,,,,,,,,,,,,,644066.7203900615,39.19902591484984,-96.56792565450402,Kansas,KS00060
Deer Creek Golf Club,,,,,,,,,,,,https://www.deercreekgc.com/,+1-913-681-3100,,,,,,,,,,golf,,,,,Q5250718,,,,,,multipolygon,,,642814.9871429291,38.891461251751714,-94.66111673052767,Kansas,KS00019
Prairie Trails Golf Course,El Dorado,1100,67042,,Country Club Lane,,,,,,,http://www.prairietrails.com/,+1 316 321 4114,,,,,,,,,,,,,,,,,,,,,,,,641493.3484873613,37.837024927450464,-96.8352716729987,Kansas,KS00142
Arkansas City Country Club,,,,,,,,,,,bing,,,,,,,,,,,,,,,,,,,,,,,,,,641472.6368148904,37.07400801497641,-97.00879449651725,Kansas,KS00104
Trails West Golf Course,Fort Leavenworth,306,66027,,Cody Road,Mo-Su 07:30-dusk,,,18_hole,,,http://fortleavenworthfmwr.com/index.php/recreation/golf,+1-913-651-7176,,,,,,,,,,,,,,,,,,,,71,multipolygon,,,636842.7955004104,39.347943240180065,-94.92483486186711,Kansas,KS00040
Terradyne Country Club,Andover,1400,67002,,Terradyne Drive,,,,,,,https://www.terradynecountryclub.com/,+1-316-733-2582,,,,,,,,,,,,,,,,,,,,,multipolygon,,,632195.9534583264,37.701588230835796,-97.14561597126495,Kansas,KS00024
Cherry Oaks Golf Course,Cheney,119,67025,,North Main Street,,,,,,,https://www.cherryoaksgc.com/,+1 316 540 0133,,,,,,,,,,,,,,,,,,,,,,,,617793.2428592726,37.6393575451859,-97.78509050237675,Kansas,KS00116
Cherry Oaks Golf Course,Cheney,119,67025,,North Main Street,,,,,,,https://www.cherryoaksgc.com/,+1 316 540 0133,,,,,,,,,,,,,,,,,,,,,,,,617793.2428592726,37.6393575451859,-97.78509050237675,Kansas,KS00115
Salina Country Club,,,,,,,,,,,,,,,,,,,,,,,,,,,,,,,,,,,,,616558.7487350516,38.84478751595955,-97.57101730748316,Kansas,KS00095
Country Club of Leawood,Leawood,12700,66209,,Overbrook Court,,,,,,,http://www.ccleawood.com/,+1-913-491-3888,,,,,,,,,,,,,,,,,,,,,multipolygon,,,614427.2567756618,38.896963582324766,-94.6196930130373,Kansas,KS00018
Junction City Golf Course,,,,,,,,,,483630,USGS GNIS,,,,,,,,,,,,,,,,,,,,,,,,,,614160.9204485766,39.08628545452905,-96.87949866282304,Kansas,KS00075
Reflection Ridge Golf Club,,,,,,,,,,2510200,,,,,,,,,,,,,,,,,,,,,,,,multipolygon,,,596328.0289877773,37.72855784937803,-97.43469362670008,Kansas,KS00010
The Kansas City Country Club,Mission Hills,6200,66208,,Indian Lane,,,,,,Bing,https://kccc.com/,+1 913-236-2100,,,,,,,,,,,,,,,Q6364710,en:Kansas City Country Club,,,,,,,,587433.6151346887,39.021135676703956,-94.62072592942414,Kansas,KS00072
Topeka Country Club,,,,,,,,,,,,,,,,,,,,,,,,,,,,,,,,,,,,,577069.6192201244,39.01923578870269,-95.69191913567163,Kansas,KS00098
Willow Tree Golf Course,Liberal,1800,67901,KS,West 15th Street,,City of Liberal,,,,,,+1 620 626 0175,,,,,,,,,,,,,,,,,,,,,,,,571373.9254585655,37.05327349518828,-100.94988553928424,Kansas,KS00134
Shawnee Country Club,,,,,,,,,,,bing,,,,,,,,,,,,,,,,,,,,,,,,,,569598.3208565897,39.01108883924442,-95.66615493445099,Kansas,KS00099
Smoky Hill Country Club,Hays,3303,67601,KS,Hall,,,,,,,https://www.smokyhillcc.com/,,,,,,,,,,,,,,,,,,,,,,,,,564556.1152506148,38.8935595518788,-99.34248021487353,Kansas,KS00132
Lake Quivira Country Club,,,,,,,,,,,,,,,,,,,,,,,,,,,,,,,,,,,,,556720.5717703257,39.04541111817622,-94.76639879923924,Kansas,KS00062
Gardner Golf Course,Gardner,15810,66030,KS,South Gardner Road,,,,,,,https://www.gardnergolf.com/,+1-913-856-8858,,,,,,,,,,,,,,,,,,,,,,,,551050.6260576867,38.8437700957657,-94.93241177784508,Kansas,KS00092
Indian Hills Country Club,Mission Hills,6847,66208,,Tomahawk Road,,,,,,,https://www.ihcckc.com/,+1 913-362-6200,,,,,,,,,,,,,,,Q6020474,en:Indian Hills Country Club,,,,,,,,544066.8650941994,39.00274150472349,-94.6234857626579,Kansas,KS00121
Independence Golf Club,,,,,,,,,,,,,,,,,,,,,,,,,,,,,,,,,,,,,544051.1549400897,37.25623854231032,-95.71523754305424,Kansas,KS00180
Lawrence Country Club,Lawrence,400,66049,KS,Country Club Terrace,,,,,,,https://www.lawrencecountryclub.com/,+1-785-843-2866,,,,,,,,,,,,,,,,,,,,,multipolygon,,,532988.3517586703,38.978733116681035,-95.26619648438846,Kansas,KS00015
Arthur B. Sim Golf Course,,,,,,,,,,2509926,USGS GNIS,,,,,,,,,,,,,,,,,,,,,,,,,,531472.8054073098,37.70084421650234,-97.36611899310823,Kansas,KS00080
Stoneridge Country Club,Great Bend,1438,67530,,24th Street,,,,,,,http://www.stoneridgegbks.com/,+1-620-792-4303,,,,,,,,,,,,,,,,,,,,,multipolygon,,,521998.3982318227,38.38009972987794,-98.75956315209024,Kansas,KS00026
Seneca Golf Club,,,,,,,,,,,,,,http://senecagolf.net/,,,,,,,,,,,,,,,,,,,,,,,521294.31883676606,39.845616471465625,-96.07984702775076,Kansas,KS00171
Spring Hill Golf Course,,,,,,,,,,,bing,http://www.springhillgolf.net/,,,,,,,,,,,,,,,,,,,,,,,,,520735.00353414146,37.09605718362184,-97.0340017896549,Kansas,KS00103
Western Hill Golf Club,,,,KS,,,,,,2510228,USGS GNIS,,,,,,,,,,bing,,,,,,,,,,,,,,,,518274.8803143298,39.025268330741504,-95.82157958281185,Kansas,KS00086
Dodge City County Club,Dodge City,1900,67801,KS,Country Club Drive,,,,,,,,,,,,,,,,,,,,,,,,,,,,,multipolygon,,,516392.45007132855,37.767770326809476,-100.00561748112663,Kansas,KS00021
Wellington Golf Club,Wellington,1500,67152,,West Harvey Avenue,,,,,,,https://www.wellingtongolfclub.com/,+1 620 326 7904,,,,,,,,,,,,,,,,,,,,,,,,512463.74184567627,37.26449843495107,-97.4158338524693,Kansas,KS00125
Mission Hills Country Club,Mission Hills,5400,66208,,Mission Drive,,,,,,,https://www.missionhillscc.com/,+1 913-722-5400,,,,,,,,,,,,,,,Q6878607,en:Mission Hills Country Club (Kansas),,,,,,,,496728.1888229654,39.02944026029184,-94.61286387492015,Kansas,KS00122
Mission Lake Country Club,,,,,,,,,,,,,,,,,,,,,,,,,,,,,,,,,,,,,459214.6311960357,39.683783484439196,-95.51379447524047,Kansas,KS00194
Painted Hills Golf Club,Kansas City,7101,66112,,Parallel Parkway,,,,,,,http://www.paintedhillsgolfclub.com/,+1-913-334-1111,,,,,,,,,,,,,,,,,,,,,multipolygon,,,456163.2456464658,39.1241736950729,-94.74243627176578,Kansas,KS00027
Unknown Golf Course,,,,,,,,,,,,,,,,,,,,,,,,,,,,,,,,,,,,,441846.1892722186,38.12821160691646,-94.80660322260086,Kansas,KS00181
Falcon Valley Golf Course,Lenexa,9801,66220,KS,Falcon Valley Drive,,,,,,,https://www.falconvalleygolf.com/,+1-913-780-5976,,,,,,,,,,,,,,,,,,,,,multipolygon,,,432632.5454264819,38.949058817757276,-94.80674472759672,Kansas,KS00017
Leavenworth Golf Club (CLOSED),,,,,,,,,,,,,,,,,,,,,,,,,,closed,,,,,,,,,,,429922.7928897345,39.264314932917884,-94.90521569355737,Kansas,KS00107
Unknown Golf Course,,,,,,,,,,,,,,,,,,,,,,,,,,,,,,,,,,,,,429411.21658577933,39.816525931365,-99.87655816816971,Kansas,KS00213
Cimarron Golf Club,,,,,,,,,,,,,,,,,,,,,,,,,,,,,,,,,,,,,416096.81030253426,37.81238447236296,-100.35427755929862,Kansas,KS00128
Meadow Lake Golf Course,,,,,,,,,,,,,,,,,,,,,,,,,,,,,,,,,,,,,411703.3865551036,39.406446168384036,-101.03190004993095,Kansas,KS00153
Four Oaks Golf Course,,,,,,,,,,,,,,,,,,,,,,,,,,,,,,,,,,,,,411180.723926365,37.42239483588283,-94.71419305219267,Kansas,KS00183
University Park Golf Course,,,,,,,,,,,,,,,,,,,,,,,,,,,,,,,,,,,,,410643.94876296987,39.365749431210524,-96.71420248485076,Kansas,KS00199
Stone Creek Golf Course,Chanute,511,66720,,South Country Club Road,,,,,,,https://www.chanute.org/225/Stone-Creek-Golf-Course,+1 620 432 8056,,,,,,,,,,,,,,,,,,,,,,,,405658.3630556395,37.67874384505575,-95.49255010722678,Kansas,KS00139
Shady Bend Golf Course,,,,,,,,,,,,,,,,,,,,,,,,,,,,,,,,,,,,,393323.0415450644,39.43732393787952,-98.72318213597354,Kansas,KS00114
Unknown Golf Course,,,,,,,,,,,,,,,,,,,,,,,,,,,,,,,,,,,,,377753.57834052056,39.35199738601058,-100.45417555925287,Kansas,KS00124
Paola Golf Club,,,,,,,,,,485426,USGS GNIS,,,,,,,,,,,,,,,,,,,,,,,,,,367228.3945409436,38.59040224645498,-94.86619761736735,Kansas,KS00090
Cedar Hills Golf Course,,,,,,,,,,,,,,,,,,,,,,,,,,,,,,,,,,,,,363044.24116393185,39.76074228306303,-97.04459340395788,Kansas,KS00156
Augusta Country Club,,,,,,,,,,,,https://www.augustaccgolf.com/,,,,,,,,,,,,,,,,,,,,,,,,,360888.940917272,37.69368706232859,-96.96560688120081,Kansas,KS00101
Rooks County Country Club,,,,,,,,,,,,,,,,,,,,,,,,,,,,,,,,,,,,,359106.73955567507,39.30309498292093,-99.30045297772762,Kansas,KS00204
Unknown Golf Course,,,,,,,,,,,,,,,,,,,,,,,,,,,,,,,,,,,,,359055.4206980566,38.93354138495678,-97.23482619082668,Kansas,KS00054
Sabetha Golf Club,Sabetha,2551,66534,KS,X Road,,,,,,,https://www.sabethagolfclub.com/golf,+1 785 284 2023,,,,,,,,,,,,,,,,,,,,,,,,358957.54909791995,39.923118348790325,-95.81136434636879,Kansas,KS00195
Westlinks Golf Course,,,,,,,,,,,,,,,,,,,,,,,,,,,,,,,,,,,,,356871.81581331586,38.89343382045844,-94.7339930410614,Kansas,KS00057
Atwood Country Club,,,,,,,,,,,,,,,,,,,,,,,,,,,,,,,,,,,,,349852.3126091015,39.81934081475511,-101.04188670991698,Kansas,KS00160
Downs Golf Club,,,,,,,,,,,,,,,,,,,,,,,,,,,,,,,,,,,,,342309.4349823474,39.57235564810398,-98.54573184984115,Kansas,KS00168
Allen County Country Club,,,,,,,,,,,,,,,,,,,,,,,,,,,,,,,,,,,,,341293.3920690785,37.925841816004464,-95.35652320129843,Kansas,KS00169
Forbes Public Golf Course,,,,,,,,,,2510131,USGS GNIS,,,,,,,,,,bing,,,,,,,,,,,,,,,,337987.1974568368,38.938636629251,-95.69434180457087,Kansas,KS00082
Smith Center Municipal Golf Course,smith center,20082,66967,ks,us 281,,,,,,,,,,,,,,,,,,,,,,,,,,,,,,,,337984.87502300565,39.71770949783819,-98.78216635506023,Kansas,KS00219
Osacge City Golf Club,Osage City,1401,66523,,South 4th Street,,,,,,,http://www.osagecitygolf.com/,,,,,,,,,,,,,,,,,,,,,,,,,337732.7673834434,38.611774037979345,-95.83597517210661,Kansas,KS00178
Unknown Golf Course,,,,,,,,,,,bing,,,,,,,,,,,,,,,,,,,,,,,,,,333818.22405539727,38.48370426140027,-101.33606786527528,Kansas,KS00071
Unknown Golf Course,,,,,,,,,,,bing,,,,,,,,,,,,,,,,,,,,,,,,,,333546.84762852726,38.47856564156018,-101.75750422520736,Kansas,KS00070
Unknown Golf Course,,,,,,,,,,,,,,,,,,,,,,,,,,,,,,,,,,,,,326985.22753045877,39.50666662625139,-98.41791226483006,Kansas,KS00215
Unknown Golf Course,,,,,,,,,,,,,,,,,,,,,,,,,,,,,,,,,,,,,323890.02056014154,38.467423864230994,-97.66946866548251,Kansas,KS00154
Forewinds Municipal Golf Club,,,,,,,,,,,,,,,,,,,,,,,,,,,,,,,,,,,,,323799.8827320579,37.17495035608709,-101.3993854960391,Kansas,KS00176
Unknown Golf Course,,,,,,,,,,,,,,,,,,,,,,,,,,,,,,,,,,,,,322436.1469696023,37.198029609068676,-99.77360773410756,Kansas,KS00159
Cool Springs Golf Course,Onaga,20770,66521,,Kelley Creek Road,,,,,,,http://coolspringsgc.com/,+1 785 889 7128,,,,,,,,,,,,,,,,,,,,,,,,318146.027320073,39.50429402960254,-96.17708975785922,Kansas,KS00165
Unknown Golf Course,,,,,,,,,,,,,,,,,,,,,,,,,,,,,,,,,,,,,314329.6099125074,37.51243523652439,-95.83097674178866,Kansas,KS00166
Berkshire Country Club,,,,,,,,,,,,,,,,,,,,,,,,,,,,,,,,,,,,,313446.1175884083,38.98195319426024,-95.72458709954032,Kansas,KS00106
Saint Marys Municipal Golf Course,Saint Marys,604,66067,,Golf Course Lane,,,,,,,https://www.smks.info/golf.html,+1 785 437 6454,,,,,,,,,,,,,,,,,,,,,,,,312833.3314078673,39.19083287963663,-96.05178514465688,Kansas,KS00146
Clearwater Golf Course,,,,,,,,,,2510496,USGS GNIS,,,,,,,,,,,,,,,,,,,,,,,,,,310480.73461803905,37.523084447232954,-97.50311608584904,Kansas,KS00078
Stanton County Prairie Pines Golf Course,Johnson City,50,67855,KS,North Airport Road,,,,,,,,,,,,,,,,,,,,,,,,,,,,,,,,305337.50802102796,37.57916021218141,-101.73943860475434,Kansas,KS00129
Unknown Golf Course,,,,,,,,,,,,,,,,,,,,,,,,,,,,,,,,,,,,,298351.27887270745,39.471451804819345,-98.69727055087523,Kansas,KS00214
Smiley's Golf Complex,,,,,,,,,,,,,,,,,,,,,,,,,,,,,,,,,,,,,296218.03228197095,38.94416232279569,-94.84782327525527,Kansas,KS00049
Indian Hill Golf Course,,,,,,,City of Chapman,,,485402,,,,,,,,,,,,,,,,,,,,,,,,,,,294657.0165183911,38.97505233673684,-97.0355815105893,Kansas,KS00074
Riverside Recreation Golf Course,,,,,,,,,,,,,,,,,,,,,,,,,,,,,,,,,,,,,289249.58364820684,39.76503206847654,-101.8376283658328,Kansas,KS00133
Marysville Country club,,,,,,,,,,,,,,,,,,,,,,,,,,,,,,,,,,,,,288271.27710468037,39.8438233176021,-96.62373024086868,Kansas,KS00068
Unknown Golf Course,,,,,,,,,,2510466,USGS GNIS,,,,,,,,,,,,,,,,,,,,,,,multipolygon,,,284870.0688516452,37.65267254990914,-97.18290062738183,Kansas,KS00032
Unknown Golf Course,,,,,,,,,,,,,,,,,,,,,,,,,,,,,,,,,,,,,284116.1933693207,37.13924834439242,-96.18920694448855,Kansas,KS00162
Unknown Golf Course,,,,,,,,,,,,,,,,,,,,,,,,,,,,,,,,,,,,,284032.81708458153,38.930814911738544,-99.55139640046704,Kansas,KS00148
Beloit Country Club,,,,,,,,,,,,,,,,,,,,,,,,,,,,,,,,,,,,,283763.0864461416,39.46327064811457,-98.08589127854022,Kansas,KS00108
Eudora Riverview Golf Course,,,,,,,,,,2509962,USGS GNIS,,,,,,,,,,,,,,,,,,,,,,,,,,283305.82553735515,38.96119871960495,-95.11077777145474,Kansas,KS00089
Herington Country Club,Herington,2426,67449,,400 Avenue,,,,,,,,,,,,,,,,,,,,,,,,,,,,,,,,282365.74404177815,38.65005843393216,-96.9459294558755,Kansas,KS00173
Unknown Golf Course,,,,,,,,,,,,,,,,,,,,,,,,,,,,,,,,,,,,,282144.9410178836,37.88565594325943,-99.39116977197267,Kansas,KS00210
Unknown Golf Course,,,,,,,,,,,,,,,,,,,,,,,,,,,,,,,,,,,,,282144.9410178836,37.88565594325943,-99.39116977197267,Kansas,KS00211
Wildcat Creek Golf & Fitness,,,,,Wildcat Creek Golf & Fitness,,,,,,,,,,,,,,,,,,,,,,,,,,,,,,,,281460.64850019035,39.18413024801366,-96.62493075488084,Kansas,KS00058
Fox Ridge Golf Club,Newton,800,67114,,South Kansas Avenue,,,,,,,https://www.foxridgegc.com/,+1 316 283 4666,,,,,,permanently,,,,,,,,,,,,,,,,,,278787.3402959424,38.0334597522418,-97.33158169401874,Kansas,KS00051
Baldwin Golf Course,,,,,,,,,,2510327,USGS GNIS,,,,,,,,,,,,,,,,,,,,,,,,,,276775.0820755609,38.77063611508123,-95.19805491319029,Kansas,KS00088
Katy Golf Course,,,,,,,,,,,,,,,,,,,,,,,,,,,,,,,,,,,,,274776.3217314084,37.36014448200534,-95.27191579248324,Kansas,KS00048
Country Club,,,,,,,,,,,,,,,,,,,,,,,,,,,,,,,,,,,,,270855.2220303845,37.05960352166836,-100.92793996373011,Kansas,KS00135
Garnett Country Club,,,,,,,,,,,,https://www.simplygarnett.com/country-club.html,+1 785 304 0727,,,,,,,,,,,,,,,,,,,,,,,,269369.6675455943,38.29562421090281,-95.23744668124806,Kansas,KS00161
Sharon Springs Golf Course,,,,,,,,,9_hole,,,,,,,,,,,,,,,,,,,,,,,,34,,,,268138.5998293611,38.8792639218924,-101.7531356855029,Kansas,KS00203
Unknown Golf Course,,,,,,,,,,,,,,,,,,,,,,,,,,,,,,,,,,,,,266503.240667001,37.26861376916648,-100.58754314703192,Kansas,KS00196
Junction City Golf Course,Junction City,1301,66441,,West 8th Street,,,,,,,https://greatlifegolf.com/junctioncity/,+1 785 579 6050,,,,,,,,,,,,,,,,,,,,,,,,266010.1955351928,39.02617443935413,-96.85567620656137,Kansas,KS00141
Eureka Golf Course,Eureka,1563,67045,KS,N Road,,,,,,,,,,,,,,,,,,,,,,,,,,,,,,,,265202.4917738859,37.83693516140644,-96.30839636309199,Kansas,KS00143
Parsons Country Club,,,,,,,,,,,,,,,,,,,,,,,,,,,,,,,,,,,,,261884.79866955313,37.33716082199544,-95.3248265416987,Kansas,KS00047
Unknown Golf Course,,,,,,,,,,,Bing,,,,,,,,,,,,,,,,,,,,,,,multipolygon,,,260408.88782460583,37.6847064876063,-97.14556831954827,Kansas,KS00045
Unknown Golf Course,,,,,,,,,,,,,,,,,,,,,,,,,,,,,,,,,,,,,260139.01621492987,38.6614547780621,-96.50559361285546,Kansas,KS00167
Unknown Golf Course,,,,,,,,,,,,,,,,,,,,,,,,,,,,,,,,,,,,,259516.84625318396,37.268690323827045,-100.34872318391396,Kansas,KS00224
Rolling Acres Golf Club,,,,,,,,,,485404,USGS GNIS,,,,,,,,,,,,,,,,,,,,,,,,,,258216.56688937006,38.46017102290441,-97.65608372593054,Kansas,KS00076
Unknown Golf Course,Ottawa,1001,66067,,East Logan Street,,GreatLife Golf & Fitness,,,,,https://greatlifegolf.com/ottawa/,+1 785 242 3734,,,,,,,,,,,,,,,,,,,,,,,,257785.540261061,38.62522115929759,-95.25218632508725,Kansas,KS00145
The Oaks Golf Course,,,,,,,,,,,,,,,,,,,,,,,,,,,,,,,,,,,,,257734.81759246642,39.283247213564906,-94.9208718232281,Kansas,KS00063
Lindsborg Golf Course,Lindsborg,1541,66212,KS,Svensk,,City of Lindsborg,,,,,,+1 785-227-2244,,Rd,toilets,shelter,concessions,,,,,,,,,,,,,,,,,,,257664.16072057045,38.56120902985818,-97.64172682930048,Kansas,KS00205
Unknown Golf Course,,,,,,,,,,,,,,,,,,,,,,,,,,,,,,,,,,,,,256653.03440723164,38.54542466131746,-99.89787066009274,Kansas,KS00157
Belleville Country Club,,,,,,,,,,,,,,,,,,,,,,,,,,,,,,,,,,,,,255470.0491452183,39.81757525422793,-97.61864703294009,Kansas,KS00112
Cedarbrook Golf Course,Iola,2700,66749,,North Cottonwood Street,,,,,,,https://greatlifegolf.com/,,,,,,,,,,,,,,,,,,,,,,,,,255334.60472498805,37.948886343745244,-95.3968767049006,Kansas,KS00140
Unknown Golf Course,Topeka,6545,66615,KS,Southwest 10th Avenue,,,,,,esri_USDOT_Kansas,,,,,,,,,,,,golf,,,,,,,,,,,,,,252170.81643866943,39.04771186690228,-95.7736582980402,Kansas,KS00100
Point Rock Golf Club,,,,,,,,,,,,,,,,,,,,,,,,,,,,,,,,,,,,,251577.62838709753,36.99787731291898,-101.88832112521324,Kansas,KS00175
Humboldt Golf Course,,,,,,,,,,,,,,,,,,,,,,,,,,,,,,,,,,,,,251237.47788279434,37.82178474460772,-95.44230087769688,Kansas,KS00170
Cannonball Golf Course,Greensburg,,,KS,,,,,,2121036,USGS GNIS,,,,,,,,,,,,,,,,,,,,,,,,,,251147.8403524823,37.6039437904786,-99.27905152256373,Kansas,KS00073
Unknown Golf Course,,,,,,,,,,,,,,,,,,,,,,,,,,,,,,,,,,multipolygon,,,249043.02743283357,38.938054139271756,-94.69252994468307,Kansas,KS00028
Madison Golf Course,,,,,,,,,,485407,USGS GNIS,,,,,,,,,,,,,,,,,,,,,,,,,,245785.80565849826,38.123124063144225,-96.14378116616537,Kansas,KS00077
Crawford Hills,,,,,,,,,,,,,,,,,,,,,,,,,,,,,,,,https://www.facebook.com/crawfordhillsgirardkansas/,,,,,243149.3678527875,37.50954999967658,-94.81348353771071,Kansas,KS00184
Unknown Golf Course,,,,,,,,,,,,,,,,,,,,,,,,,,,,,,,,,,,,,242056.12293972116,39.37006946499033,-99.8304162767848,Kansas,KS00220
Hillsboro Municipal Golf Course,,,,,,,,,,,,,,,,,,,,,,,,,,,,,,,,,,,,,238567.632942049,38.34339426034851,-97.2084789423497,Kansas,KS00050
Unknown Golf Course,,,,,,,,,,,,,,,,,,,,,,,,,,,,,,,,,,,,,236992.85392663215,38.533371791809245,-98.49702488159136,Kansas,KS00198
Unknown Golf Course,,,,,,,,,,,,,,,,,,,,,,,,,,,,,,,,,,,,,233987.80247458495,37.273761326102864,-98.55292259625026,Kansas,KS00164
Burning Tree Golf Club,De Soto,7909,66018,,Wyandotte Street,,,,,2510204,USGS GNIS,https://www.greatlife-burningtree.com/golf-course/,+1 913 301 3000,,,,,,,,,,,,,,,,,,,,,,,,233546.74246930206,38.98435846129785,-94.96002623841873,Kansas,KS00094
Unknown Golf Course,,,,,,,,,,,,,,,,,,,,,,,,,,,,,,,,,,,,,232238.25493239975,37.655450744682256,-98.1323093059655,Kansas,KS00197
Unknown Golf Course,,,,,,,,,,,bing,,,,,,,,,,,,,,,,,,,,,,,,,,228111.13790355442,38.72340289445386,-98.21829700026538,Kansas,KS00105
Lakin Municipal Golf Course,Lakin,408,67860,,County Road O,,,,,,,https://www.kearnycountykansas.com/golf-course/,+1 620 355 6946,,,,,,,,,,,,,,,,,,,,,,,,227285.3632016421,37.94040284116943,-101.28326662216885,Kansas,KS00117
North Topeka Golf Center,,,,,,,,,,2511114,,,,,,,,,,,,http://www.facebook.com/143362669031881,,,,,,,,,,,,,,,226465.8034437846,39.093355582231645,-95.65480368823248,Kansas,KS00083
Pineview Country Club,,,,,,,,,,,,https://www.facebook.com/PineviewCountryClub/,,,,,,,,,,,,,,,,,,,,,,,,,223329.4872673189,39.52578596898735,-95.18218850764754,Kansas,KS00217
Coldwater Country Club,,,,,,,,,10_hole,,,,,,,,,,,,,,,,,,,,,,,,,,,,220494.82140226514,37.24614260942359,-99.33948788171944,Kansas,KS00202
Lakeside Golf Course (Pasture),,,,,,,,,,,,https://www.pasturegolf.com/courses/lakeside.htm,,,,,,,,,,,,,,,,,,,,,,,,,217370.04483321344,37.870444389555054,-95.74886745718227,Kansas,KS00189
Unknown Golf Course,,,,,,,,,,,,,,,,,,,,,,,,,,,,,,,,,,,,,217181.69687036212,38.49443298488472,-100.90426531805677,Kansas,KS00158
Unknown Golf Course,,,,,,,,,,,,,,,,,,,,,,,,,,,,,,,,,,,,,214043.66673751117,37.17180228686871,-98.05472575146632,Kansas,KS00126
Rock Creek Country Club,Burlington,304,66839,,North 16th Street,,,,,,,https://www.rockcreekcountryclub.com/,+1 620 364 2145,,,,,,,,,,,,,,,,,,,,,,,,213280.98151749827,38.197084274965604,-95.7593484018215,Kansas,KS00118
Phillipsburg Golf Club,Phillipsburg,,67661,,East Highway 36,,,,,,,http://www.phillipsburggolf.com/,+1 785 533 1345,,,,,,,,,,,,,,,,,,,,,,,,213105.72229731182,39.757891356577645,-99.31201791128711,Kansas,KS00136
Unknown Golf Course,,,,,,,,,,,,,,,,,,,,,,,,,,,,,,,,,,,,,212795.40727729475,39.115937871974026,-97.69395451276435,Kansas,KS00130
Wedgewood Golf Course,,,,,,,,,,,,,,,,,,,,,,,,,,,,,,,,,,,,,212242.98882975164,38.04088677834493,-97.47548798536117,Kansas,KS00223
Protection Golf Course,,,,,,,,,9_hole,,,https://www.facebook.com/Protection-Golf-Course-Protection-KS-217601718811853/,,,,,,,,,,,,,,,,,,,,,,,,,209770.52719069977,37.19504450681186,-99.47785231099596,Kansas,KS00188
Unknown Golf Course,,,,,,,,,,,,,,,,,,,,,,,,,,,,,,,,,,,,,208898.96236777582,39.34812903893659,-97.12630024633656,Kansas,KS00201
Hiawatha Country Club,,,,,,,,,9_hole,,,https://hiawathacountryclub.com/,,,,,,,,,,,,,,,,,,,,,,,,,202562.75741558766,39.83641085903472,-95.53877306258059,Kansas,KS00147
Oakley Golf Course & Country Club,,,,,,,,,,,,,,,,,,,,,,,,,,,,,,,,,,,,,199008.58947692887,39.12154884966609,-100.86530595947838,Kansas,KS00097
Wabaunsee Pines Golf Course,Alma,471,66401,KS,West Flint Hills Drive,,,,,,,https://wabaunseepinesgolf.com/,+1-785-449-7269,,,,,,,,,,,,,,,,,,,,,,,,194839.0551719684,38.85264000116003,-96.1915912287178,Kansas,KS00119
Berkshire Country Club,,,,,,,,,,,,,,,,,,,,,,,,,,,,,,,,,,,,,194016.05442211148,38.99039136604274,-95.72490105618233,Kansas,KS00182
Unknown Golf Course,,,,,,,,,,,,,,,,,,,,,,,,,,,,,,,,,,,,,188288.7360786859,39.368539333011526,-96.8615340971915,Kansas,KS00200
Unknown Golf Course,,,,,,,,,,,,,,,,,,,,,,,,,,,,,,,,,,,,,183225.21620691798,38.33577317342327,-98.20392409475998,Kansas,KS00163
Unknown Golf Course,,,,,,,,,,,,,,,,,,,,,,,,,,,,,,,,,,,,,180311.76617810942,38.24103605339294,-97.75979741082651,Kansas,KS00053
Pine Bay Golf Course,,,,,,,,,,2510118,USGS GNIS,,,,,,,,,,,,,,,,,,,,,,,,,,178975.26848751027,37.57579734229851,-97.31026770558587,Kansas,KS00079
Lake of the Forest Golf Course,,,,,,,Lake of the Forest,,,,,,,,,,,,,,,,,,,,,,,,,,,,,,174759.78813172862,39.06916230231356,-94.83240282757735,Kansas,KS00207
Unknown Golf Course,,,,,,,,,,,,,,,,,,,,,,,,,,,,,,,,,,,,,173342.95554298328,37.938306534453965,-98.711503753506,Kansas,KS00179
Clyde Golf Course,,,,,,,,,,,,,,,,,,,,,,,,,,,,,,,,,,,,,172598.08891867302,39.594252606397106,-97.35257957511853,Kansas,KS00109
Concordia American Legion Golf Course,,,,,,,,,,,,,,,,,,,,,,,,,,,,,,,,,,,,,170393.57367331148,39.56287783249203,-97.669183169884,Kansas,KS00137
Unknown Golf Course,,,,,,,,,,,,,,,,,,,,,,,,,,,,,,,,,,,,,159035.61570795986,38.19023924448446,-99.08879312291431,Kansas,KS00131
Unknown Golf Course,,,,,,,,,,,,,,,,,,,,water_hazard,,,,,,,,,,,,,,multipolygon,water,,157167.15250465355,39.162005094461485,-94.9099299502171,Kansas,KS00029
Unknown Golf Course,,,,,,,,,,,,,,,,,,,,,,,,,,,,,,,,,,,,,142370.7724550679,38.33125215032165,-98.38321883205344,Kansas,KS00216
Waterville Golf Course,,,,,,,,,,,,,,,,,,,,,,,,,,,,,,,,,,,,,140966.15597622783,39.68834378649871,-96.72967913968536,Kansas,KS00066
The Orchards Executive Golf Course,Lawrence,3000,66049,KS,Bob Billings Parkway,"Mo ""members only""; Tu-Su 08:00-sunset",,,9_hole,,,https://www.golforchards.com,+17858437456,,,,,,,,,,,theorchardslfk@gmail.com,1979,,,,,,,,,,,,136125.80478508648,38.960412417130776,-95.27391360296198,Kansas,KS00209
Pure Golf Topeka,Topeka,7523,66615,KS,Southwest 21st Street,,,,,,esri_USDOT_Kansas,http://puregolftopeka.com/,+1-785-329-6699,,,,,,,,,,golf,puregolftopeka@gmail.com,,,,,,,,,,,,,72332.46997116896,39.0273379315884,-95.79656255266431,Kansas,KS00113
Unknown Golf Course,,,,,,,,,,,,,,,,,,,,driving_range,,,,,,,,,,,,,,,,,44055.64339277747,37.72058677874362,-97.43864604438788,Kansas,KS00218
Unknown Golf Course,,,,,,,,,,,,,,,,,,,,driving_range,,,,,,,,,,grass,grass,,,,,,40021.35921911877,38.95190960617704,-94.81852629176585,Kansas,KS00177
