addr:city,addr:housenumber,addr:postcode,addr:state,addr:street,name,note,website,phone,material,check_date,opening_hours,addr:country,source,source:date,operator,wikidata,golf,landuse,ownership,sport,access,contact:website,surface,golf:course,area,fixme,name:en,description,wikipedia,golf:par,ele,gnis:feature_id,type,club,old_name,alt_name,start_date,contact:phone,area_m2,lat,lon,province,gcid
,,,,,Deep Springs Golf Club,,,,,,,,,,,,,,,,,,,,,,,,,,,,,,,,,,3558756.85579475,36.40600778896392,-79.88176991488518,North Carolina,NC00449
,,,,,Unknown Golf Course,,,,,,,,,,,,,,,,,,,,,,,,,,,,multipolygon,,,,,,3321419.465878457,33.93234993112286,-78.4791111542864,North Carolina,NC00233
,,,,,Cape Fear National at Brunswick Forest,,,,,,,,,,,,,,,,,,,,,,,,,,,,,,,,,,2688815.443915594,34.169276446144515,-78.02781361054303,North Carolina,NC00255
,,,,,Cape Fear National at Brunswick Forest,,,,,,,,,,,,,,,,,,,,,,,,,,,,,,,,,,2688815.443915594,34.169276446144515,-78.02781361054303,North Carolina,NC00256
,,,,,Unknown Golf Course,,,,,,,,,,,,,,,,,,,,,,,,,,,,,,,,,,2486171.615978362,35.377177631586,-83.1208923650442,North Carolina,NC00437
,,,,,Cleghorn Golf & Sports Club,,,,,,,,,,,,,,,,,,,,,,,,,,,,,,,,,,2172157.944067656,35.30283771593055,-81.975224153619,North Carolina,NC00440
,,,,,Unknown Golf Course,,,,,,,,,,,,,,,,,,,,,,,,,,,,,,,,,,2023299.075283334,35.09533518551051,-79.41989952076537,North Carolina,NC00285
Sunset Beach,75,28468,NC,Clubhouse Road,Sea Trail Golf Links,,https://www.seatrail.com/,+1 888 321 9076,,,,,,,,,,,,,,,,,,,,,,,,,multipolygon,,,,,,1940324.8972045498,33.90310984362085,-78.51501815795976,North Carolina,NC00087
Sapphire,19387,28774,,Rosman Highway,Burlingame Country Club,,https://burlingameccwnc.com/,828-966-9200,,,,,,,,,,,,,,,,,,,,,,,,,,,,,,,1915526.5919341585,35.10722495833575,-82.97982817933719,North Carolina,NC00280
,,,,,Falls Village Golf Club,,,,,,,,,,,,,,,,,,,,,,,,,,,,,,,,,,1819112.6098728988,35.983114093433414,-78.77172785892444,North Carolina,NC00409
Charlotte,4735,28226,,Carmel Road,Carmel Country Club,,https://www.carmelcountryclub.org/,704-945-9630,,,,,,,,,,,,,,,,,,,,,,,,,,,,,,,1799461.291788684,35.101309540250625,-80.81953963371295,North Carolina,NC00415
,,,,,Unknown Golf Course,,,,,,,,,,,,,,,,,,,,,,,,,,,,,,,,,,1786449.0303940617,34.715262101008,-77.38587799943667,North Carolina,NC00482
Charlotte,8600,28277,,Raintree Lane,Raintree Country Club,,http://www.raintreecountryclub.com/,704-542-8150,,,,,,,,Q7284964,,,,,,,,,,,,,,,,,multipolygon,,,,,,1694230.0036487102,35.082705006016646,-80.79033980852348,North Carolina,NC00069
Aberdeen,12615,28805,,US 15-501,Legacy Golf Links,,https://www.legacygolfnc.com/,+1 910 944 8825,,,,,,,,,,,,,,,,,,,,,,,,,multipolygon,,,,,,1631418.1055881337,35.095618368237204,-79.4202420096833,North Carolina,NC00172
Banner Elk,25,28604,NC,Rockrose Road,Diamond Creek,,,,,,,,,,"Diamond Creek Holdings, LLC",,,,,,,,,,,,,,,,,,multipolygon,,,,2003,,1522327.5413091877,36.15138591104828,-81.83622925947685,North Carolina,NC00206
Linville,2120,28646,NC,North Carolina Highway 105,Grandfather Golf & Country Club,,https://www.grandfatherclubnc.com/,+1-828-898-4531,,,,,,,,,,,,,,,,,,,,,,,,,multipolygon,,,,,,1507796.8535079556,36.09925731279035,-81.84990437550707,North Carolina,NC00192
Durham,1480,27713,,O'Kelly Chapel Road,Old Chatham Golf Club,,https://www.oldchathamgolf.org/,919-361-1400,,,,,,,,,,,,,,,,,,,,,,,,,,,,,,,1503210.5840798167,35.842828958001746,-78.93414298171594,North Carolina,NC00261
Charlotte,1525,28217,NC,West Tyvola Road,Renaissance Park Golf Course,,,,,,,,,,,,,,county,,,,,18_hole,,,Harry Jones Sr. Golf Course,,,,,,,,,,,,1491452.1788444815,35.1725560466538,-80.91308821008528,North Carolina,NC00389
,,,,,Cramer Mountain Club,,,,,,,,,,,,,,,,,,,,,,,,,,,,,,,,,,1477114.6952954903,35.229609967697556,-81.08405099990699,North Carolina,NC00455
,,,,,North Ridge Country Club,,,,,,,,,,,,,,,,,,,,,,,,,,,,,,,,,,1470334.6667149116,35.88032367891761,-78.61172562786712,North Carolina,NC00249
,,,,,Greesnboro National Golf Course,,,,,,,,,,,,,,,,,,,,,,,,,,,,,,,,,,1444257.5306626603,36.257756085627086,-79.82532707598274,North Carolina,NC00465
Charlotte,7817,28215,NC,Harrisburg Road,Charles T. Myers Golf Club,,https://www.myersparkcc.com/,+1 704 536 1692,,,,,,,,,,,,,,,,,,,,,,,,,,,,,,,1434486.6248692097,35.222047452346715,-80.69224352701148,North Carolina,NC00356
Whittier,79,28789,NC,Cahons Road,Sequoyah National Golf Club,,https://www.sequoyahnational.com/,+1-828-497-3000,,,,,,,,,,,,,,,,,,,,,,,,,,,,,,,1428704.4782424099,35.43249977386956,-83.33573966895287,North Carolina,NC00419
,,,,,Unknown Golf Course,,,,,,,,,,,,,,,,,,,,,,,,,,,,,,,,,,1382612.3054394703,35.337168336334855,-82.27146676515068,North Carolina,NC00446
,,,,,Duke University Golf Club,,,,,,,,,,,,,,,,,,,,,,,,,,,,,,,,,,1354841.9459120834,35.99001952760292,-78.95186904953701,North Carolina,NC00239
West End,6033,27376,,Beulah Hill Church Road,Dormie Club,,http://www.dormieclub.com/,+1 910 215 4587,,,,,,,,,,,,,,,,,,,,,,,,,,,,,,,1352758.7866822348,35.26439409945757,-79.49954074006558,North Carolina,NC00323
Raeford,349,28376,,South Parker Church Road,Bayonet at Puppy Creek,,https://www.bayonetgolf.com/,+1 888 229 6638,,,,,,,,,,,,,,,,,,,,,,,,,multipolygon,,,,,,1305333.583924687,35.013116173772055,-79.12583527002809,North Carolina,NC00089
,,,,,Unknown Golf Course,,,,,,,,,,,,,,,,,,,,,,,,,,,,,,,,,,1274407.4410753706,36.108115902163284,-75.73452199418365,North Carolina,NC00390
,,,,,Little River Golf Course,,http://littlerivernc.com/portfolio/little-river-golf-course-2/,,,,,,,,,,,,,,,,,,,,,,,,,,multipolygon,,,,,,1270870.6762314718,35.269670090387685,-79.42820279344465,North Carolina,NC00095
,,,,,Landfall Country Club Golf Course,,,,,,,,,,,,,,,,,,,,,,,,,,,,,,,,,,1247689.1854796703,34.23130318584228,-77.81255636429142,North Carolina,NC00393
Charlotte,2465,28205,NC,Mecklenburg Avenue,Charlotte Country Club,,https://www.charlottecountryclub.org/,,,,,,,,,,,,,,,,,,,,,,,,,,,,,,,,1242951.2611478763,35.22749553079925,-80.7888935805196,North Carolina,NC00245
Raleigh,2201,27614,,Wakefield Plantation Drive,TPC Wakefield Plantation,,https://www.ccwakefieldplantation.com/,+1 919 488 5100,,,,,,,,Q7671128,,,,,,,,,,,,,en:Country Club at Wakefield Plantation,,,,multipolygon,,,,,,1234548.2471658136,35.956698218326764,-78.55896995857681,North Carolina,NC00145
Charlotte,4300,28277,,Piper Glen Drive,TPC Piper Glen,,https://www.clubcorp.com/Clubs/TPC-Piper-Glen/,704-846-1212,,,,,,,,Q7671130,,,,,,,,,,,,,,,,,multipolygon,,,,,,1222073.9178166813,35.072404238311236,-80.81089265343772,North Carolina,NC00074
Charlotte,3700,28210,NC,Gleneagles Road,Quail Hollow Club,,https://www.quailhollowclub.com/,,,,,,,,,Q7268497,,,,,,,,,,,,,en:Quail Hollow Club,,,,,,,,,,1205253.623564198,35.114368355324636,-80.84223285871175,North Carolina,NC00435
Youngsville,100,27596,NC,Commonwealth Drive,Olde Liberty Golf Club,,https://www.oldelibertygolfnc.com/,+1-919-554-4690,,,,,,,,,,,,,,,,,,,,,,,,,multipolygon,,,,,,1197358.5352578284,36.076452195820046,-78.51438952227576,North Carolina,NC00143
Greenville,4950,27858,,Old Pactolus Road,Bradford Creek Public Golf Course,,https://www.greenvillenc.gov/government/recreation-parks/bradford-creek-public-golf-course,252-329-4653,,,,,,,,,,,,,,,,,,,,,,,,,multipolygon,,,,,,1158705.0543994547,35.61371322962826,-77.28969585496854,North Carolina,NC00063
,,,,,The 500 Club Golf Course,,,,,,,,,,,,,,,,,,,,,,,,,,,,multipolygon,,,,,,1145940.2203802443,35.748361840673546,-80.87093536618251,North Carolina,NC00180
,,,,,Members Club,,https://www.stjamesplantation.com/lifestyle/championship-golf/members-club-golf/,,,,,,,,Saint James Plantation,,,,,,,,,,,,,,,,,,multipolygon,,,,,,1125763.6978201098,33.94076298812365,-78.12115742891719,North Carolina,NC00195
Rocky Mount,201,27804,,Belmont Club Way,Belmont Lake Golf Club,,https://www.belmontlakegolfclub.com/,+1 252 973 0800,,,,,,,,,,,,,,,,,,,,,,,,,multipolygon,,,,,,1120732.67518711,36.03086697198342,-77.78108146949432,North Carolina,NC00147
Etowah,470,28729,,Brickyard Road,Etowah Valley Golf & Resort,,https://www.etowahvalley.com/,+1 828 891 7022,,,,,,,,,,,,,,,,,,,,,,,,,,,,,,,1089836.101789491,35.32508793295142,-82.60603280744346,North Carolina,NC00363
,,,,,Brevofield Golf Links,,,,,,,,,,,,,,,,,,,,,,,,,,,,,,,,,,1074554.0045600862,36.00470870377927,-78.57046132903777,North Carolina,NC00312
Sanford,442,27332,NC,Tobacco Road,Tobacco Road Golf Club,,https://tobaccoroadgolf.com/,+1 877 284 3762,,,,,,,,,,,,,,,,,,,,,,,,,,,,,,,1074264.8506454793,35.39767833355385,-79.21383231102628,North Carolina,NC00337
Salisbury,220,28144,,Laurel Valley Way,Crescent Golf Club,,http://www.crescentgolfclub.com/,704-647-0025,,,,,,,,,,,,,,,,,,,,,,,,,multipolygon,,,,,,1069171.6128257927,35.70002440655967,-80.49550758916858,North Carolina,NC00080
Southern Pines,1005,28387,,Midland Road,Pine Needles,,http://www.pineneedles-midpines.com/pine-needles/,+1 910 692 7111,,,,,,,,,,,,,,,,,,,,,,,,,multipolygon,,,,,,1066951.025795755,35.200444105401516,-79.38662871831542,North Carolina,NC00099
Lake Lure,309,28746,NC,Winesap Road,Apple Valley Golf Course,,,,,,,,,,Rumbling Bald Resort,,,,,,,,,,,,,"Apple Valley Golf Course – Apple Valley opened in 1986 with rave reviews. It was called the “most beautiful mountain golf course” by Golf Digest. It was designed by Dan Maples, son of the great Ellis Maples.",,,,,,,,,,,1066370.5132008216,35.4538612176115,-82.16932717980166,North Carolina,NC00421
Indian Trail,6920,28079,,Howey Bottoms Road,Charlotte National Golf Club,,https://www.charlottenationalgc.com/,+1-704-882-8282,,,,,,,,,,,,,,,,,,,,,,,,,,,,,,,1065857.780524742,35.12791942792987,-80.58335931429004,North Carolina,NC00354
,,,,,Stonebridge Golf Club,,,,,,,,,,,,,,,,,,,,,,,,,,,,multipolygon,,,,,,1064553.5296219399,34.940213861418776,-80.63378681679846,North Carolina,NC00201
Asheboro,3185,27205,NC,Tot Hill Farm Rd,Tot Hill Farm,,,,,,,,,,Tot Hill Farm Golf Club,,,,,,,,,,,,,,,,,,,,,,,,1060632.8678826028,35.6360421754903,-79.91021413169791,North Carolina,NC00483
,,,,,Finley Golf Course,,,,,,,,NCOnemap,,,,,,state,,yes,,,,,,,,,,,,,,,,,,1046295.958442896,35.90012599754465,-79.01977529298235,North Carolina,NC00241
Denver,7332,28037,,Kidville Road,Verdict Ridge Golf & Country Club,,https://www.verdictridge.com/,+1 704 257 0100,,,,,,,,,,,,,,,,,,,,,,,,,multipolygon,,,,,,1023098.5221475057,35.482339678358734,-81.03191748275859,North Carolina,NC00162
,,,,,Unknown Golf Course,,,,,,,,,,,,,,,,,,,,,,,,,,,,multipolygon,,,,,,1022851.8059573933,36.30085190877517,-75.80847997452013,North Carolina,NC00218
Clemmons,1000,27012,,Glen Day Drive,Salem Glen Country Club,,https://www.salemglen.com/,336-712-1010,,,,,,,,,,,,,,,,,,,,,,,,,multipolygon,,,,,,1019636.6897721895,35.976097919314654,-80.3875638227605,North Carolina,NC00085
,,,,,12 Oaks,,,,,,,,,,,,,,,,,,,,,,,,,,,,multipolygon,,,,,,1012934.8322621785,35.66893880392313,-78.87465332486994,North Carolina,NC00120
,,,,,Pinehurst,,,,,,,,,,,,,,,,,,,,,,,,,,,,multipolygon,,,,,,1012110.9447066952,35.182097747281105,-79.47497579405041,North Carolina,NC00214
,,,,,Mimosa Hills Country Club,,,,,,,,,,,,,,,,,,,,,,,,,,,,multipolygon,,,,,,1009067.6043231828,35.72496193128738,-81.71021065120486,North Carolina,NC00076
,,,,,Mimosa Hills Country Club,,,,,,,,,,,,,,,,,,,,,,,,,,,,multipolygon,,,,,,1009067.6043231828,35.72496193128738,-81.71021065120486,North Carolina,NC00075
,,,,,Crossings Golf Club,,,,,,,,,,,,,,,,,,,,,,,,,,,,multipolygon,,,,,,1003788.5434444639,35.982421116318605,-78.80601341019,North Carolina,NC00211
,,,,,Meadowlands,,,,,,,,,,,,,,,,,,,,,,,,,,,,,,,,,,1002843.5629003395,36.005565033896154,-80.15611155718642,North Carolina,NC00464
Huntersville,14720,28078,,Northgreen Drive,Skybrook Golf Course,,https://www.skybrookgolf.com/,+1 704 948 6611,,,,,,,,,,,,,,,,,,,,,,,,,multipolygon,,,,,,1000004.3892141834,35.40875588038021,-80.76711081319583,North Carolina,NC00158
Cashiers,68,28717,,Golf Drive,Wade Hampton Golf Club,,https://www.wadehamptongc.com/,828-743-5465,,,,,,,,,,,,,,,,,,,,,,,,,,,,,,,998994.3109413965,35.09241098024118,-83.0721463602571,North Carolina,NC00283
Goldsboro,2317,27530,,Salem Church Road,Lane Tree Golf Club,,https://www.lanetree.com/,+1 919 734 1245,,,,,,,,,,,,,,,,,,,,,,,,,multipolygon,,,,,,995519.637747477,35.42362412565517,-78.0062538140441,North Carolina,NC00185
Advance,324,27006,,Bermuda Run Drive,Bermuda Run Country Club,,https://www.clubcorp.com/Clubs/Bermuda-Run-Country-Club,336-998-8155,,,,,,,,,,,,,,,,,,,,,,,,,multipolygon,,,,,,991072.9289020919,36.00212668377662,-80.42435564875241,North Carolina,NC00083
,,,,,Star Hill,,,,,,,,,,,,,,,,,,,,,,,,,,,,,,,,,,989245.1422308293,34.703867136987725,-77.05826817538342,North Carolina,NC00431
Clayton,400,27527,,Riverwood Drive,Riverwood Golf Club,,http://www.rgac.com/rw-golf.cfm,+1 919 550 1919,,,,,,,,,,,,,,,,,,,,,,,,,multipolygon,,,,,,982763.31515931,35.665075203197276,-78.41248690210438,North Carolina,NC00149
Wake Forest,1200,27587,,Keith Road,The Hasentree Club,,https://www.hasentreecountryclub.com/,+1 919 556 3429,,,,,,,,,,,,,,,,,,,,,,,,,multipolygon,,,,,,981447.5340371319,35.993674727787706,-78.59509441192567,North Carolina,NC00144
Burlington,2402,27215,,Pineway Drive,Alamance Country Club,,https://www.alamancecountryclub.com/,+1 336 584 0345,,,,,,,,,,,,,,,,,,,,,,,,,multipolygon,,,,,,980880.1355043043,36.091821146355215,-79.49045609410274,North Carolina,NC00133
Greenville,311,27858,,Oxford Road,Brook Valley Country Club,,https://www.brookvalleycc.com/,,,,,,,,,,,,,,,,,,,,,,,,,,,,,,,,980340.6071163632,35.585191299913966,-77.32722467236424,North Carolina,NC00289
Southern Pines,290,28387,,Country Club Circle,Southern Pines Golf Club,,https://southernpinesgc.com/,+1 910 692 6551,,,,,,,,,,,,,,,,,,,,,,,,,,,,,,,977720.8818951759,35.15938687478102,-79.39859907222406,North Carolina,NC00267
,,,,,Olde Fort,,,,,,,,,,,,,,,,,,,,,,,,,,,,,,,,,,974127.4684878412,34.12069230466607,-77.98644186604292,North Carolina,NC00397
Charlotte,7500,28227,,Olde Sycamore Drive,Olde Sycamore Golf Plantation,,https://www.oldesycamoregolf.com/,+1 704 573 1000,,,,,,,,,,,,,,,,,,,,,,,,,multipolygon,,,,,,969864.9450093217,35.1644250763451,-80.6075274758553,North Carolina,NC00156
,,,,,Unknown Golf Course,,,,,,,,,,,,,,,,,,,,,,,,,,,,multipolygon,,,,,,969109.8334472514,35.231910507004976,-79.38358562268827,North Carolina,NC00101
Charlotte,800,28216,NC,Radio Road,Sunset Hills,,https://www.charlottepublicgolf.com/update/,,,,,,,,,,,,county,,,,,,,,,,,,,,,,,,,,963715.1933261201,35.307244251309406,-80.88605236808742,North Carolina,NC00406
Huntersville,15801,28078,,Northstone Drive,NorthStone Country Club,,https://www.northstoneclub.com/,+1-704-948-4286,,,,,,,,Q7053617,,,,,,,,,,,,,en:NorthStone Country Club,,,,multipolygon,,,,,,958439.8710049447,35.431050195290794,-80.82312102166762,North Carolina,NC00059
Huntersville,15801,28078,,Northstone Drive,NorthStone Country Club,,https://www.northstoneclub.com/,+1-704-948-4286,,,,,,,,Q7053617,,,,,,,,,,,,,en:NorthStone Country Club,,,,multipolygon,,,,,,958439.8710049447,35.431050195290794,-80.82312102166762,North Carolina,NC00058
Davidson,19125,28036,,River Falls Drive,River Run Country Club,,https://www.clubcorp.com/Clubs/River-Run-Country-Club,+1 704 892 4633,,,,,,,,,,,,,,,,,,,,,,,,,multipolygon,,,,,,957600.2720382831,35.46858931259649,-80.80287147220005,North Carolina,NC00157
Raleigh,1509,27606,,Main Campus Drive,Lonnie Poole Golf Course,,https://www.lonniepoolegolfcourse.com/,+1 919 833 3338,,,,,,,,Q6674755,,,,,,,,,,,,,,,,,,,,,,,955707.7641409033,35.75811285524691,-78.67872878307597,North Carolina,NC00339
,,,,,Unknown Golf Course,,,,,,,,,,,,,,,,,,,,,,,,,,,,,,,,,,954975.6130739148,36.16529347997488,-79.30565499029804,North Carolina,NC00475
Huntersville,16500,28078,,Birkdale Commons Parkway,Birkdale Golf Club,,https://birkdale.com/,+1 704 895 8038,,,,,,,,,,,,,,,,,,,,,,,,,multipolygon,,,,,,952257.8246873065,35.43689311736314,-80.88250655764958,North Carolina,NC00165
Huntersville,16500,28078,,Birkdale Commons Parkway,Birkdale Golf Club,,https://birkdale.com/,+1 704 895 8038,,,,,,,,,,,,,,,,,,,,,,,,,multipolygon,,,,,,952257.8246873065,35.43689311736314,-80.88250655764958,North Carolina,NC00164
Sapphire,50,28774,,Slicers Avenue,Sapphire National Golf Club,,https://www.sapphirenational.com/,828-743-1174,,,,,,,,,,,,,,,,,,,,,,,,,,,,,,,947844.0982471858,35.11699296764572,-83.02793701433369,North Carolina,NC00282
,,,,,Pinehurst Course No. 8,,https://www.pinehurst.com/golf/courses/no-8/,,,,,,,,Pinehurst Resort,,,,,,,,,,,,,,,,,,,,,,,,939108.730238914,35.21683134941224,-79.46953065128349,North Carolina,NC00324
Lake Norman,761,28164,,Club Drive,Cowan's Ford Golf Club,,https://www.cowansford.com/,+1 704 827 3088,,,,,,,,,,,,,,,,,,,,,,,,,multipolygon,,,,,,938269.3920600727,35.445472569711406,-80.9674095798249,North Carolina,NC00163
Cornelius,19101,28031,,Peninsula Club Drive,The Peninsula Club,,https://www.thepeninsulaclub.com/,+1 704 896 7080,,,,,,,,,,,,,,,,,,,,,,,,,multipolygon,,,,,,936675.0272411576,35.470262717210076,-80.91341048703624,North Carolina,NC00166
,,,,,Unknown Golf Course,,,,,,,,,,,,,,,,,,,,,,,,,,,,multipolygon,,,,,,935682.728659924,35.49548488884985,-77.05307412490707,North Carolina,NC00231
Cashiers,1525,28717,,Highway 107 South,High Hampton Golf Club,,http://www.highhamptoninn.com/golf.aspx,800-334-2551,,,,,,,,,,,,,,,,,,,,,,,,,multipolygon,,,,,,919820.4233761539,35.101615674286776,-83.08168974180758,North Carolina,NC00057
Raleigh,565,27603,NC,Competition Road,Eagle Ridge Golf Club,,http://www.rgac.com/er-golf.cfm,+1 919 661 6300,,,,,,,,,,,,,,,,,,,,,,,,,multipolygon,,,,,,918339.4596156112,35.67002726612656,-78.66904043914269,North Carolina,NC00129
New Bern,5000,28562,,Clubhouse Drive,The Emerald Golf Club,,https://www.emeraldgc.com/,252-633-4440,,,,,,,,,,,,,,,,,,,,,,,,,multipolygon,,,,,,918035.7923312031,35.11562457004278,-77.11414371558635,North Carolina,NC00067
,,,,,Unknown Golf Course,,,,,,,,,,,,,,,,,,,,,,,,,,,,,,,,,,917894.1703181516,34.552023693614615,-77.90224283547701,North Carolina,NC00376
Concord,3247,28027,,Weddington Road Northwest,Cabarrus Country Club,,https://www.cabarruscc.org/,+1 704 786 3104,,,,,,,,,,,,,,,,,,,,,,,,,,,,,,,913916.0517735985,35.396135747133336,-80.63321949162152,North Carolina,NC00357
Southern Pines,10,28387,,Knoll Road,Longleaf Golf & Family Club,,https://www.longleafgfc.com/,+1 910 692 6100,,,,,,,,,,,,,,,,,,,,,,,,,multipolygon,,,,,,913562.7378636338,35.20649000886829,-79.42120488641145,North Carolina,NC00102
Winston-Salem,3535,27105,NC,Winston Lake Road,Winston Lake Golf Course,,https://www.winstonlakegolf.com/,,,,,,,,,,,,,,,,,,,boundary approximate,,,,,,,,,,,,,912454.2484009595,36.1226425801623,-80.19901218658079,North Carolina,NC00273
,,,,,Unknown Golf Course,,,,,,,,,,,,,,,,,,,,,,,,,,,,multipolygon,,,,,,911931.1862499525,35.401803258388334,-77.60900250553833,North Carolina,NC00187
Charlotte,6001,28277,,Providence Country Club Drive,Providence Country Club,,https://www.providencecc.com/,704-846-8475,,,,,,,,,,,,,,,,,,,,,,,,,multipolygon,,,,,,911657.6364625971,35.041551208139346,-80.78194727775511,North Carolina,NC00070
,,,,,Unknown Golf Course,,,,,,,,,,,,,,,,,,,,,,,,,,,,,,,,,,911504.1228427525,35.20842139206536,-79.34599608845427,North Carolina,NC00326
Charlotte,7101,28269,,Highland Creek Parkway,Highland Creek Golf Club,,https://highlandcreekgolfclub.com/,+1 704 875 9000,,,,,,,,,,,,,,,,,,,,,,,,,multipolygon,,,,,,910234.2846829472,35.38446367996611,-80.76546581111745,North Carolina,NC00159
Charlotte,3800,28269,,Prosperity Church Road,The Tradition Golf Club,,https://thetraditiongolfclub.com/,+1 704 503 7529,,,,,,,,,,,,,,,,,,,,,,,,,,,,,,,910175.3224106644,35.349462137402575,-80.76798863492037,North Carolina,NC00359
Cary,430,27511,,Saint Andrews Lane,MacGregor Downs Country Club,,https://www.macgregordowns.org/,919-467-0146,,,,,,,,,,,,,,,,,,,,,,,,,multipolygon,,,,,,903825.5172239803,35.74561228685274,-78.79428042785358,North Carolina,NC00062
,,,,,Mid South Club,,https://talamoregolfresort.com/resort-golf/mid-south/,,,,,,,,,,,,,,,,,,,,,,,,,,multipolygon,,,,,,893892.9282120045,35.187264858913856,-79.42136975444394,North Carolina,NC00104
Advance,261,27006,,Oak Valley Boulevard,Oak Valley Golf Club,,https://oakvalleygolfclub.com/,336-940-2000,,,,,,,,,,,,,,,,,,,,,,,,,multipolygon,,,,,,892843.8630463817,35.982063281147745,-80.43839750013053,North Carolina,NC00082
,,,,,North Course,,,,,,,,,,Forest Creek Golf Club,,,,,,,,,,,,,,,,,,multipolygon,,,,,,890527.4876545437,35.23521640315584,-79.4260742521988,North Carolina,NC00093
,,,,,Maple Chase Golf & Country Club,,https://www.maplechasecc.com/,,,,,,,,,,,,,,,,,,,,,,,,,,,,,,,,882822.9025708442,36.1850754354662,-80.25495706142519,North Carolina,NC00296
Raleigh,3224,27610,NC,Auburn Knightdale Rd,River Ridge Golf Club,,,+19196618374,,,,,,,,,,,,,,,,,,,,,,,,,multipolygon,,,,,,881916.855011922,35.726017138203936,-78.52277935197392,North Carolina,NC00224
Mooresville,120,28117,,Trump Square,Trump National Golf Club Charlotte,,https://www.trumpnationalcharlotte.com/,+1 704 799 7300,,,,,,,,,,,,,,,,,,,,,,,,,multipolygon,,,,,,880496.0165620487,35.53346334112506,-80.92157203515205,North Carolina,NC00167
Charlotte,13704,28278,NC,Grand Palisades Parkway,The Palisades Country Club,,https://thepalisadescc.com/,,,,,,,,,,,,,,,,,18_hole,,,,,,,,,multipolygon,,,,,,871688.3771977094,35.068218474473284,-81.0371320898662,North Carolina,NC00227
Holly Springs,5107,27540,,Linksland Drive,Devils Ridge Golf Club,,https://www.clubcorp.com/Clubs/Devils-Ridge-Golf-Club/,+1 919 557 6100,,,,,,,,,,,,,,,,,,,,,,,,,multipolygon,,,,,,868666.1836461371,35.653042712732436,-78.8034699231026,North Carolina,NC00119
Fayetteville,6775,28306,,Irongate Drive,Gates Four Golf & Country Club,,https://www.gatesfour.com/,+1 910 425 6667,,,,,,,,,,,,,,,,,,,,,,,,,multipolygon,,,,,,867923.7618742401,34.99500521520401,-79.01119680388905,North Carolina,NC00088
,,,,,Pinehurst No. 2,,,,,,,,,,,,,,,,,,,,yes,,,,,,,,,,,,,,866187.9891658459,35.19147718207726,-79.46194999595232,North Carolina,NC00480
,,,,,Unknown Golf Course,,,,,,,,,,,,,,,,,,,,,,,,,,,,multipolygon,,,,,,864018.5017937415,35.460885044352736,-82.60164301544796,North Carolina,NC00225
Raleigh,1527,27603,,Tryon Road,Raleigh Golf Association,,https://www.rgagolf.net/,+1 919 772 9987,,,,,,,,,,,,,,,,,,,,,,,,,multipolygon,,,,,,863768.358015777,35.736725577644066,-78.6660970269449,North Carolina,NC00130
Charlotte,8801,28173,,Longview Club Drive,The Club at Longview,,https://www.theclubatlongview.com/,704-443-2500,,,,,,,,,,,,,,,,,,,,,,,,,multipolygon,,,,,,863106.6641378027,35.026087269586675,-80.78751550900611,North Carolina,NC00071
Charlotte,8801,28173,,Longview Club Drive,The Club at Longview,,https://www.theclubatlongview.com/,704-443-2500,,,,,,,,,,,,,,,,,,,,,,,,,multipolygon,,,,,,863106.6641378027,35.026087269586675,-80.78751550900611,North Carolina,NC00072
Matthews,6803,28104,,Stevens Mill Road,The Divide Golf Club,,http://www.thedividegolfclub.com/,+1 704 628 6438,,,,,,,,,,,,,,,,,,,,,,,,,multipolygon,,,,,,855847.2985682529,35.13293209280277,-80.63792803307437,North Carolina,NC00155
,,,,,Unknown Golf Course,,,,,,,,,,,,,,,,,,,,,,,,,,,,,,,,,,853359.51618678,35.20950430302617,-81.1462896813584,North Carolina,NC00454
,,,,,Croasdaile Country Club,,,,,,,,,,,,,,,,,,,,,,,,,,,,multipolygon,,,,,,851636.0860340935,36.03186564606323,-78.94642164936458,North Carolina,NC00052
,,,,,Sound of Freedom Golf Course,,,,,,,,,,,,,,,,,,,,,,,,,,,,,,,,,,851310.4159914361,34.94383060493426,-76.89256325800429,North Carolina,NC00457
Greenville,200,27834,,Golf Club Wynd,Ironwood Golf & Country Club,,https://www.ironwoodgolf.com/,252-752-4653,,,,,,,,,,,,,,,,,,,,,,,,,multipolygon,,,,,,848335.0381756964,35.642978160570586,-77.44553299766577,North Carolina,NC00064
Mebane,1700,27302,,Saint Andrews Drive,Mill Creek Golf Club,,https://www.golfmillcreek.com/,+1 919 563 4653,,,,,,,,,,,,,,,,,,,,,,,,,multipolygon,,,,,,842984.4547983347,36.12140073540884,-79.265819393209,North Carolina,NC00136
Durham,1,27712,NC,Old Trail Drive,Treyburn Country Club,,https://www.treyburncc.com/,+1 919 620 0184,,,,,,,,,,,,,,,,,,,,,,,,,multipolygon,,,,,,841629.7266447443,36.11910269712919,-78.86347036124823,North Carolina,NC00138
Charlotte,11120,28277,,Ballantyne Crossing Avenue,Ballantyne Country Club,,https://www.ballantyneclub.com/,704-544-1404,,,,,,,,,,,,,,,,,,,,,,,,,multipolygon,,,,,,841388.0415734741,35.0484838831102,-80.84895177512081,North Carolina,NC00068
Shelby,210,28150,,Deer Brook Drive,Deer Brook Golf Club,,http://www.deerbrookgolf.net/,+1 704 482 4653,,,,,,,,,,,,,,,,,,,,,,,,,multipolygon,,,,,,841095.9034449675,35.3416463146187,-81.49405634696583,North Carolina,NC00061
Wake Forest,1250,27587,,Heritage Club Avenue,The Heritage Club,,https://www.playheritagegolf.com/,+1 919 453 2020,,,,,,,,,,,,,,,,,,,,,,,,,multipolygon,,,,,,841027.41898896,35.95234757869854,-78.49586999213696,North Carolina,NC00146
Southern Pines,48,28387,,Talamore Drive,Talamore Golf Club,,https://talamoregolfresort.com/,+1 800 552 6292,,,,,,,,,,,,,,,,,,,,,,,,,,,,,,,833208.8329005247,35.206219888817365,-79.40925356424854,North Carolina,NC00328
Tarboro,2681,27886,,US 258,The Links at Cotton Valley,,http://www.thelinksatcottonvalley.com/,+1 252 824 0818,,,,,,,,,,,,,,,,,,,,,,,,,,,,,,,830424.1420100896,35.87025428264783,-77.5454596764918,North Carolina,NC00382
,,,,,Elk River Club,,,,,,,,,,,,,,,,,,,,,,,,,,,,,,,,,,821303.129974486,36.15714210442567,-81.89553433599494,North Carolina,NC00448
Mocksville,2251,27028,,Highway 64 East,Lake Louise Golf Club,,http://www.lakelouisegolfclubnc.com/,336-998-8746,,,,,,,,,,,,,,,,,,,,,,,,,multipolygon,,,,,,821227.5287684776,35.88988343998475,-80.48510721592335,North Carolina,NC00081
Gastonia,530,28054,NC,Niblick Drive,Catawba Creek Golf Course,,https://www.cityofgastonia.com/catawba-creek-golf-course.html,,,,,,,,City of Gastonia,,,,municipal,,,,,,,,,,,,,,,,,,,,820039.8870436184,35.23838151936088,-81.17849142455273,North Carolina,NC00436
Wilson,3201,27893,,Old Stantonsburg Road,Wedgewood Golf Course,,https://www.wilsonnc.org/parks-and-recreation/wedgewood-golf-course/,+1 252 237 4761,,,,,NCOnemap,,,,,,municipal,,,,,,,,,,,,,,,,,,,,814923.9140866352,35.6825185989301,-77.87618920561125,North Carolina,NC00240
,,,,,Landfall Country Club Golf Course,,,,,,,,,,,,,,,,,,,,,,,,,,,,multipolygon,,,,,,811277.6124770865,34.24396286680866,-77.80617944710173,North Carolina,NC00191
Roaring Gap,1288,28668,NC,Country Club Road,High Meadows Golf & Country Club,,https://highmeadowscountryclub.com/,,,,,,,,,,,,,,,,,,,,,,,,,,multipolygon,,,,,,809851.5977527907,36.4058390734991,-80.99984816937709,North Carolina,NC00202
,,,,,Unknown Golf Course,,,,,,,,,,,,,,,,,,,,,,,,,,,,,,,,,,808177.4408795893,34.75488328660165,-79.41268460052882,North Carolina,NC00321
,,,,,The Pines Course,,,,,,,,,,Country Club of Whispering Pines,,,,,,,,,,,,,,,,,,multipolygon,,,,,,806146.0555281474,35.25293522661272,-79.37524905435357,North Carolina,NC00096
,,,,,Unknown Golf Course,,,,,,,,,,,,,,,,,,,,,,,,,,,,multipolygon,,,,,,804063.5159644125,35.11866884174481,-83.13485810734122,North Carolina,NC00209
,,,,,Northgreen Country Club Golf Course,,,,,,,,,,,,,,,,,,,,,,,,,,,,,,,,,,800593.839073859,35.988531453429296,-77.79739021972333,North Carolina,NC00266
,,,,,Pinehurst Course No.1,,,,,,,,,,,,,,,,,,,,,,,,,,,,,,,,,,799160.7432078911,35.179230284027376,-79.46036027033611,North Carolina,NC00275
Raleigh,9400,27617,,Club Hill Drive,Brier Creek Country Club,,https://www.briercreekcc.com/,+1 919 206 4600,,,,,,,,,,,,,,,,,,,,,,,,,multipolygon,,,,,,798194.1667050365,35.90978503454378,-78.79899974464297,North Carolina,NC00139
Charlotte,5504,28227,NC,Lebanon Road,Pine Lake Country Club,,https://www.pinelakecountryclub.com/,+1-704-545-4513,,,,,,,,,,,,,,,,,,,,,,,,,,,,,,,795657.8167167741,35.163017443992096,-80.68390100477305,North Carolina,NC00355
Lincolnton,2052,28092,,Country Club Road,Lincoln Country Club,,http://www.lincolncountryclub.net/,+1 704 735 1382,,,,,,,,,,,,,,,,,,,,,,,,,multipolygon,,,,,,794493.5180060194,35.465978464960415,-81.22212883323604,North Carolina,NC00176
,,,,,Tanglewood Championship Course,,,,,,,,,,Tanglewood Park,,,,,,,,,,,,,,,,,,,,,,,,793886.2212162131,35.99176206001432,-80.40944740131283,North Carolina,NC00458
,,,,,Country Club of Asheville,,,,,,,,,,,,,,,,,,,,,,,,,,,,multipolygon,,,,,,793070.2527879798,35.641470856511894,-82.5528745914595,North Carolina,NC00055
Mooresville,185,28117,,Mallard Way,Mallard Head Country Club,,http://www.mallardheadcc.com/,+1 704 664 7031,,,,,,,,,,,,,,,,,,,,,,,,,multipolygon,,,,,,791029.3586819291,35.5644618792425,-80.89438342302992,North Carolina,NC00160
Spring Lake,125,28390,,Whispering Pines Drive,Anderson Creek Club,,http://www.andersoncreekgolf.com/,+1 910 814 2115,,,,,,,,,,,,,,,,,,,,,,,,,multipolygon,,,,,,790888.6147881427,35.29032362992365,-78.97011042626322,North Carolina,NC00116
Sapphire,127,28774,,Cherokee Trail,The Country Club of Sapphire Valley,,https://sapphirevalley.com/Red_Bird_Golf.php,828-743-1991,,,,,,,,,,,,,,,,,,,,,,,,,,,,,,,788802.3897561156,35.11664533816729,-83.05036681673543,North Carolina,NC00281
,,,,,Unknown Golf Course,,,,,,,,,,,,,,,,,,,,,,,,,,,,,,,,,,786672.8873714224,35.25523104418909,-82.44439664073835,North Carolina,NC00479
Rutherfordton,1211,28139,,Meadowbrook Road,Meadowbrook Golf Club,,https://www.meadowbrookgolfclub.com/,+1 828 863 2690,,,,,,,,,,,,,,,,,,,,,,,,,,,,,,,785884.8591760171,35.232844809094416,-81.98326901118074,North Carolina,NC00361
,,,,,Pinehurst Course No. 9,,,,,,,,,,Pinehurst Resort,,,,,,,,,,,,,,,,,,multipolygon,,,,,,783657.9442704995,35.192781654179235,-79.43779813561567,North Carolina,NC00105
Chapel Hill,840,27517,,The Preserve Trail,The Preserve at Jordan Lake Golf Club,,http://www.thepreservegolf.com/,+1 919 542 5501,,,,,,,,,,,,,,,,,,,,,,,,,multipolygon,,,,,,783170.818777241,35.78068779686155,-79.05630325873652,North Carolina,NC00128
Siler City,150,27344,,Country Club Drive,Siler City Country Club,,https://www.silercitycountryclub.com/,+1 919 742 3721,,,,,,,,,,,,,,,,,,,,,,,,,multipolygon,,,,,,782810.6605913982,35.70189817628868,-79.46712621399637,North Carolina,NC00131
,,,,,Palmer,,,,,,,,,,Woodlake Resort and Country Club,,,,,,,,,,,,,,,,,,multipolygon,,,,,,780764.2767476648,35.22800606742991,-79.20877511054293,North Carolina,NC00115
Mocksville,224,27028,,Cornwallis Drive,Pudding Ridge Golf Club,,https://www.puddingridge.com/,+1 336 940 4653,,,,,,,,,,,,,,,,,,,,,,,,,multipolygon,,,,,,779168.308582858,35.98305726144998,-80.55117992823777,North Carolina,NC00179
Clayton,918,27527,,Birkdale Drive,Neuse Golf Club,,https://www.clubcorp.com/Clubs/Neuse-Golf-Club/,+1 919 550 0550,,,,,,,,,tee,grass,,,,,,,,,,,,,,,multipolygon,,,,,,772664.3049419214,35.63808272470014,-78.39461452670956,North Carolina,NC00148
Mooresville,800,28115,,Golf Course Drive,Mooresville Golf Course,,http://mooresvillegolfcourse.com/,+1 704 663 2539,,,,,,,,,,,municipal,,,,,,,,,,,,,,multipolygon,,,Mooresville Municipal Golf Course,,,771821.7409416558,35.57429148539916,-80.83387424302379,North Carolina,NC00161
,,,,,Lochmere Golf Course,,,,,,,,,,,,,,,,,http://www.clubcorp.com/Clubs/Lochmere-Golf-Club/Amenities/Golf,,,,,,,,,,,,,,,,,770598.020743077,35.72306948862079,-78.76845204411653,North Carolina,NC00277
,,,,,Lake Course,,,,,,,,,,Carolina Trace Country Club,,,,,,,,,,,,,,,,,,,,,,,,770519.8647953158,35.410761268033745,-79.11080011999891,North Carolina,NC00335
,,,,,Lake Course,,,,,,,,,,Carolina Trace Country Club,,,,,,,,,,,,,,,,,,,,,,,,770519.8647953158,35.410761268033745,-79.11080011999891,North Carolina,NC00334
,,,,,Linville Golf Club,,,,,,,,,,The Eseeola Lodge,,,,,,,,,,,,,,,,,,,,,,,,766943.8691604857,36.0574037599765,-81.86971306174475,North Carolina,NC00395
,,,,,South Course,,,,,,,,,,Forest Creek Golf Club,,,,,,,,,,,,,,,,,,multipolygon,,,,,,766037.4957729813,35.225701973251375,-79.41932127709177,North Carolina,NC00094
Charlotte,2415,28209,,Roswell Avenue,Myers Park Country Club,,https://www.myersparkcc.com/,+1 704 376 0741,,,,,,,,,,,,,,,,,,,,,,,,,,,,,,,761103.4135461355,35.17485834921083,-80.82990650269439,North Carolina,NC00250
Taylorsville,300,28681,,Golf Course Lane,Bushy Mountain Golf Club,,https://www.brushymountaingolf.com/,+1 828 632 4804,,,,,,,,,,,,,,,,18_hole,,,,,,,,,,,,,,,759627.8976386711,35.91172815762756,-81.20945546441129,North Carolina,NC00367
Stoney Creek,911,27377,,Golf House Road,Stoney Creek Golf Club,,https://stoneycreekgolf.com/,+1 336 449 5688,,,,,,,,,,,,,,,,,,,,,,,,,multipolygon,,,,,,758752.128824637,36.070405983211636,-79.602240431872,North Carolina,NC00134
Stoney Creek,911,27377,,Golf House Road,Stoney Creek Golf Club,,https://stoneycreekgolf.com/,+1 336 449 5688,,,,,,,,,,,,,,,,,,,,,,,,,multipolygon,,,,,,758752.128824637,36.070405983211636,-79.602240431872,North Carolina,NC00135
Greensboro,5121,27410,,Hedrick Drive,The Farm,,https://www.greensborocc.org/,+1 336 288 3415,,,,,,,Greensboro Country Club,,,,,,,,,,,,,,,,,,,,,,,,758468.3960640542,36.151864135338656,-79.88469579189211,North Carolina,NC00295
,,,,,Pinehurst No. 4,,,,,,,,,,,,,,,,,,,,,,,,,,,,,,,,,,757702.3741512032,35.186825107850254,-79.45763826797418,North Carolina,NC00433
,,,,,Jacksonville Country Club,,,,,,,,,,,,,,,,,,,,,,,,,,,,,,,,,,755984.5368015373,34.77419915894382,-77.3769712464982,North Carolina,NC00484
,,,,,Champion Hills,,https://www.championhills.com/,+1 800 633 5122,,,,,,,,,,,,,,,,,,,,,,,,,multipolygon,,,,,,755954.8568613288,35.29058321623558,-82.5190878033031,North Carolina,NC00168
Jefferson,184,28640,NC,West Landing Drive,Jefferson Landing,,https://www.visitjeffersonlanding.com/,,,,,,,,,,,,,,,,,18_hole,,,,,,,,,,,,,,,754228.851227668,36.411767105061436,-81.41775516739655,North Carolina,NC00411
,,,,,Unknown Golf Course,,,,,,,,,,,,,,,,,,,,,,,,,,,,,,,,,,753269.5180722083,35.85790620820599,-79.8973559689824,North Carolina,NC00243
,,,,,Unknown Golf Course,,,,,,,,,,,,,,,,,,,,,,,,,,,,,,,,,,751979.7326764277,36.115634516545185,-75.81665513132154,North Carolina,NC00461
Bald Head Island,301,28461,NC,South Bald Head Wynd,Bald Head Island Country Club,,,,,,,,,,,,,,,,,,,,,,,,,,,,multipolygon,yes,,,,,751957.0719756997,33.86382627104423,-77.9993296413699,North Carolina,NC00221
Statesville,635,28625,,Deauville Road,Statesville Country Club,,https://statesvillecc.com/,704-873-7240,,,,,,,,,,,,,,,,,,,,,,,,,,,,,,,747172.5080321536,35.79036970303049,-80.81832611988627,North Carolina,NC00303
,,,,,Old Town Country Club,,,,,,,,,,,,,,,,,,,,,,,,,,,,,,,,,,744609.3411993602,36.12700874387761,-80.269930040553,North Carolina,NC00236
,,,,,Unknown Golf Course,,https://bragg.armymwr.com/us/bragg/programs/stryker-golf-course,+1 910 396 3980,,,,,,,,,,,,,,,,,,,,,,,,,,,,,,,741940.1596010774,35.126464598630015,-78.9662795125218,North Carolina,NC00329
,,,,,Lake Winds Golf Course,,,,,,,,,,,,,,,,,,,,,,,,,,,,,,,,,,741133.4387494781,36.213497080034976,-78.90765905034115,North Carolina,NC00438
Linville,700,28646,NC,Ridge Drive,Linville Ridge,,https://www.linvilleridge.com/,,,,,,,,,,,,,,,,,,,,,,,,,,multipolygon,,,,,,739236.075036634,36.10966733737711,-81.86330964445713,North Carolina,NC00197
Asheboro,5105,27205,,Old Lexington Road,Asheboro Country Club,,https://www.asheborocc.com/,800-697-2143,,,,,,,,,,,,,,,,,,,,,,,,,,,,,,,739175.2594007005,35.725542683390664,-79.91952141694989,North Carolina,NC00310
,,,,,Eagles Chase Golf Club,,,,,,,,,,,,,,,,,,,18_hole,,,,,,,,,,,,,,,739086.1969704409,35.078056752155035,-80.39486878676827,North Carolina,NC00429
,,,,,Unknown Golf Course,,,,,,,,,,,,,,,,,,,,,,,,,,,,,,,,,,738255.5151517416,34.65353235856099,-78.53926450092446,North Carolina,NC00268
Fletcher,101,28732,NC,French Broad Lane,Broadmoor Golf Links,,,,,,Mo-Su 07:00-18:30,US,,,,,,,,,,http://broadmoorlinks.com/,,,,,,,,,,,multipolygon,,,,,+1 800 238-5795,737598.8576161137,35.417357817026215,-82.53307609136296,North Carolina,NC00196
Thomasville,7047,27360,NC,Colonial Club Drive,Colonial Country Club,,https://www.ccc-nc.com/,+1-336-472-7501,,,,,,,,,,,,,,,,,,,,,,,,,multipolygon,,,,,,735559.3667094252,35.87650768040805,-80.03551321562995,North Carolina,NC00181
,,,,,Unknown Golf Course,,,,,,,,,,,,,,,,,,,,,,,,,,,,,,,,,,735080.0672863353,34.70638407889884,-77.5946209783682,North Carolina,NC00476
,,,,,Unknown Golf Course,,,,,,,,,,,,,,,,,,,,,,,,,,,,,,,,,,734496.677485864,34.734751298261884,-77.09330417498131,North Carolina,NC00471
,,,,,Magnolia,,,,,,,,,,Pinewild Country Club,,,,,,,,,,,,,,,,,,multipolygon,,,,,,731634.0028138955,35.20277034556638,-79.51095371132214,North Carolina,NC00092
,,,,,Carolina Golf Club,,,,,,,,,,,,,,,,,,,,,,,,,,,,,,,,,,730497.3617891241,35.217763589355584,-80.8988084982965,North Carolina,NC00358
,,,,,Chapel Hill Country Club,,,,,,,,,,,,,,,,,,,18_hole,,,,,,,,,multipolygon,,,,,,725801.6082558939,35.91948007711631,-79.0100713732954,North Carolina,NC00193
,,,,,Chatuga Shores Golf Course,,,,,,,,,,,,,,,,,,,,,,,,,,,,,,,,,,725778.5253058564,34.9985010692201,-83.81360098297303,North Carolina,NC00284
Caswell Beach,928,28465,NC,Caswell Beach Road,Oak Island Golf Club,,https://oakislandgolf.com/,+1-910-278-5275,,,,,,,,Q49001908,,,,,,,,,,,,,,,,,,,,,,,722564.7501718953,33.90524339475902,-78.06624422482885,North Carolina,NC00278
Monroe,2722,28110,,West Roosevelt Boulevard,Rolling Hills Country Club,,https://www.rollinghillscountryclub.org/,+1 704 289 4561,,,,,,,,,,,,,,,,,,,,,,,,,,,,,,,722517.7626897139,35.02281270883427,-80.57063550754575,North Carolina,NC00352
Monroe,2722,28110,,West Roosevelt Boulevard,Rolling Hills Country Club,,https://www.rollinghillscountryclub.org/,+1 704 289 4561,,,,,,,,,,,,,,,,,,,,,,,,,,,,,,,722517.7626897139,35.02281270883427,-80.57063550754575,North Carolina,NC00353
Pinehurst,1600,28374,NC,Morganton Road,Country Club of North Carolina - Cardinal,,https://www.ccofnc.com/public/home-597.html,+1-910-692-6565,,,,,,,Country Club of North Carolina,,,,,,,,,,,,,,,,,,multipolygon,,,,,,713858.6345350755,35.168138663330026,-79.44843409953704,North Carolina,NC00106
,6900,28027,,Bruton Smith Boulevard,Rocky River Golf Club,,,,,,,,,,,,,,,,,,,,,,,,,,,,,,,,,,713718.1928143515,35.365987785812834,-80.69077584763103,North Carolina,NC00246
Southern Pines,1010,28387,,Midland Road,Mid Pines,,http://www.pineneedles-midpines.com/mid-pines/,+1 910 692 2114,,,,,,,,,,,,,,,,,,,,,,,,,,,,,,,713274.5122794037,35.19213433646736,-79.39629780019011,North Carolina,NC00313
Asheboro,247,27205,,Pinewood Road,Pinewood Country Club,,https://www.pinewoodclub.com/,+1 336 629 4266,,,,,,,,,,,,,,,,,,,,,,,,,multipolygon,,,,,,713105.768120388,35.61923877076131,-79.81758100675702,North Carolina,NC00086
Laurinburg,8000,28352,,Tartan Drive,Scotch Meadows Country Club,,https://www.scotchmeadowscountryclub.com/,+1 910 276 0169,,,,,,,,,,,,,,,,,,,,,,,,,,,,,,,713098.8924740638,34.692067562032655,-79.50884423097249,North Carolina,NC00320
Sanford,5634,27332,,Quail Ridge Drive,Quail Ridge Golf Club,,https://www.quailridgegolfcourse.com/,+1 919 776 6623,,,,,,,,,,,,,,,,,,,,,,,,,multipolygon,,,,,,710430.8671928721,35.39160303258157,-79.23692291898615,North Carolina,NC00123
Greensboro,1,27410,NC,Sam Sneed Drive,Starmount Forest Country Club,,https://www.starmountforest.com/,,,,,,,,,Q15726293,,,,,,,,,,,,,,,,,,,,,,,710151.03848381,36.07639789824259,-79.85273586353436,North Carolina,NC00403
,,,,,Carolina Country Club,,,,,,,,,,,,,,,,,,,,,,,,,,,,,,,,,,708899.3940668463,35.821149914491464,-78.65810429346963,North Carolina,NC00247
,,,,,Carolina Country Club,,,,,,,,,,,,,,,,,,,,,,,,,,,,,,,,,,708899.3940668463,35.821149914491464,-78.65810429346963,North Carolina,NC00248
,,,,,Pinehurst Course No. 6,,https://www.pinehurst.com/golf/courses/no-6/,,,,,,,,Pinehurst Resort,,,,,,,,,,,,,,,,,,multipolygon,,,,,,707031.9397825822,35.2183988500766,-79.43916934817399,North Carolina,NC00090
Southern Pines,115,28387,,Fairway Avenue,Hyland Golf Club,,https://www.hylandgolfclub.com/,+1 910 692 6400,,,,,,,,,,,,,,,,,,,,,,,,,multipolygon,,,,,,705470.7621809522,35.20891245683098,-79.345561073339,North Carolina,NC00098
,,,,,Sandy Ridge Country Club,,,,,,,,,,,,,,,,,,,,,,,,,,,,,,,,,,699303.168148434,35.2262351848241,-78.53372852441251,North Carolina,NC00474
Wilmington,1518,,NC,Country Club Road,Cape Fear Country Club Golf Course,,,,,,,,,,Cape Fear Country Club,,,,,,,,,,,,,,,,,,,,,,,,699057.0610815965,34.21664827280317,-77.91982777141308,North Carolina,NC00386
Boone,433,28607,NC,Fairway Drive,Boone Golf Club,,https://www.boonegolfclub.com/,+1-828-264-8760,,,,,,,,,,,,,,,,18_hole,,,,,,,,,,,,,,,697584.3906270146,36.19662769288561,-81.64557451017957,North Carolina,NC00262
,,,,,Unknown Golf Course,,,,,,,,,,,,,,,,,,,,,,,,,,,,,,,,,,696914.6797702665,35.0879708607064,-83.15228374043392,North Carolina,NC00441
,,,,,Maples,,,,,,,,,,Woodlake Resort and Country Club,,,,,,,,,,,,,,,,,,multipolygon,,,,,,696062.0896000653,35.24505586292455,-79.19408133687622,North Carolina,NC00114
Shelby,3005,28151,,Longwood Drive,Riverbend YMCA Golf Club,,https://www.riverbendymcagolf.com/,+1 704 482 4286,,,,,,,,,,,,,,,,,,,,,,,,,multipolygon,,,,,,694910.936692971,35.246961159376774,-81.58523659747223,North Carolina,NC00053
,,,,,Unknown Golf Course,,,,,,,,Bing,,,,,,,,,,,,,,,,,,,,,,,,,,693311.5945647347,35.36151256655896,-77.99907399468884,North Carolina,NC00316
Graham,1179,27253,,Challenge Drive,The Challenge Golf Club,,https://www.challengegolf.net/,+1 336 578 5070,,,,,,,,,,,,,,,,,,,,,,,,,multipolygon,,,,,,692016.6898682314,36.07706906842013,-79.3644953280477,North Carolina,NC00132
Wilson,4509,27896,,Country Club Drive,Wilson Country Club,,https://www.wilsoncc.org/,+1 252 291 3815,,,,,,,,,,,,,,,,,,,,,,,,,multipolygon,,,,,,688262.4904225804,35.78513127192498,-77.93925433121154,North Carolina,NC00184
,,,,,Holly,,,,,,,,,,Pinewild Country Club,,,,,,,,,,,,,,,,,,multipolygon,,,,,,686292.0227551835,35.19651095561631,-79.51670727431116,North Carolina,NC00091
,,,,,"Minnesott Golf, Yatch, and Country Club",,,,,,,,,,,,,,,,,,,,,,,,,,,,,,,,,,686189.6609659902,34.97815492341499,-76.81574190040608,North Carolina,NC00472
Newton,1154,28658,,Country Club Road,Catawba Country Club,,https://www.catawbacc.org/,828-294-3727,,,,,,,,,,,,,,,,,,,,,,,,,,,,,,,682600.6947604122,35.65584383110959,-81.30203699903718,North Carolina,NC00299
Matthews,9750,28104,,Tournament Drive,Emerald Lake Golf Club,,https://www.emeraldlakegolfclub.com/,+1 704 882 7888,,,,,,,,,,,,,,,,,,,,,,,,,multipolygon,,,,,,682512.1303287267,35.14126927769279,-80.61078686994415,North Carolina,NC00154
,,,,,Pinehurst Course No.7,,,,,,,,,,,,,,,,,,,,,,,,,,,,,,,,,,681518.0067303553,35.189754273379585,-79.4484813006568,North Carolina,NC00276
Maiden,245,28650,,Golf Course Road,Glen Oaks Golf Club,,http://www.glenoaksgolf.com/,+1 828 428 2451,,,,,,,,,,,,,,,,,,,,,,,,,,,,,,,675834.143668053,35.55748768931697,-81.21356796539547,North Carolina,NC00368
Raleigh,400,27610,NC,Donald Ross Drive,Raleigh Country Club,,https://www.raleighcc.com/,+1-919-231-5501,,,,,,,McConnell Golf,,,,,,,,,,,,,,,,,,,,,,,,675040.838225299,35.776338200203824,-78.59747503184717,North Carolina,NC00254
,,,,,Grey Fox,,,,,,,,,,Foxfire Resort & Golf Club,,,,,,,,,,,,,,,,,,multipolygon,,,,,,674878.2339143661,35.17118679220735,-79.56667478212961,North Carolina,NC00109
,,,,,Bermuda Run West,,,,,,,,,,,,,,,,,,,,,,,,,,,,multipolygon,,,,,,674489.3080141756,35.99298562754502,-80.43225205731336,North Carolina,NC00084
Four Oaks,585,27524,,Reedy Creek Road,Reedy Creek Golf Course,,https://www.reedycreekgolf.com/,+1 919 934 7502,,,,,,,,,,,,,,,,,,,,,,,,,,,,,,,674107.3201447405,35.48955541870821,-78.51574399650936,North Carolina,NC00348
Marvin,1108,28173,,Firethorne Club Drive,Firethorne Country Club,,https://www.clubcorp.com/Clubs/Firethorne-Country-Club/,+1-704-243-2433,,,,,,,,,,,,,,,,,,,,,,,,,multipolygon,,,,,,673318.3294348146,35.00266508421058,-80.83181074617751,North Carolina,NC00073
,,,,,Unknown Golf Course,,,,,,,,,,,,,,,,,,,,,,,,,,,,,,,,,,672238.3558794332,35.90042079316488,-80.10308178541884,North Carolina,NC00417
Charlotte,4100,28226,NC,Pineville-Matthews Road,Cedarwood Country Club,,https://www.cedarwoodcc.com/,704-542-0250,,,,,,,,,,,,,,,,18_hole,,,,,,,,,,,,,,,672105.5778466366,35.09697542046733,-80.79413579700356,North Carolina,NC00264
Roaring Gap,729,28668,NC,Olde Beau Boulevard,Olde Beau Resort & Golf Club,,https://www.oldebeauresort.com/,,,,,,,,,,,,,,,,,,,,,,,,,,multipolygon,,,,,,667989.7487352823,36.41418930783828,-80.98695943376777,North Carolina,NC00203
,,,,,Highland Country Club,,,,,,,,,,,,,,,,,,,,,,,,,,,,,,,,,,667889.4945440576,35.043632682506946,-78.9113069079803,North Carolina,NC00238
Henderson,600,27536,,Hedrick Drive,Kerr Lake Country Club,,https://www.kerrlakecountryclub.com/,+1 252 492 1895,,,,,,,,,,,,,,,,,,,,,,,,,multipolygon,,,,,,666396.2049140849,36.404415479044516,-78.3764648214733,North Carolina,NC00142
Burlington,1005,27217,,Indian Valley Drive,The Valley Golf Course,,https://www.burlingtonnc.gov/1309/Golf-Course,+1 336 584 7871,,,,,,,,,,,,,,,,,,,,,,,,,multipolygon,,,,,,665341.7067091563,36.14016577552068,-79.44630326609173,North Carolina,NC00137
High Point,3400,27265,,North Centennial Street,Oak Hollow Golf Course,,https://www.oakhollowgc.com/,336-883-3260,,,,,,,,,,,,,,,,,,,,,,,,,multipolygon,,,,,,664592.784363584,36.01099173384663,-79.99698384024576,North Carolina,NC00060
Seven Lakes,174,27376,,Devonshire Drive,7 Lakes Golf Club,,https://golf7lakes.com/,+1 910 673 4653,,,,,,,,,,,,,,,,,,,,,,,,,multipolygon,,,,,,664428.7337139139,35.26619355683008,-79.56819582841204,North Carolina,NC00111
Fayetteville,904,28312,,Four Wood Drive,Baywood Golf Club,,https://www.baywoodgc.com/,+1 910 483 4330,,,,,,,,,,,,,,,,,,,,,,,,,multipolygon,,,,,,663885.9090607398,35.06059738150321,-78.75769069266279,North Carolina,NC00152
Fayetteville,347,28311,,Shawcroft Road,King's Grant Golf and Country Club,,http://www.kingsgrantlife.com/,+1 910 630 1111,,,,,,,,,,,,,,,,,,,,,,,,,multipolygon,,,,,,662913.5063912297,35.14476092130075,-78.88666989464696,North Carolina,NC00153
,,,,,Pine Burr Golf Course,,,,,,,,,,,,,,,,,,,,,,,,,,,,,,,,,,662462.7746266495,35.36425012752098,-78.8136793745096,North Carolina,NC00350
Morehead City,2900,28557,,Country Club Road,Morehead City Country Club,,https://www.moreheadcitycc.com/,+1 252 726 4917,,,,,,,,,,,,,,,,,,,,,,,,,,,,,,,662461.3721734793,34.74436393996143,-76.74802155386345,North Carolina,NC00375
,,,,,Unknown Golf Course,,,,,,,,,,,,,,,,,,,,,,,,,,,,multipolygon,,,,,,661705.4853680406,35.65102428023535,-80.44551790249739,North Carolina,NC00079
Mills River,88,28759,,Country Club Road,High Vista Golf Club,,https://www.highvistagolf.com/,+1 828-891-1986,,,,,,,,,,,,,,,,,,,,,,,,,multipolygon,,,,,,660906.318644914,35.43013521586692,-82.58269483218233,North Carolina,NC00170
,,,,,Unknown Golf Course,,,,,,,,,,,,,,,,,,,,,,,,,,,,multipolygon,,,,,,658996.1445538822,36.01072498111403,-79.88376693273838,North Carolina,NC00210
Roxboro,260,27574,,Club House Road,Roxboro Country Club,,http://www.roxborocountryclub.com/,+1 336 599 2332,,,,,,,,,,,,,,,,,,,,,,,,,multipolygon,,,,,,658628.7533919234,36.452731658087096,-78.99705119774553,North Carolina,NC00140
Traphill,155,28685,NC,View Point Drive,Stone Mountain Golf Club,,,,,,,,,,,,,,,,,,,,,,,,,,,,,,,,,,657461.4161876258,36.347923021943195,-81.0800551483326,North Carolina,NC00413
Newland,1,28657,NC,Club House Drive,Mountain Glen Golf Club,,https://www.mountainglengolfclub.com/,+1-828-733-5804,,,,,,,,,,,,,,,,,,,,,,,,,,,,,,,656712.4939106689,36.12713585688184,-81.93860423960525,North Carolina,NC00396
Marion,210,28752,,Blue Ridge Drive North,Linville Falls Golf Club,,https://www.linvillefallsgolfclub.com/,828-756-4653,,,,,,,,,,,,,,,,,,,,,,,,,,,,,,,653193.3291195971,35.88653599120295,-81.93966794437803,North Carolina,NC00305
,,,,,Unknown Golf Course,,,,,,,,,,,,,,,,,,,,,,,,,,,,multipolygon,,,,,,647605.7679283886,35.466596093293916,-82.99464275889396,North Carolina,NC00229
,,,,,Ryder Golf Course,,https://bragg.armymwr.com/us/bragg/programs/ryder-golf-course,+1 910 907 4653,,,,,,,,,,,,,,,,,,,,,,,,,,,,,,,646803.7272593644,35.14271594293087,-78.98731784999711,North Carolina,NC00330
Denver,7494,28037,,Golf Course Road South,Westport Golf Club,,https://www.westportgc.com/,704-489-8088,,,,,,,,,,,,,,,,,,,,,,,,,multipolygon,,,,,,646599.9231306948,35.50499046570151,-80.98714493554229,North Carolina,NC00066
,,,,,Holly Ridge Golf Course,,,,,,,,,,,,,,,,,,,,,,,,,,,,multipolygon,,,,,,646020.2832914465,36.09587215152839,-75.81531151782512,North Carolina,NC00190
,,,,,Unknown Golf Course,,,,,,,,,,,,,,,,,,,,,,,,,,,,,,,,,,645181.6238561135,34.94549418557685,-80.04555971592427,North Carolina,NC00351
Clayton,3300,27520,,Garner Road,Pine Hollow Golf Club,,https://www.pinehollowgolf.com/,+1 919 553 4554,,,,,,,,,,,,,,,,,,,,,,,,,multipolygon,,,,,,643638.8547587211,35.67808588365568,-78.50435854848575,North Carolina,NC00150
,,,,,Unknown Golf Course,,,,,,,,,,,,,,,,,,,,,,,,,,,,,,,,,,643032.0750769242,36.12042588555923,-77.79492140879502,North Carolina,NC00287
,,,,,Hope Valley Country Club,,https://www.hvcc.org/,,,,,,,,,,,,,,private,,,,,,,,,,,,multipolygon,,,,,,641053.0062865725,35.946696414031926,-78.94780732751872,North Carolina,NC00054
Eden,436,27288,,East Stadium Drive,Oak Hills Golf and Event Center,,https://www.oakhillsgolfandeventcenter.com/,+1 336 623 6381,,,,,,,,,,,,,,,,,,,,,,,,,multipolygon,,,,,,639224.8173723547,36.49910693042491,-79.72768586616431,North Carolina,NC00182
Durham,1600,27705,,Hillandale Road,Hillandale Golf Course,,https://hillandalegolf.com/,+1 919 286 4211,,,,,,,,,,,,,,,,,,,,,,,,,,,,,,,638745.5161271057,36.02259201297099,-78.93787237486083,North Carolina,NC00234
Pinetops,1332,27864,,Maccripine Road,Maccripine Country Club,,http://www.maccripine.com/,252-827-5636,,,,,,,,,,,,,,,,,,,,,,,,,,,,,,,638385.8600233399,35.779757996354235,-77.67010951559027,North Carolina,NC00291
,,,,,Red Fox,,,,,,,,,,Foxfire Resort & Golf Club,,,,,,,,,,,,,,,,,,multipolygon,,,,,,638348.5593684139,35.17547307076498,-79.58252741176574,North Carolina,NC00110
,,,,,Downback,,,,,,,,,,Methodist University,,,,,,private,,,,,,,,,,,,,,,,,,637514.255465711,35.126755683100406,-78.86493503948593,North Carolina,NC00349
,,,,,Unknown Golf Course,,,,,,,,,,,,,,,,,,,,,,,,,,,,multipolygon,,,,,,637408.2487047721,35.24927398888463,-79.61615227934095,North Carolina,NC00112
,,,,,Unknown Golf Course,,,,,,,,,,,,,,,,,,,,,,,,,,,,multipolygon,,,,,,637408.2487047721,35.24927398888463,-79.61615227934095,North Carolina,NC00113
,,,,,Unknown Golf Course,,,,,,,,,,,,,,,,,,,,,,,,,,,,multipolygon,,,,,,636815.944750227,35.077104223433885,-83.16576884494279,North Carolina,NC00207
,,,,,Forsyth Country Club,,https://www.forsythcc.org/,,,,,,,,,,,,,,,,,,,,,,,,,,,,,,,,636791.8409330626,36.10160086255729,-80.30038211147809,North Carolina,NC00237
,,,,,Unknown Golf Course,,,,,,,,,,,,,,,,,,,,,,,,,,,,multipolygon,,,,,,635158.616747891,35.07701348167661,-79.48285913787822,North Carolina,NC00108
,,,,,Cedar Rock Country Club,,,,,,,,,,,,,,,,,,,,,,,,,,,,multipolygon,,,,,,634194.7756337967,35.94528496972826,-81.46121402348383,North Carolina,NC00226
,,,,,Unknown Golf Course,,,,,,,,,,,,,,,,,,,,,,,,,,,,,,,,,,634184.631010542,34.95737889820923,-79.11659029052137,North Carolina,NC00322
Monroe,1680,28112,,Pageland Highway,Monroe Country Club,,https://www.monroecountryclubgolf.com/,+1 704 282 4661,,,,,,,,,,,,,,,,,,,,,,,,,,,,,,,631455.6926275573,34.96897324090236,-80.50987911520282,North Carolina,NC00271
Salisbury,747,28144,,Club Drive,Country Club of Salisbury,,https://www.ccofsalisbury.com/,704-637-3200,,,,,,,,,,,,,,,,,,,,,,,,,multipolygon,,,,,,630166.4548177866,35.6879289610335,-80.4644226097233,North Carolina,NC00078
Pilot Mountain,450,27041,,Club House Drive,Pilot Knob Park,,https://www.pkpgolf.com/,336-368-2828,,,,,,,,,,,,,,,,,,,,,,,,,,,,,,,629971.9072239934,36.36564157721373,-80.46954574602292,North Carolina,NC00309
Charlotte,1701,28214,NC,Stoneyridge Drive,Pine Island Country Club,,,,,,,,,,Pine Island,,,,,,,,,,,,,,,,,,multipolygon,,,,,,629760.7089573907,35.299629719941464,-80.97019201684081,North Carolina,NC00223
,,,,,Unknown Golf Course,,,,,,,,,,,,,,,,,,,,,,,,,,,,,,,,,,629488.8377913143,35.71307566570896,-77.8734485992988,North Carolina,NC00377
,,,,,Twin Oaks Golf Course,,,,,,,,,,,,,,,,,,,,,,,,,,,,,,,,,,628406.9786493396,35.77483340276261,-80.82527935578945,North Carolina,NC00300
,,,,,Old Edward's Club,,,,,,,,,,,,,,,,,,,,,,,,,,,,,,,,,,627920.9884871463,35.108426249634825,-83.15992753099712,North Carolina,NC00442
Pinehurst,1600,28374,NC,Morganton Road,Country Club of North Carolina - Dogwood,,https://www.ccofnc.com/public/home-597.html,+1-910-692-6565,,,,,,,Country Club of North Carolina,,,,,,,,,,,,,,,,,,multipolygon,,,,,,625595.216585384,35.16528542153735,-79.438425557724,North Carolina,NC00107
,,,,,Creek Course,,,,,,,,,,Carolina Trace Country Club,,,,,,,,,,,,,,,,,,multipolygon,,,,,,624921.1920743985,35.42552068364731,-79.10929148691201,North Carolina,NC00122
,,,,,Creek Course,,,,,,,,,,Carolina Trace Country Club,,,,,,,,,,,,,,,,,,multipolygon,,,,,,624921.1920743985,35.42552068364731,-79.10929148691201,North Carolina,NC00121
,,,,,Unknown Golf Course,,,,,,,,,,,,,,,,,,,,,,,,,,,,,,,,,,623561.1169824507,35.31900432569712,-81.06546332130165,North Carolina,NC00369
Greensboro,5700,27407,,Cardinal Way,"Sedgefield Country Club, Dye Course",,https://www.sedgefieldcc.com/,+1 336 668 2746,,,,,,,,,,,,,,,,,,,,,,,,,multipolygon,,Cardinal Country Club,,,,618716.6672282829,36.13396340873166,-79.91753948137297,North Carolina,NC00174
Ayden,4343,28513,,Ayden Golf Club Road,Ayden Golf & Country Club,,https://www.aydengolf.com/,252-746-3389,,,,,,,,,,,,,,,,,,,,,,,,,,,,,,,615103.239623365,35.46134055006898,-77.38939108131159,North Carolina,NC00288
,,,,,Unknown Golf Course,,,,,,,,,,,,,,,,,,,,,,,,,,,,,,,,,,613647.6790250554,36.353744336866306,-77.29431721419773,North Carolina,NC00424
Badin,107,28009,NC,Spruce Street,Badin Inn Golf Club,,http://badininn.com/,+1 704 422 3683,,,,,,,,,,,,,,,,,,,,,,,,,,,,,,,613192.6992954726,35.397694895531195,-80.11598275423474,North Carolina,NC00365
Durham,253,27712,,Country Club Drive,Umstead Pines Golf & Swim Club,,https://www.umsteadpines.com/,+1-919-383-1022,,,,,,,,,,,,,,,,,,,,,,,,,multipolygon,,Willowhaven Country Club,,,,610722.5309307626,36.073393397045734,-78.96614427131658,North Carolina,NC00065
Hillsborough,1500,27278,,Lawrence Road,Occoneechee Golf Club,,https://www.occoneechee.com/,919-732-3435,,,,,,,,,,,,,,,,,,,,,,,,,,,,,,,609296.6572894447,36.06308003038358,-79.06047119842958,North Carolina,NC00292
Asheville,31,28803,,Stuyvesant Road,Biltmore Forest Country Club,,https://www.biltmoreforestcc.com/,+1 828 274 1261,,,,,,,,,,,,,,,,,,,,,,,,,,,,,,,606132.8722606783,35.53145401432959,-82.53620689857647,North Carolina,NC00364
Dunn,495,28334,,Chicora Club Drive,Chicora Golf Club,,https://www.chicoragolf.com/,+1 910 897 7366,,,,,,,,,,,,,,,,,,,,,,,,,,,,,,,605304.4447840172,35.29579591117643,-78.68068026304769,North Carolina,NC00332
,,,,,Hedingham Golf Club,,,,,,,,,,,,,,,,,,,,,,,,,,,,,,,,,,605019.7130089892,35.809972653686195,-78.54732904771312,North Carolina,NC00253
,,,,,Hedingham Golf Club,,,,,,,,,,,,,,,,,,,,,,,,,,,,,,,,,,605019.7130089892,35.809972653686195,-78.54732904771312,North Carolina,NC00252
Sanford,600,27332,,Golf Course Lane,Sanford Municipal Golf Course,,https://www.sanfordnc.net/golf/golf.htm,+1 919 775 8320,,,,,,,,,,,,,,,,,,,,,,,,,,,,,,,600867.8854231922,35.516050802753035,-79.17333670362137,North Carolina,NC00336
,,,,,Reems Creek Golf Club,,,,,,,,,,,,,,,,,,,,,,,,,,,,,,,,,,598110.1565814134,35.69716174283753,-82.5258670417492,North Carolina,NC00478
New Bern,4301,28562,,Country Club Road,New Bern Golf & Country Club,,https://www.nbgcc.com/,252-637-4061,,,,,,,,,,,,,,,,,,,,,,,,,,,,,,,597052.6374986399,35.07940109404692,-77.09147647779591,North Carolina,NC00294
,,,,,Unknown Golf Course,,,,,,,,,,,,,,,,,,,,,,,,,,,,,,,,,,595905.6955218161,35.254753202077026,-77.97218202879361,North Carolina,NC00388
,,,,,Unknown Golf Course,,,,,,,,,,,,,,,,,,,,,,,,,,,,multipolygon,,,,,,595836.685130465,35.804696013215086,-81.32468148618277,North Carolina,NC00077
Lenoir,701,28645,,Norwood Street Southwest,Lenoir Golf Course,,https://www.lenoirgolfclubinc.com/,+1 828 754 5093,,,,,,,City of Lenoir,,,,,,,,,,,,,,,,,,,,,,,,591076.5574786029,35.910265393606515,-81.52377748507698,North Carolina,NC00372
Smithfield,694,27577,,Country Club Road,Country Club of Johnston County,,https://www.ccjohnstoncounty.com/,+1 919 934 4166,,,,,,,,,,,,,,,,,,,,,,,,,multipolygon,,,,,,590819.8310334636,35.4728494432196,-78.39658768560686,North Carolina,NC00151
Shelby,1360,28150,NC,East Marion Street,Cleveland Country Club,,https://www.clevelandcountryclub.net/,+1-704-482-1764,,,,,,,,,,,,,,,,,,,,,,,,,,,,,,,589538.3415356821,35.29260097003142,-81.5032905590508,North Carolina,NC00428
Lumberton,3811,28358,,Martin Luther King Jr Drive,Carolina Plantation Golf Club,,http://www.carolinaplantationgolfclub.com/,+1 910 738 9400,,,,,,,,,,,,,,,,,,,,,,,,,,,,,,,589112.3781518323,34.58692050990659,-79.0376409844136,North Carolina,NC00318
Stoneville,,27048,NC,,Dan Valley Golf Course,,,+1-336-548-6808,,,,,,,,,,,,,,,,,,,,,,,,,,,,,,,586263.8628682882,36.4149696588482,-79.92752811514585,North Carolina,NC00416
,,,,,Wolf Laurel Country Club,,,,,,,,,,,,,,,,,,,,,,,,,,,,multipolygon,,,,,,585307.6465874783,35.96149766483495,-82.50342902553578,North Carolina,NC00219
,,,,,Hendersonville Country Club,,https://www.hendersonvillecc.com/,+1 828 692 2261,,,,,,,,,,,,,,,,,,,,,,,,,,,,,,,582544.0923936027,35.30418408339342,-82.48368013875593,North Carolina,NC00362
Henderson,300,27536,,Country Club Drive,Henderson Country Club,,https://www.hendersoncc.org/,+1 252 438 3095,,,,,,,,,,,,,,,,,,,,,,,,,multipolygon,,,,,,581777.5498592634,36.320412870779855,-78.44019038124111,North Carolina,NC00141
,,,,,Blowing Rock Country Club,boundary approximate,https://www.blowingrockcountryclub.com/Club/Scripts/Home/home.asp,,,,,,,,,,,,,golf,private,,,,,,,,,,,,multipolygon,,,,,,579713.0634961079,36.125018970390094,-81.66203687755088,North Carolina,NC00232
,,,,,Unknown Golf Course,,,,,,,,,,,,,,,,,,,,,,,,,,,,multipolygon,,,,,,575247.3904716788,36.174484005026706,-80.66169680570331,North Carolina,NC00177
,,,,,Unknown Golf Course,,,,,,,,,,,,,,,,,,,,,,,,,,,,multipolygon,,,,,,575247.3904716788,36.174484005026706,-80.66169680570331,North Carolina,NC00178
,,,,,Unknown Golf Course,,,,,,,,,,,,,,,,,,,,,,,,,,,,,,,,,,575087.1437372752,35.60863877890081,-77.5858068558099,North Carolina,NC00379
,,,,,Unknown Golf Course,,,,,,,,,,,,,,,,,,,,,,,,,,,,,,,,,,573435.1667069086,35.282051743781764,-77.60089620367629,North Carolina,NC00242
Lumberton,110,28360,,Nigel Drive,Pinecrest Country Club,,https://www.golfcoursesoni95.com/,+1 910 738 6541,,,,,,,,,,,,,,,,,,,,,,,,,,,,,,,572891.2020658486,34.63244794046918,-79.07516354232482,North Carolina,NC00319
Weldon,800,27890,,Country Club Road,Chockoyotte Country Club,,https://www.chockoyottecountryclub.com/,252-536-3166,,,,,,,,,,,,,,,,,,,,,,,,,,,,,,,571940.1860103647,36.42006846802302,-77.62178598421954,North Carolina,NC00244
,,,,,Unknown Golf Course,,,,,,,,,,,,,,,,,,,,,,,,,,,,multipolygon,,,,,,570821.0167839268,35.929524796610224,-75.61463881147311,North Carolina,NC00189
Wilkesboro,541,28697,,Clubhouse Road,Oakwoods Country Club,,https://www.oakwoodscc.com/,+1 336 838 3011,,,,,,,,,,,,,,,,,,,,,,,,,multipolygon,,,,,,568990.5313275796,36.11496500074915,-81.15080306563476,North Carolina,NC00175
Statesville,273,28677,,Old Airport Road,Lakewood Golf Club,,https://www.lakewoodgolfclub.net/,704-873-6441,,,,,,,,,,,,,,,,,,,,,,,,,,,,,,,568352.6135841927,35.76211367648188,-80.94155322682073,North Carolina,NC00301
Asheville,226,28805,,Fairway Drive,Asheville Municipal Golf Course,,https://www.ashevillenc.gov/Departments/ParksRecreation/ParksFacilitiesInventory/MunicipalGolfCourse.aspx,+1 828 298 1867,,,,,,,,,,,,,,,,,,,,,,,,,multipolygon,,,,,,567692.9421190005,35.58003562001269,-82.50189183002543,North Carolina,NC00171
,,,,,Unknown Golf Course,,,,,,,,,,,,,,,,,,,,,,,,,,,,,,,,,,562971.2719108241,35.77898147157385,-80.52295494620859,North Carolina,NC00304
,,,,,The River Course,,,,,,,,,,Country Club of Whispering Pines,,,,,,,,,,,,,,,,,,multipolygon,,,,,,562366.981836175,35.2627846488633,-79.38484861360031,North Carolina,NC00097
,,,,,Walnut Woods Golf Course,,,,,,,,,,,,,,,,,,,,,,,,,,,,,,,,,,562214.9488757263,35.979507065331575,-79.6450908415912,North Carolina,NC00342
Greenville,216,27834,,Country Club Drive,Greenville Country Club,,http://www.greenvillecountryclub.com/,252-756-1237,,,,,,,,,,,,,,,,,,,,,,,,,,,,,,,559998.9090036753,35.58122545810804,-77.40288255127275,North Carolina,NC00290
Raleigh,3000,27613,,Bullybunion Way,Wildwood Green Golf Club,,https://www.wildwoodgreen.com/,919-846-8376,,,,,,,,,,,,,,,,,,,,,,,,,,,,,,,558989.0901579427,35.909381494521746,-78.68907435005453,North Carolina,NC00251
,,,,,Unknown Golf Course,,,,,,,,,,,,,,,,,,,,,,,,,,,,,,,,,,557704.7391053145,36.15910339129537,-79.6461894830947,North Carolina,NC00430
,,,,,Tanglewood Reynolds Course,,,,,,,,,,Tanglewood Park,,,,,,,,,,,,,,,,,,multipolygon,,,,,,555240.0354886304,35.99676709428476,-80.40394399411261,North Carolina,NC00217
Kings Mountain,109,28086,NC,Country Club Road,Kings Mountain Country Club,,,,,,,,,,,,,,,,,,,,,,,,,,,,,,,,,,555071.6250478395,35.246310621396724,-81.36307567209167,North Carolina,NC00360
Highlands,981,28741,,Dillard Road,Highlands Country Club,,https://www.highlandscountryclub.com/,+1 828 526 2181,,,,,,,,,,,,,,,,,,,,,,,,,multipolygon,,,,,,552443.5775035269,35.0504248643818,-83.21696898691621,North Carolina,NC00194
,,,,,Unknown Golf Course,,,,,,,,,,,,,,,,,,,,,,,,,,,,,,,,,,552418.9358942892,35.658050095171355,-80.50916482186938,North Carolina,NC00302
,,,,,Unknown Golf Course,,,,,,,,,,,,,,,,,,,,,,,,,,,,,,,,,,549116.6552730977,35.28091249081498,-82.47090839317158,North Carolina,NC00459
Fuquay Varina,6536,27526,NC,Dornoch Place,Bentwinds Country Club,,https://www.bentwinds.org/,+1-919-552-5656,,,,,,,,,,,,,,,,,,,,,,,,,multipolygon,,,,,,548159.7377976736,35.62547525809257,-78.76726308516152,North Carolina,NC00228
Sanford,53,27332,,Carolina Lakes Road,Carolina Lakes Golf Club,,https://www.carolina-lakes.com/,+1 919 499 5421,,,,,,,,,,,,,,,,,,,,,,,,,,,,,,,547240.2227005229,35.287734393882005,-79.05562548888294,North Carolina,NC00331
,,,,,Unknown Golf Course,,,,,,,,,,,,,,,,,,,,,,,,,,,,multipolygon,,,,,,541239.3864741444,35.48776636856575,-83.01554620039718,North Carolina,NC00230
,,,,,Pine Valley Country Club,,,,,,,,Mapbox satellite;survey,,Pine Valley Country Club,,,,,,,,,,,,,,,,,,,,,,,,538446.9718147245,34.18764975752634,-77.89714334354896,North Carolina,NC00315
Nashville,901,27856,,East Birchwood Drive,Birchwood Country Club,,http://www.birchwoodcc.net/,+1 252 459 3910,,,,,,,,,,,,,,,,,,,,,,,,,,,,,,,537011.0870526632,35.963087893908785,-77.95124124502084,North Carolina,NC00346
,,,,,Reynolds Park Golf Course,,,,,,,,,,,,,,,,,,,,,,,,,,,,,,,,,,535600.7595071201,36.08844269256678,-80.20537483101025,North Carolina,NC00274
,,,,,Sea Scape Golf Links,,,,,,,,,,,,,,,,,,,,,,,,,,,,multipolygon,,,,,,532255.0843013234,36.08545320918565,-75.70889026430184,North Carolina,NC00188
,,,,,Unknown Golf Course,,,,,,,,,,,,,,,,,,,,,,,,,,,,multipolygon,,,,,,530973.5501805622,35.8280836486221,-77.07159008478958,North Carolina,NC00186
Sparta,611,28675,NC,Golf Course Road,New River Country Club,,http://www.sparta-nc.com/newrivergolf/,,,,,,,,,,,,,,,,,18_hole,,,,,,,,,,,,,,,528594.0295602272,36.53644555937599,-81.17220858587162,North Carolina,NC00412
,,,,,Highlands Falls Country Club,,,,,,,,,,,,,,,,,,,,,,,,,,,,multipolygon,,,,,,527487.0342885436,35.07073647053281,-83.18202153969543,North Carolina,NC00208
Whispering Pines,26,28327,,Sandpiper Drive,The Woods Golf Club,,http://www.thewoodsgolfclub.com/,+19109494653,,,,,,,,,,,,,,,,,,,,,,,,,multipolygon,,,,,,526753.5263822819,35.23822635369735,-79.37167075473573,North Carolina,NC00100
Wendell,180,27591,,Jake May Drive,Wendell Country Club,,http://www.wendellcc.com/,+1 919 365 7337,,,,,,,,,,,,,,,,,,,,,,,,,,,,,,,521982.12496002705,35.770833936528796,-78.38694014506947,North Carolina,NC00347
Hendersonville,,,,Cummings Road,Cummings Cove Golf and Country Club,,https://www.cummingscove.com/golf/,+1 828 891 9412,,,,,,,,,,,,,,,,,,,,,,,,,multipolygon,,,,,,521625.2949068452,35.31087239778856,-82.56130607154361,North Carolina,NC00169
Wilson,,27893,,US 301,Willow Springs Country Club,,https://www.willowspringscc.com/,+1 252 291 5171,,,,,,,,,,,,,,,,,,,,,,,,,,,,,,,519404.5918187134,35.68319156228653,-77.94462408657198,North Carolina,NC00378
,,,,,Bald Mountain Golf Course,,https://www.rumblingbald.com/spectacular-mountain-golf/bald-mountain/,,,,,,,,,,,,,,,,,,,,,"Bald Mountain – Designed in 1968, by W.B. Lewis, the Bald Mountain course has stood the test of time. Playing under the shadow of Bald Mountain itself, you can enjoy our beautiful views and first class conditions.",,,,,,,,,,,517753.7113357294,35.46590126377328,-82.19326754184895,North Carolina,NC00420
,,,,,Grove Park Country Club,,,,,,,,,,,,,,,,,,,,,,,,,,659,1017531,,,,,,,513709.00309602305,35.616922833248005,-82.5463071116861,North Carolina,NC00260
,,,,,Benvenue Country Club Course,,,,,,,,,,,,,,,,,,,,,,,,,,,,,,,,,,512903.1150717635,35.981231116022954,-77.81786617903013,North Carolina,NC00265
New Bern,465,28560,,Carolina Pines Boulevard,Carolina Pines Golf and Country Club,,https://www.carolinapinesgolf.com/,252-444-1000,,,,,,,,,,,,,,,,,,,,,,,,,,,,,,,510218.1006701099,34.965826380987494,-76.9259979625118,North Carolina,NC00272
Franklin,341,28734,NC,Country Club Drive,Mill Creek Country Club,,,,,,,,,,,,,,,,,,,,,,,,,,,,,,,,,,491708.9345295891,35.17370742791968,-83.46410846569518,North Carolina,NC00452
Whitsett,1753,27377,,NC 61,Brookwood Golf Course,,https://brookwoodgolfcourse.com/,+1 336 449 5544,,,,,,,,,,,,,,,,,,,,,,,,,,,,,,,486547.0698364655,36.01045118136634,-79.57396854559342,North Carolina,NC00343
,,,,,The Pines,name taken from https://www.openstreetmap.org/way/995714539,,,,,,,,,,,,,,,,,,,,,,,,,,,,,,,,,486024.5983724029,36.33141396815457,-76.23843574249405,North Carolina,NC00462
Salisbury,3515,28146,,Stokes Ferry Road,McCanless Golf Club,,https://themacgc.com/,+1 704 637 1235,,,,,,,,,,,,,,,,,,,,,,,,,,,,,,,480771.4544362198,35.62866491792925,-80.43248266071102,North Carolina,NC00366
Cashiers,1,28717,NC,Trillium Center,Trillium Links,,,,,,,,,,,,,,,,,,,,,,,,,,,,,,,,,,477140.543739136,35.139739653433274,-83.1387373983426,North Carolina,NC00414
,,,,,Lake Toxaway Golf Club,,,,,,,,,,,,,,,,,,,,,,,,,,,,multipolygon,,,,,,475490.04536947835,35.13733893988022,-82.95605993292122,North Carolina,NC00056
Beech Mountain,103,28604,NC,Lakeledge Road,Beech Mountain Club,,https://beechmtn.club/,+1-828-387-4208,,,,,,,,,,,,,,,,18_hole,,,,,,,,,multipolygon,,,,,,471082.3975080307,36.21331172269146,-81.88527143049838,North Carolina,NC00198
,,,,,Unknown Golf Course,,,,,,,,,,,,,,,,,,,,,,,,,,,,,,,,,,463969.31361448177,35.79523439903383,-80.24862424896871,North Carolina,NC00391
,,,,,Hound Ears Club,,,,,,,,,,,,,,,,,,,,,,,,,,,,,,,,,,463179.9550941535,36.174644676727695,-81.74134437337136,North Carolina,NC00257
Graham,3136,27253,,Southwick Drive,Southwick Golf Course,,http://www.southwickgolf.com/,+1 336 227 2582,,,,,,,,,,,,,,,,,,,,,,,,,,,,,,,463145.1247844255,36.0058866574707,-79.36668028129621,North Carolina,NC00341
,,,,,Crystal Coast Country Club,,https://crystalcoastcc.com/,,,,,,,,,,,,,,,,,,,,,,,,,1017461,multipolygon,,Bogue Bank Country Club,,,,454299.6438235333,34.700976792688216,-76.79027481105051,North Carolina,NC00183
,,,,,Knight's Play Golf Center,,,,,,,,,,,,,,,,,,,,,,,,,,,,,,,,,,448557.7113942945,35.71119114896394,-78.8141712344571,North Carolina,NC00297
,,,,,Unknown Golf Course,,,,,,,,,,,,,,,,,,,,,,,,,,,,,,,,,,446796.93673357286,36.044547276997115,-79.43017753159435,North Carolina,NC00344
,,,,,Unknown Golf Course,,,,,,,,,,,,,,,,,,,,,,,,,,,,multipolygon,,,,,,446614.5995756688,35.31797183167235,-79.13008268967626,North Carolina,NC00124
Spruce Pine,2360,28777,,Swiss Pine Lake Drive,Grassy Creek Golf & Country Club,,https://www.grassycreek.com/,+1 828 765 7436,,,,,,,,,,,,,,,,,,,,,,,,,,,,,,,439179.9138683114,35.891357698089244,-82.0694199789304,North Carolina,NC00371
Black Mountain,17,28711,,Ross Drive,Black Mountain Golf Course,,https://www.blackmountaingolf.org/,+1 828 669 2710,,,,,,,,,,,,,,,,,,,,,,,,,,,,,,,436590.1820913989,35.627888345513014,-82.33483264214861,North Carolina,NC00370
,,,,,Lynrock Golf Course,,,,,,,,,,,,,,,,,,,,,,,,,,,,,,,,,,433927.457746563,36.479234016228574,-79.74832254434536,North Carolina,NC00423
Sugar Mountain,1054,28604,NC,Sugar Mountain Drive,Sugar Mountain Golf Course,,,+1-828-898-6464,,,,,,,Sugar Mountain Village,,,,,,,,,,,,,,,,,,,,,,,,430919.8084068944,36.13246442941592,-81.85409328807796,North Carolina,NC00394
,,,,,Greensboro Country Club Irving Park Golf Course,,,,,,,,,,Greensboro Country Club,,,,,,,,,,,,,,,,,,,,,,,,429187.108651688,36.0969808132449,-79.80134949850601,North Carolina,NC00387
,,,,,Wilshire Golf Club,,,,,,,,,,,,,,,,,,,,,,,,,,,,,,,,,,418182.64587612473,36.015976543913176,-80.25586957053217,North Carolina,NC00385
Lillington,216,27546,NC,Country Club Drive,White Course,,https://www.keithhills.com/,+1-910-893-1371,,,,,,,Keith Hills Golf Club,,,,,,,,,,,,,,,,,,,,,,,,407442.09474812285,35.40326836770026,-78.7581700368958,North Carolina,NC00333
,,,,,Chowan Golf and Country Club,,,,,,,,,,,,,,,,,,,,,,,,,,,,multipolygon,,,,,,378290.47358248517,36.01397826948486,-76.54242749971822,North Carolina,NC00220
,,,,,Unknown Golf Course,,,,,,,,,,,,,,,,,,,,,,,,,,,,,,,,,,348751.1098898545,35.97375070068541,-76.95199934258044,North Carolina,NC00380
,,,,,Lakes Course,,,,,,,,,,Governor's Club,,,,,,,,,,,,,,,,,,multipolygon,,,,,,346956.2557824459,35.84225893068846,-79.03607400613384,North Carolina,NC00125
,,,,,Paschal Golf Club,,,,,,,,,,,,,,,,,,,,,,,,,,,,,,,,,,345910.3300645695,35.982196251302895,-78.52163297506965,North Carolina,NC00401
Linville,1665,28646,NC,Goose Hollow Road,Linville Land Harbor Golf Club,,https://linvillelandharborgolf.com/,,,,,,,,,,,,,,,,,18_hole,,,,,,,,,multipolygon,,,,,,344288.2818346139,36.04240316688209,-81.90079644056931,North Carolina,NC00199
,,,,,Lake Junaluska Golf Course,,,,,,,,,,,,,,,,,,,,,,,,,,,,,,,,,,344271.8363086255,35.516705234870344,-82.97606051185781,North Carolina,NC00263
Whiteville,2333,28472,NC,James B White Highway North,Whiteville Country Club,,,,,,,,,,,,,,,golf,,,,,,,,,,,,,,,,,,,321935.1115362668,34.36819614196453,-78.71977417757431,North Carolina,NC00269
Charlotte,1225,28208,NC,Remount Road,Dr. Charles L. Sifford Golf Course,,,,,,,,yahoo,,,,,,county,,,,,,,,,,,,,,,,,,,,318159.0429602354,35.20930815096754,-80.87917039136921,North Carolina,NC00444
,,,,,Unknown Golf Course,,,,,,,,,,,,,,,,,,,,,,,,,,,,,,,,,,308979.7762844255,35.67445794249451,-78.6510711603983,North Carolina,NC00340
Lillington,216,27546,NC,Country Club Drive,Orange Course,,https://www.keithhills.com/,+1-910-893-1371,,,,,,,Keith Hills Golf Club,,,,,,,,,,,,,,,,,,multipolygon,,,,,,304216.393623583,35.393462454556115,-78.75704550881493,North Carolina,NC00118
,,,,,Foothills Course,,,,,,,,,,Governor's Club,,,,,,,,,,,,,,,,,,,,,,,,293669.0766496506,35.84831481369882,-79.0382410534601,North Carolina,NC00338
,,,,,Tryon Country Club,,,,,,,,,,,,,,,,,,,,,,,,,,,,,,,,,,293062.0276275799,35.21694480440984,-82.25610111585947,North Carolina,NC00400
Hickory,430,28601,,17th Avenue Northwest,Lake Hickory Country Club,,https://lakehickorycc.com/,828-328-2981,,,,,,,,,,,,,,,,,,,,,,,,,,,,,,,286906.53798863105,35.76020052524271,-81.34472117241026,North Carolina,NC00298
Reidsville,1622,27323,,Country Club Road,Pennrose Park Country Club,,https://www.pennrosepark.com/,+1 336 349 5245,,,,,,,,,,,,,,,,,,,,,,,,,,,,,,,282720.3261353857,36.339258974369514,-79.6721690013049,North Carolina,NC00373
,,,,,Unknown Golf Course,,,,,,,,,,,,,,,,,,,,,,,,,,,,,,,,,,281812.84405110794,36.28446579518212,-80.94137895144789,North Carolina,NC00308
,,,,,Warrenton Golf Club,,,,,,,,,,,,,,,,,,,,,,,,,,,,,,,,,,281090.247371807,36.38767435127372,-78.1194636010131,North Carolina,NC00399
,,,,,Unknown Golf Course,,,,,,,,,,,,,,,,,,,,,,,,,,,,,,,,,,278234.2344953054,34.858707369520715,-77.50132704851703,North Carolina,NC00470
,,,,,Mountain Course,,,,,,,,,,Governor's Club,,,,,,,,,,,,,,,,,,multipolygon,,,,,,276989.58126883965,35.84941082902992,-79.05169232332624,North Carolina,NC00126
,,,,,Plymouth Country Club,,,,,,"Mo-Fr 10:00-18:00; Sa,Su 09:00-18:00",,,,,,,,,golf,,,,,,,,,,,,,,,,,,,275022.1934102286,35.85574687840244,-76.76137907527949,North Carolina,NC00418
,,,,,Unknown Golf Course,,,,,,,,,,,,,,,,,,,,,,,,,,,,,,,,,,274900.9027912328,35.89596097818909,-77.55026887364875,North Carolina,NC00381
,,,,,Unknown Golf Course,https://www.ccwakefieldplantation.com/files/WP_Scorecard_9Hole_03042016.pdf,,,,,,,,,TPC Wakefield Plantation,,,,,,,,,9_hole,,,,,,,,,,,,,,,272339.276578702,35.964621659489154,-78.55218624791067,North Carolina,NC00345
,,,,,Unknown Golf Course,,,,,,,,,,,,,,,,,,,,,,,,,,,,,,,,,,271570.22066625435,35.401873585596,-77.61852311653865,North Carolina,NC00293
Forest City,211,28043,NC,Clay Street,Forest City Municipal Golf Course,,,,,,,,,,Town of Forest City,,,,,,,,,,,,,,,,,,,,,,,,269190.34124495083,35.33617055322618,-81.8776551023663,North Carolina,NC00427
Lillington,216,27546,NC,Country Club Drive,Black Course,,https://www.keithhills.com/,+1-910-893-1371,,,,,,,Keith Hills Golf Club,,,,,,,,,,,,,,,,,,multipolygon,,,,,,267340.57168775727,35.391754013506926,-78.75323527397988,North Carolina,NC00117
High Point,800,27262,,Country Club Drive,High Point Country Club,,https://www.hpcountryclub.com/,+1 336 889 0818,,,,,,,,,,,,,,,,,,,,,,,,,,,,,,,266690.19987997407,35.96538641887878,-80.0290898237142,North Carolina,NC00374
Pinehurst,2205,28374,,Midland Drive,Midland Country Club,,http://www.knollwood-midland.com/golf.html,+1 910 295 3241,,,,,,,,,,,,,,,,,,,,,,,,,multipolygon,,,,,,252797.74468083505,35.205382973733826,-79.43076876312398,North Carolina,NC00103
,,,,,Unknown Golf Course,,,,,,,,,,,,,,,,,,,,,,,,,,,,,,,,,,250502.03937120468,35.083629176391725,-83.07232011925541,North Carolina,NC00279
,,,,,Peachtree Hills Country Club,,,,,,,,,,,,,,,,,,,,,,,,,,,,,,,,,,249804.46152648932,35.98635296842269,-78.1311708929996,North Carolina,NC00481
Shelby,850,28150,NC,West Sumter Street,Royster Memorial Golf Course,,,,,,08:00-16:00,,,,,,,,,,,,,,,,,,,,,,multipolygon,,,,,,244081.50130328583,35.298899047265,-81.55946583561513,North Carolina,NC00200
,,,,,Unknown Golf Course,,,,,,,,,,,,,,,,,,,,,,,,,,,,,,,,,,241229.68864815676,36.217064875716105,-80.86911644128601,North Carolina,NC00306
Asheboro,421,27205,,Country Club Drive,Asheboro Municipal Golf Course,,https://www.ci.asheboro.nc.us/Recreation/golfcourse.html,336-625-4158,,,,,,,,,,,,,,,,,,,,,,,,,,,,,,,225943.34506802046,35.684919555109715,-79.82068376136046,North Carolina,NC00311
,,,,,Unknown Golf Course,,,,,,,,,,,,,,,,,,,,,,,,,,,,,,,,,,212209.8010153538,36.3066299225302,-80.97770819201959,North Carolina,NC00307
,,,,,Heather Hills Golf Course,,,,,,,,,,,,,,,,,,,,,,,,,,,,multipolygon,,,,,,211089.5806843248,36.050031786338245,-80.29004127885078,North Carolina,NC00222
,,,,,Unknown Golf Course,,,,,,,,,,,,,,,,,,,,,,,,,,,,,,,,,,166789.55448512663,35.34831266045402,-82.38688820103211,North Carolina,NC00445
,,,,,Knollwood Fairways,,,,,,,,,,,,,,,,,,,,,,,,,,,,,,,,,,152992.4583796642,35.193596017047405,-79.40660416823367,North Carolina,NC00327
Roaring Gap,2663,28668,NC,Roaring Gap Drive,Roaring Gap Club,,https://www.roaringgapclub.com/,,,,,,,,,,,,,,,,,,,,,,,,,,multipolygon,,,,,,151725.67470915863,36.41108906965356,-80.96919507120084,North Carolina,NC00204
,,,,,Unknown Golf Course,,,,,,,,,,,,,,,,,,,,,,,,,,,,multipolygon,,,,,,147511.41756555976,36.208378946517726,-81.73465657378512,North Carolina,NC00212
,,,,,Ironplay,,,,,,,,,,,,,,,,,,,,,,,,,,,,,,,,,,144396.77419009997,36.20946532669453,-79.84661285862495,North Carolina,NC00410
Southport,4166,28465,,Vanessa Drive,Oak Island Par Three Golf Course at South Harbour,,https://www.oakislandparthreesouthharbour.com/,+1 910 454 0905,,,,,,,,,,,,,,,,,,,,,,,,,multipolygon,,,,,,136030.20177735446,33.92874449195623,-78.06530413744423,North Carolina,NC00173
Pinehurst,85,28374,NC,Glasgow Drive,Azalea,,https://www.pinewildcc.com/,,,,,,,,Pinewild Country Club,,,,,,,,,,,,,,,,,,,,,,,,129702.88937630094,35.19863580438565,-79.50443632529975,North Carolina,NC00325
Indian Trail,U.S. Hwy 74,28079,NC,,Pebble Creek Golf Golf Course,,,,,,,,,,,,,,,,,,,,,,,,,,,,,,,,,,129454.95216408547,35.0707735646226,-80.64968757701268,North Carolina,NC00392
,,,,,Unknown Golf Course,,,,,,,,,,,,,,,,,,,,,,,,,,,,,,,,,,127485.8823219798,34.85377805394143,-77.4910929345374,North Carolina,NC00467
,,,,,Challenger 3 Golf Course,,,,,,,,,,,,,,,,,,,,,,,,,,,,,,,,,,122644.79080044257,35.33676433900911,-81.49973620667882,North Carolina,NC00270
,,,,,Lynrock Golf Course,,,,,,,,,,,,,,,,,,,,,,,,,,,,,,,,,,108383.1527148411,36.485550868032334,-79.75201853592674,North Carolina,NC00422
,,,,,Randy's Golf Center and Range,,,,,,,,,,,,,,,,,,,,,,,,,,,,,,,,,,93286.44012557385,36.069396377533565,-79.33190086848849,North Carolina,NC00439
,,,,,Unknown Golf Course,,,,,,,,,,,,,,,,,,,,,,,,,,,,,,,,,,91161.70897328727,36.01330033186081,-76.53417520289024,North Carolina,NC00463
,,,,,Unknown Golf Course,,,,,,,,,,,,,,,,,,,,,,,,,,,,,,,,,,80615.29667509324,34.85165475622255,-77.49895437412071,North Carolina,NC00468
,,,,,Golfin Dolphin,,,,,,,,,,,,,,,,,,,,,,,,,,,,,,,,,,73288.67198371413,34.69605767892121,-77.06697088854597,North Carolina,NC00317
,,,,,Tanglewood Par 3 Course,,,,,,,,,,Tanglewood Park,,fairway,,,,,,grass,,,,,,,,,,multipolygon,,,,,,66904.34906842033,36.00177622465777,-80.40004076440246,North Carolina,NC00216
,,,,,The Cradle,,,,,,,,,,,,,,,,,,,,,,,,,,,,,,,,,,60233.91333311708,35.187255297059366,-79.46804332339988,North Carolina,NC00432
,,,,,Golf Range & Pro Shop,,,,,,,,,,,,,,,,,,,,,,,,,,,,,,,,,,58718.61277468469,35.14518037078443,-78.8567599428237,North Carolina,NC00404
,,,,,Unknown Golf Course,,,,,,,,,,,,,,,,,,,,,,,,,,,,multipolygon,,,,,,56988.905674386115,35.85994399337736,-79.0200052108962,North Carolina,NC00127
Charlotte,110,28262,NC,Barton Creek Drive,Paradise Valley,,https://www.charlottepublicgolf.com/courses/paradise-valley-par-3-gc/,,,,,,,,"Ratcliffe Golf Services, Inc.",,,,county,,,,,,,,,,,,,,,,,,,,55413.834057516426,35.31728620999797,-80.7429899215586,North Carolina,NC00456
,,,,,Unknown Golf Course,,,,,,,,,,,,,,,,,,,,,,,,,,,,,,,,,,54116.71106575619,35.16111051838653,-79.39354501212613,North Carolina,NC00425
,,,,,Haddock Golf Center,,,,,,,,,,,,,,,,,,,,,,,,,,,,,,,,,,52466.91443987241,36.1325141785574,-80.27088572650014,North Carolina,NC00235
,,,,,Par 3 Golf Course,,,,,,,,,,,,,,,,,,,,,,,,,,,,,,,,,,51683.026608117885,36.166213696063146,-79.8690168236114,North Carolina,NC00407
,,,,,Golf Practice Range,,,,,,,,,,,,,,,,,,,,,,,,,,,,,,,,,,49350.924239319946,35.08089403152724,-78.94934214817867,North Carolina,NC00405
,,,,,Unknown Golf Course,,,,,,,,,,,,,,,,,,,,,,,,,,,,,,,,,,47150.22730398963,35.159583338301935,-79.38972551914323,North Carolina,NC00426
,,,,,Knobbs Creek Golf Course,,,,,,,,,,,,,,,,,,,,,,,,,,,,,,,,,,37441.41256004306,36.3118234795111,-76.21810410368418,North Carolina,NC00447
,,,,,Covington Golf Course,,,,,,,,,,Davidson College,,,,,,,,,,,,,,,,,,,,,,,,37090.30677666279,35.50405753509439,-80.83976796021878,North Carolina,NC00402
,,,,,Hedingham Golf Club,,,,,,,,,,,,,,,,,,,,,,,,,,,,,,,,,,35235.445516314496,35.80413434695911,-78.5468825115939,North Carolina,NC00258
,,,,,Hedingham Golf Club,,,,,,,,,,,,,,,,,,,,,,,,,,,,,,,,,,35235.445516314496,35.80413434695911,-78.5468825115939,North Carolina,NC00259
,,,,,Unknown Golf Course,,,,,,,,,,,,,,,,,,,,,,,,,,,,,,,,,,32440.19426265257,35.002111581101204,-76.85423132631902,North Carolina,NC00473
,,,,,Bur-Mil Driving Range,,,,,,,,,,,,,,,,,,,,,,,,,,,,,,,,,,32204.67824607432,36.16535513592504,-79.8718333793865,North Carolina,NC00408
,,,,,The Golf Village,,,,,,,,,,,,,,,,,,,pitch_and_putt,,,,,,27,,,,,,,,,30104.46907134244,35.09000777257538,-80.88363836672836,North Carolina,NC00477
,,,,,Unknown Golf Course,,,,,,,,,,,,,,,,,,,,,,,,,,,,,,,,,,28000.39365699666,35.28981748897389,-77.58972424121752,North Carolina,NC00286
,,,,,Northwoods Disc Golf Course,,,,,,sunrise-sunset,,,,Northwoods,,,,,,,,,,,,,Northwoods 9 Hole Disc Golf Course,,,,,,,,,,,26128.05150837286,35.303215095517096,-80.9649798235515,North Carolina,NC00398
,,,,,Unknown Golf Course,,,,,,,,,,,,,,,,,,,,,,,,,,,,,,,,,,24896.118265077257,35.21986704798447,-83.05842035115542,North Carolina,NC00451
,,,,,Unknown Golf Course,,,,,,,,,,,,,,,,,,,,,,,,,,,,,,,,,,23292.309446466534,34.855862111530215,-77.49391896127884,North Carolina,NC00469
West Jefferson,1396,28694,NC,Fairway Ridge Drive,Mountain Aire Golf Course,,,,,,,,,,,,,,,,,,,,,,,,,,,,multipolygon,,,,,,21130.50855053619,36.377427625731464,-81.52986570251147,North Carolina,NC00205
,,,,,Unknown Golf Course,,,,,,,,,,,,,,,,,,,,,,,,,,,,,,,,,,18986.725083602705,35.18458424888987,-83.35416337351181,North Carolina,NC00384
,,,,,Unknown Golf Course,,,,,,,,,,,,driving_range,grass,,,,,,,,,,,,,,,,,,,,,14883.41206396224,34.186890208034924,-77.90103651052277,North Carolina,NC00314
,,,,,Unknown Golf Course,,,,,,,,,,,,,,,,,,,,,,,,,,,,,,,,,,14404.963863009525,35.32888048666931,-80.80208772831594,North Carolina,NC00434
,,,,,Unknown Golf Course,,,,,,,,,,,,,,,,,,,,,,,,,,,,,,,,,,10222.936990682882,35.22869106116422,-83.40146319757865,North Carolina,NC00383
