club,name,addr:city,addr:housenumber,addr:postcode,addr:state,addr:street,contact:facebook,phone,website,ele,gnis:feature_id,operator,fixme,USGS-LULC:CLASS,note,source,url,alt_name,USGS-LULC:CNTYNAME,USGS-LULC:LEVEL_I,USGS-LULC:LEVEL_II,USGS-LULC:STATECTY,wikidata,wikipedia,access,opening_hours,wheelchair,sport,description,fax,golf,building,LandPro08:DE3,LandPro08:LC_NAME,LandPro08:LU_NAME,LandPro08:reviewed,old_name,start_date,ownership,mobile,golf:course,golf:par,contact:website,owner,type,addr:country,LandPro08:DE5,LandPro08:LC,LandPro08:LCLU,LandPro08:LU,facebook,area,area_m2,lat,lon,province,gcid
,Ohoopee Match Club,,,,,,,,https://www.ohoopeematchclub.com/,,,,,,,,,,,,,,,,private,,,,,,,,,,,,,,,,,,,,multipolygon,,,,,,,,10352049.224760428,32.2498822911414,-82.20403777894856,Georgia,GA00106
,Jekyll Island Golf Club,,,,,,,,,,,,,,,,,,,,,,,,,,,,,,,,,,,,,,,,,,,,,,,,,,,,3790584.5530586755,31.06865574777028,-81.41378917941122,Georgia,GA00298
,Chateau Elan Golf Club,Braselton,6060,30517,GA,Golf Club Drive,,+1-678-425-6050,https://golf.chateauelan.com/,,,,,,,LandPro08,,,,,,,,,,,,,,,,,UNDEVELOPABLE,GOLF_COURSE,GOLF_COURSE,no,,,,,,,,,multipolygon,,AU,171,171171,171,,,3029949.3945439924,34.09908031440894,-83.8349823378049,Georgia,GA00049
,Unknown Golf Course,,,,,,,,,,,,,,,,,,,,,,,,,,,,,,,,,,,,,,,,,,,,,,,,,,,,2567874.703516334,32.54916323992609,-84.84864312425587,Georgia,GA00429
,Southern Landings,,,,,,,,,,,,,,,,,,,,,,,,,,,,,,,,,,,,,,,,,,,,,,,,,,,,2355371.0860900646,32.571051225696934,-83.57289984380999,Georgia,GA00401
,Atlanta National Golf Club,,350,,,Tournament Players Drive,,,,,,,,,,LandPro08,,,,,,,,,,,,,,,,,UNDEVELOPABLE,GOLF_COURSE,GOLF_COURSE,no,,,,,,,,,,,,,,,,,2332198.390864146,34.12673789766742,-84.36165503693194,Georgia,GA00253
,Ricefields Golf Club,,,,,,,,,,,,,,,,,,,,,,,,,,,,,,,,,,,,,,,,,,,,,,,,,,,,2231677.874650807,31.711020968366707,-81.37399832264045,Georgia,GA00381
,Reynolds Great Waters,,,,,,,,,,,,,,,,,,,,,,,,,,,,,,,,,,,,,,,,,,,,,,,,,,,,2013563.8117009196,33.39417793533426,-83.23208929570959,Georgia,GA00375
,Unknown Golf Course,,,,,,,,,,,,,,,,,,,,,,,,,,,,,,,,,,,,,,,,,,,,,,,,,,,,2000446.2619316932,31.572805006905995,-84.2813100592057,Georgia,GA00322
,Atlanta Athletic Club,Johns Creek,1930,30097,,Bobby Jones Drive,,+1-770-448-2166,https://www.atlantaathleticclub.org/,,,,,,,LandPro08,,,,,,,Q2377861,,private,,,,,,,,,,,no,,,,,,,,,,,,,,,,,1990751.6472890421,34.000684335049556,-84.18984491017295,Georgia,GA00177
,Pine Forest Country Club,,,,,,,,,,,,,,Other Urban Or Built-Up Land,LULC,,,,,,,,,,,,,,,,,,,,,,,,,,,,,,,,,,,,,1910805.2110299377,31.562389303593015,-81.88477688027861,Georgia,GA00164
,Chimney Oaks Golf Club,Homer,148,30457,GA,Chimney Oaks Drive,,,,,,,,,,,,,,,,,,,,,,,,,,,,,,,,,,,,,,,,,,,,,,,1868926.2128099396,34.35790004667809,-83.48827455726457,Georgia,GA00431
,Unknown Golf Course,,,,,,,,,,,,,,,,,,,,,,,,,,,,,,,,,,,,,,,,,,,,,,,,,,,,1816581.0385989873,32.8335472280308,-84.84761211109934,Georgia,GA00400
,Whitepath Golf Course,Ellijay,1156,30540,GA,Shenendoah Drive,,+1-706-276-3080,golfwhitepath.com,,,,,,,,,,,,,,,,,Mo-Su 07:00-19:00,,,,,,,,,,,,,,,,,,,,,,,,,,,1787528.8965657451,34.7599126094278,-84.43855838628802,Georgia,GA00398
,Augusta National Golf Club,Augusta,2604,30904,GA,Washington Road,,+1-706-667-6000,https://www.masters.com,,,Augusta National Inc.,,,,,,,,,,,Q765780,en:Augusta National Golf Club,,,,,,,,,,,,,,,,,,,,,,,,,,,,,1787256.0723089338,33.50096030696152,-82.02242552715808,Georgia,GA00386
,Unknown Golf Course,,,,,,,,,,,,Name?,,,,,,,,,,,,,,,,,,,,,,,,,,,,,,,,,,,,,,,,1756385.92381081,32.33236946791845,-83.51367364427621,Georgia,GA00374
,Champion's Retreat,,37,30809,GA,Champions Parkway,,+1-706-854-6960,,,,,,,,,,,,,,,,,,,,,,,,,,,,,,,,,,,,,multipolygon,US,,,,,,,1738630.3526687126,33.59648910846159,-82.16172143847211,Georgia,GA00108
,Unknown Golf Course,,,,,,,,,,,,Name?,,,,,,,,,,,,,,,,,,,,,,,,,,,,,,,,,,,,,,,,1724438.376494959,31.587380875715983,-83.56562926447158,Georgia,GA00371
,Valdosta Country Club,,,,,,,,,,,,,,,,,,,,,,,,,,,,,,,,,,,,,,,,,,,,,,,,,,,,1721892.7080201982,30.8902110553024,-83.30754562285848,Georgia,GA00459
,Chicopee Woods Golf Course,Gainesville,2515,30504,GA,Atlanta Highway,,,,,,,,,,,,,,,,,,,,,,,,,,,,,,,,,,,,,,,,,,,,,,,1713766.1006484462,34.24026255637657,-83.84812030153668,Georgia,GA00372
,The Golf Club of Georgia,Alpharetta,1,30005,,Golf Club Drive,,+1 770 664 8644,https://golfclubofgeorgia.com/,,,,,,,,,,,,,,,,,,,,,,,,,,,,,,,,,,,,multipolygon,,,,,,,,1710070.7546587642,34.08858537438309,-84.2246360394708,Georgia,GA00048
,Unknown Golf Course,,,,,,,,,,,,,,,,,,,,,,,,,,,,,,,,,,,,,,,,,,,,,,,,,,,,1646898.073610754,33.38229120382053,-82.14120524699622,Georgia,GA00457
,Unknown Golf Course,,,,,,,,,,,,,,,,,,,,,,,,,,,,,,,,,,,,,,,,,,,,,,,,,,,,1595307.2053137748,32.36015913485998,-83.33447430732359,Georgia,GA00430
,Old Toccoa Farm,Mineral Bluff,596,30559,GA,Curtis Switch Rd,,,,,,,,,,,,,,,,,,,,,,golf,,,,,,,,,,,,,,,,,,,,,,,,,1591506.6049446675,34.92333090429663,-84.32340425911678,Georgia,GA00464
,TPC Sugarloaf,Duluth,2595,30097,GA,Sugarloaf Club Drive,,+1-770-418-1113,https://tpc.com/sugarloaf/,,,,,,,LandPro08,,,,,,,,,,,,,,,,,UNDEVELOPABLE,GOLF_COURSE,GOLF_COURSE,no,,,,,,,,,multipolygon,,,,,,,,1584632.982348776,33.99885579939488,-84.11096555054131,Georgia,GA00118
,Athens Country Club,,,,,,,,,,,,,,,,,,,,,,,,,,,,,,,,,,,,,,,,,,,,,,,,,,,,1582023.893934079,33.978083860879195,-83.4079427462673,Georgia,GA00139
,Athens Country Club,,,,,,,,,,,,,,,,,,,,,,,,,,,,,,,,,,,,,,,,,,,,,,,,,,,,1582023.893934079,33.978083860879195,-83.4079427462673,Georgia,GA00138
,Unknown Golf Course,,,,,,,,,,,,,,,,,,,,,,,,,,,,,,,,,,,,,,,,,,,,multipolygon,,,,,,,,1569923.6040506961,30.810741246643975,-83.37928268287037,Georgia,GA00086
,Eagle's Landing Country Club,Stockbridge,100,30281,,Eagles Landing Way,,+1 770 389 2000,https://www.clubcorp.com/Clubs/Eagles-Landing-Country-Club,,,ClubCorp,,,,,,,,,,,,,,,,,,,,,,,,,,,,,,,,,multipolygon,,,,,,,,1545979.3283484976,33.50487290513393,-84.21046769686006,Georgia,GA00016
,Unknown Golf Course,,,,,,,,,,,,,,,LandPro08,,,,,,,,,,,,,,,,,UNDEVELOPABLE,GOLF_COURSE,GOLF_COURSE,no,,,,,,,,,,,,,,,,,1541076.370690334,34.2405285184641,-83.84796810264113,Georgia,GA00276
,White Oak,Newnan,141,30265,,Clubview Drive,,+1 770 251 6700,https://www.clubcorp.com/Clubs/White-Oak-Canongate,,,ClubCorp,,,,,,,,,,,,,,,,,,,,,,,,,,,,,,,,,multipolygon,,,,,,,,1530066.2778469035,33.38894499024717,-84.72329549035472,Georgia,GA00023
,Stone Mountain Golf Club,Stone Mountain,11,30083,GA,Stonewall Jackson Drive,,,https://www.stonemountaingolf.com/,,,,,,,,,,,,,,,,,,,,,,,,,,,,,,,+1 770-465-3278,,,,,multipolygon,,,,,,,,1443256.3716212297,33.81335359893264,-84.12655331864353,Georgia,GA00053
,Ansley Golf Club - Settindown,,1608,,,Settindown Drive,,,,,,,,,,,,,,,,,,,,,,,,,,,,,,,,,,,,,,,,,,,,,,,1426300.9435911586,34.10336341983615,-84.4223754239922,Georgia,GA00425
,Cannongate 1 Golf Course,Sharpsburg,924,30277,GA,Shaw Rd,,,https://www.invitedclubs.com/,,,,,,,,,,,,,,,,,,,,,,,,UNDEVELOPABLE,GOLF_COURSE,GOLF_COURSE,,,,,+1-770-463-3342,,,,,multipolygon,,AU,171,171171,171,,,1406849.2305449517,33.47264258583318,-84.65512712999163,Georgia,GA00015
,The Golf Club at Bradshaw Farm,Woodstock,3030,30188,GA,Bradshaw Club Dr,,+1-770-592-2222,https://www.bradshawfarmgc.com/,,,,,,,LandPro08,,,,,,,,,,,,,,,,,UNDEVELOPABLE,GOLF_COURSE,GOLF_COURSE,no,,,,,,,,,multipolygon,,,,,,,,1385959.2695826807,34.156638800982556,-84.44754068979893,Georgia,GA00110
,The Golf Club at Bradshaw Farm,Woodstock,3030,30188,GA,Bradshaw Club Dr,,+1-770-592-2222,https://www.bradshawfarmgc.com/,,,,,,,LandPro08,,,,,,,,,,,,,,,,,UNDEVELOPABLE,GOLF_COURSE,GOLF_COURSE,no,,,,,,,,,multipolygon,,,,,,,,1385959.2695826807,34.156638800982556,-84.44754068979893,Georgia,GA00111
,Mirror Lake Golf Club,Villa Rica,1000,30180,,Canongate Parkway,,+1 770 459 5599,https://www.clubcorp.com/Clubs/Chapel-Hills-Mirror-Lake,,,ClubCorp,,,,,,,,,,,,,,,,,,,,,,,,,,,,,,,,,multipolygon,,,,,,,,1384797.2429085283,33.74623737789321,-84.89043861833518,Georgia,GA00072
,Unknown Golf Course,,,,,,,,,,,,,,,LandPro08,,,,,,,,,,,,,,,,,UNDEVELOPABLE,GOLF_COURSE,GOLF_COURSE,no,,,,,,,,,,,,,,,,,1359582.7584525114,34.2602372903014,-84.27311705168326,Georgia,GA00277
,Flat Creek,Peachtree City,100,30269,GA,Flat Creek Road,,+1-770-487-8140,https://www.invitedclubs.com/,,,,,,,,,,,,,,,,,,,,,,,,UNDEVELOPABLE,GOLF_COURSE,GOLF_COURSE,,,,,,,,,,multipolygon,,AU,171,171171,171,,,1343896.8124071339,33.412181061377716,-84.57728050471357,Georgia,GA00024
,Unknown Golf Course,,,,,,,,,,,,,,,,,,,,,,,,,,,,,,,,,,,,,,,,,,,,,,,,,,,,1337391.2645172,34.7031115161057,-83.45708130664923,Georgia,GA00353
,Unknown Golf Course,,,,,,,,,,,,,,,,,,,,,,,,,,,,,,,,UNDEVELOPABLE,GOLF_COURSE,GOLF_COURSE,,,,,,,,,,multipolygon,,AU,171,171171,171,,,1327148.1192539695,33.93905625880559,-83.59748993384183,Georgia,GA00039
,Cateechee Golf Club,,140,,,,,,,,,,,,,,,,,,,,,,,,,,,,,,,,,,,,,,,,,,,,,,,,,,1311400.7517414787,34.323395525066175,-82.92156810678004,Georgia,GA00347
,The Creek Golf Course at Hard Labor,,,,,,,,,,,,,,,,,,,,,,,,,,,,,,,,,,,,,,,,,,,,,,,,,,,,1306932.127966459,33.659810100791276,-83.61047768849623,Georgia,GA00146
,Unknown Golf Course,,,,,,,,,,,,,,,,,,,,,,,,,,,,,,,,,,,,,,,,18_hole,,,,,,,,,,,,1284369.3667853978,31.668060713047662,-85.03608599789192,Georgia,GA00329
,Highland Walk Golf Course at Victoria Bryant State Park,,,,,,,,,,,,,,,,,,,,,,,,,,,,,,,,,,,,,,,,,,,,,,,,,,,,1281353.9629533824,34.30404398002065,-83.16724091069706,Georgia,GA00145
,Flint River Golf Course,Albany,2000,,,McAdams Road,,+1-229-430-5267,http://www.albany.ga.us/content/1798/2879/117101/117203.aspx,,1671268,,,,,,,,,,,,,,,,,,,,,,,,,,Turner Field Municipal Golf Course,,municipal,,,,,,,,,,,,,,1262569.5958261227,31.608208779521778,-84.09661007593635,Georgia,GA00310
,Flint River Golf Course,Albany,2000,,,McAdams Road,,+1-229-430-5267,http://www.albany.ga.us/content/1798/2879/117101/117203.aspx,,1671268,,,,,,,,,,,,,,,,,,,,,,,,,,Turner Field Municipal Golf Course,,municipal,,,,,,,,,,,,,,1262569.5958261227,31.608208779521778,-84.09661007593635,Georgia,GA00311
,Unknown Golf Course,,,,,,,,,,,,,,,,,,,,,,,,,,,,,,,,,,,,,,,,,,,,,,,,,,,,1261035.722865722,31.873635888769947,-83.91229950799594,Georgia,GA00349
,Healy Point Country Club,Macon,293,31211,,River North Boulevard,,478-743-1495,https://www.clubcorp.com/Clubs/River-Forest-Healy-Point,,,,,,,,,,,,,,,,,,,,,,,,,,,,,,,,,,,,multipolygon,,,,,,,,1256264.4101488825,32.94063234578741,-83.65743919020986,Georgia,GA00074
,Ocean Forest Golf Club,,,,,,,,,,2502690,,,,,,,,,,,,,,,,,,,,,,,,,,,,,,,,,,multipolygon,,,,,,,,1248972.8852593384,31.21243111617099,-81.31961414120924,Georgia,GA00088
,Ocean Forest Golf Club,,,,,,,,,,2502690,,,,,,,,,,,,,,,,,,,,,,,,,,,,,,,,,,multipolygon,,,,,,,,1248972.8852593384,31.21243111617099,-81.31961414120924,Georgia,GA00087
,Fields Ferry Golf Club,Calhoun,581,30701,GA,Fields Ferry Drive Northeast,,+1-706-625-9001,https://fieldsferrygolf.com/,,,,,,,,,,,,,,,,,Mo-Su 08:00-17:00,,,,,,,,,,,,,,,,,,,,,,,,,,,1243236.5974331298,34.55174482716515,-84.84558453352724,Georgia,GA00399
,Standard Club,Johns Creek,6230,30097,,Abbotts Bridge Road,,+1 770 497 1920,https://www.standardclub.org/,,,,,,,,,,,,,,,,,,,,,,,,,,,no,,,,,,,,,multipolygon,,,,,,,,1238236.6177578366,34.05710481334751,-84.18070950874629,Georgia,GA00128
,The Club at Savannah Harbor,,,,,,,,,,,,,,Cropland And Pasture,LULC,,,,,,,,,,,,,,,,,,,,,,,,,,,,,,,,,,,,,1236027.0551542891,32.08990015874797,-81.08073412292008,Georgia,GA00161
,Governors Towne Club,Acworth,4200,30101,,Governors Towne Drive,,770-529-5455,https://www.governorstowneclub.com/,,,,,,,,,,,,,,,,,,,,,,,,,,,,,,,,,,,,multipolygon,,,,,,,,1224884.5305511851,34.06569354942349,-84.7360819966142,Georgia,GA00075
,Frederica Golf Club,,,,,,,,,,,,,,,,,,,,,,,,,,,,,,,,,,,,,,,,,,,,,,,,,,,,1212497.052701918,31.26198059355459,-81.36520350448116,Georgia,GA00443
,Bacon Park Golf Course,Savannah,1,31406,,Shorty Cooper Drive,,+1-912-354-2625,https://www.baconparkgolf.com/,,2502684,,,,,,,,,,,,,,,,,,,,,,,,,,,,,,,,,,,,,,,,,,1201899.0436456935,32.01053484427645,-81.08665778096962,Georgia,GA00162
,Sanctuary Golf Club,Waverly,2050,31565,GA,Sanctuary Wynd,,,,,,,,,,,,,,,,,,,,,,,,,,,,,,,,,,,,,,,multipolygon,,,,,,,,1181033.9329405008,31.10686776577269,-81.58317729286568,Georgia,GA00123
,Jennings Mill,,,,,,,,,,,,,,,,,,,,,,,,,,,,,,,,,,,,,,,,,,,,,,,,,,,,1163511.7846347364,33.9264922754969,-83.47269272471773,Georgia,GA00462
,Plantation Course,Saint Simons Island,100,31522,,Retreat Avenue,,,,,,Sea Island,,Other Urban or Built-up Land,,,,,,,,,,,,,,,,,,,,,,,,,,,,,,,,,,,,,,,1158936.0746699695,31.14296058101196,-81.40418698103676,Georgia,GA00315
,Whitewater Creek Country Club,Fayetteville,175,30215,GA,Birkdale Dr,,,https://www.invitedclubs.com/clubs/the-clubs-of-peachtree-city-and-newnan/golf/whitewater-creek-course,,,,,,,LandPro08,,,,,,,,,,,,,,,,,UNDEVELOPABLE,GOLF_COURSE,GOLF_COURSE,no,,,,,,,,,multipolygon,,,,,,,,1148900.2423408872,33.37795637771735,-84.50370887790041,Georgia,GA00122
,Sea Palms Golf Club,Saint Simons Island,5445,31522,,Frederica Road,,800-841-6268,https://www.seapalms.com/,,1671591,,,Other Urban or Built-up Land,,,,,,,,,,,,,,,,,,,,,,,,,,,,,,,multipolygon,,,,,,,,1137594.505642528,31.200524653906033,-81.3752738070449,Georgia,GA00062
,River Pointe Golf Club,Albany,801,31701,,River Pointe Drive,,+1-229-883-4885,https://www.riverpointegolfcourse.com/,,,,,,,,,,,,,,,,,,,,,,,,,,,,,,,,,,,,,,,,,,,,1132239.193448352,31.61548450150551,-84.13008757068596,Georgia,GA00312
,Unknown Golf Course,,,,,,,,,,,,,,,,,,,,,,,,,,,,,,,,,,,,,,,,,,,,,,,,,,,,1127339.481957584,32.004308396923,-81.13229855378142,Georgia,GA00296
,Wolf Creek Golf Course,Atlanta,3000,30331,GA,Union Rd SW,,+1-404-344-1334,https://www.wolfcreekgc.com/,,,,,,,,,,,,,,,,,,,,,,,,UNDEVELOPABLE,GOLF_COURSE,GOLF_COURSE,,,,,,,,,,multipolygon,,AU,171,171171,171,,,1125475.1714478699,33.67637421493821,-84.57825457230648,Georgia,GA00030
,Arrowhead Pointe,Elberton,2790,30635,GA,Olympic Rowing Drive,,+1-706-283-6000,http://www.arrowheadpointegc.com/,,,,,,,,,,,,,,,,,,,,,,,,,,,,,,,,,,,,multipolygon,,,,,,,,1116092.9813284678,34.15564738819353,-82.73116160154059,Georgia,GA00125
,Woodmont Golf and Country Club,Canton,,30115,GA,Gaddis Road,,,https://www.woodmontgolfclub.com/,,,,,,,,,,,,,,Q125792845,,,,,,,,,,,,,,,,,,,,,,,,,,,,,,1100760.580622604,34.22884926859984,-84.35273874445022,Georgia,GA00366
,Callahan Golf Links,Waleska,4911,30183,GA,Reinhardt College Parkway,,+1-770-720-1900,https://www.callahangolflinks.com/,,,,,,,LandPro08,,,,,,,,,,,,,,,,,UNDEVELOPABLE,GOLF_COURSE,GOLF_COURSE,no,,,,,,,,,,,,,,,,,1079351.807577944,34.296988687116716,-84.52943195381954,Georgia,GA00282
,Planterra Club,Peachtree City,500,30269,GA,Clubhouse Dr,,+1-770-487-8141,https://www.invitedclubs.com/clubs/planterra-club,,,,,,,LandPro08,,,,,,,,,,,,,,,,,UNDEVELOPABLE,GOLF_COURSE,GOLF_COURSE,no,,,,,,,,,,,,,,,,,1077382.4914844646,33.37273912799109,-84.58426286917165,Georgia,GA00189
,Hickory Hill Golf Course,Jackson,,,GA,,,,,,,,,,,,,,,,,,,,,+1-770-775-2433,,,,,,,,,,,,,,,,,,,,,,,,,,,1063955.2341176777,33.32110947473779,-83.95100911599553,Georgia,GA00441
,Hickory Hill Golf Course,Jackson,,,GA,,,,,,,,,,,,,,,,,,,,,+1-770-775-2433,,,,,,,,,,,,,,,,,,,,,,,,,,,1063955.2341176777,33.32110947473779,-83.95100911599553,Georgia,GA00440
,Bowden Golf Course,,,,,,,,,,,,,,,,,,,,,,Q19817669,,,,,,,,,,,,,,,,,,,,,,,,,,,,,,1063407.604400605,32.86001914534493,-83.5668755819579,Georgia,GA00158
,Seaside Course,Saint Simons Island,100,31522,,Retreat Avenue,,,https://www.seaisland.com/golf/best-golf-courses/,,,Sea Island,,Other Urban or Built-up Land,,,,,,,,,,,,,,,,,,,,,,,,,,,,,,,,,,,,,,,1053569.843813755,31.146397612054823,-81.40948994946565,Georgia,GA00316
,Unknown Golf Course,,,,,,,,,,,,,,,,,,,,,,,,,,,,,,,,,,,,,,,,,,,,,,,,,,,,1050691.2161109492,32.95030405307179,-83.73623544736104,Georgia,GA00453
,Crosswinds Golf Club,Savannah,232,31408,GA,James B. Blackburn Drive,,+1-912-966-1909,https://www.crosswindsgolfclub.com/,,,,,,,,,,,,,,,,,,,,,,,,,,,,,,,,,,,,multipolygon,,,,,,,,1043321.054054675,32.13046154791439,-81.2338936714917,Georgia,GA00078
,Marietta Country Club,Marietta,1400,30152,GA,Marietta Country Club Drive Northwest,,+1-770-426-1808,https://mariettacountryclub.org/Home,,,,,,,LandPro08,,,,,,,,,,,,,,,,,UNDEVELOPABLE,GOLF_COURSE,GOLF_COURSE,no,,,,,,,,,multipolygon,,AU,171,171171,171,,,1039539.9585225193,33.984776469376726,-84.61996550192187,Georgia,GA00018
,Bentwater Golf Club,Acworth,100,30101,GA,Golf Links Drive,,+1-770-529-9554,https://www.bentwatergolf.com/,,,,,,,LandPro08,,,,,,,,,,,,,,,,,,,,no,,,,,,,,,,,,,,,,,1038774.4670780585,34.054390858433074,-84.75997068730194,Georgia,GA00238
,Atlanta Country Club Golf Course,,,,,,,,,,,,,,,,,,,,,,,,,,,,,,,,,,,,,,,,,,,,,,,,,,,,1035707.3241995531,33.93812062348794,-84.42905100635183,Georgia,GA00230
,Unknown Golf Course,,,,,,,,,,,,,,,LandPro08,,,,,,,,,,,,,,,,,UNDEVELOPABLE,GOLF_COURSE,GOLF_COURSE,no,,,,,,,,,,,,,,,,,1033364.7838953343,33.878286544741684,-84.20726335284756,Georgia,GA00225
,Unknown Golf Course,,,,,,,,,,,,,,,LULC,,,,,,,,,,,,,,,,,,,,,,,,,,,,,,,,,,,,,1029371.7234937581,30.860265840731977,-84.5897650230775,Georgia,GA00165
,The University of Georgia Golf Course,Athens,2600,30605,GA,Riverbend Road,,,,,,University of Georgia Auxillery Services,,,,,,,,,,,,,,,,,,,,,,,,,,,,,,,,,,,,,,,,,1025869.4315128612,33.91286048744016,-83.3679059915001,Georgia,GA00442
,Chapel Hills Golf Club,Douglasville,3300,30135,GA,Golf Ridge Blvd,,,https://www.invitedclubs.com/clubs/chapel-hills-mirror-lake,,,,,,,,,,,,,,,,,,,,,,,,,,,,,,,+1-770-949-0030,,,,,multipolygon,,,,,,,,1025159.141264843,33.71186783248293,-84.72133292079081,Georgia,GA00079
,Unknown Golf Course,,,,,,,,,,,,,,,,,,,,,,,,,,,,,,,,,,,,,,,,,,,,,,,,,,,,1018278.420617305,32.01001979551616,-84.1133763268509,Georgia,GA00350
,Peachtree Golf Club,NE  Suite 2800,999,30309,GA,Peachtree Street,,,https://www.peachtreeclub.com/,,,,,,,LandPro08,,,,,,,,,,,,,,,,,,,,no,,,,+1-404-817-0999,,,,,,,,,,,,,1003654.6196018533,33.88371522956442,-84.32323853007352,Georgia,GA00226
,Trident Lakes Golf Course,,,,,,,,,,,,,,,,,,,,,,,,,Mo-Su 07:00 - 18:00,,,,,,,,,,,,,,,,,,,multipolygon,,,,,,,,1002254.8356727159,30.8238787448931,-81.55314361859321,Georgia,GA00092
,Unknown Golf Course,,,,,,,,,,,,,,,,,,,,,,,,,,,,,,,,UNDEVELOPABLE,GOLF_COURSE,GOLF_COURSE,no,,,,,,,,,multipolygon,,,,,,,,998661.9500607152,33.47544685720332,-84.39766450037847,Georgia,GA00096
,Forest Hills Golf Club,Augusta,1500,30909,,Comfort Road,,+1-706-733-0001,https://www.theforesthillsgolfcourse.com/,,358087,,,,,,,,,,,,,,,,,,,,,,,,,,,,,,,,,,,,,,,,,,994894.3280473674,33.47460644098909,-82.05457294275708,Georgia,GA00382
,Heron Bay Golf & Country Club,Locust Grove,5100,30248,GA,Heron Bay Boulevard,,+1-770-320-8500,https://www.greenvalleygolfgroup.com/heron-bay,,,,,,,LandPro08,,,,,,,,,,,,,,,,,UNDEVELOPABLE,GOLF_COURSE,GOLF_COURSE,no,,,,,,,,,multipolygon,,,,,,,,990566.2423642266,33.339121866430695,-84.20233097744695,Georgia,GA00114
,Pine Oaks Golf Course,,,,,,,,,,,,,,,,,,,,,,,,,,,,,,,,,,,,,,,,,,,,,,,,,,,,990000.9758808746,32.61007352098646,-83.57972662160067,Georgia,GA00403
,Unknown Golf Course,,,,,,,,,,,,,,,LandPro08,,,,,,,,,,,,,,,,,UNDEVELOPABLE,GOLF_COURSE,GOLF_COURSE,no,,,,,,,,,,,,,,,,,985069.07233894,34.148121982028655,-84.33093948524785,Georgia,GA00259
,Unknown Golf Course,,,,,,,,,,,,,,,,,,,,,,,,,,,,,,,,UNDEVELOPABLE,GOLF_COURSE,GOLF_COURSE,,,,,,,,,,multipolygon,,AU,171,171171,171,,,979329.6117266358,33.42364931288243,-84.78194456786282,Georgia,GA00025
,The Club at Osprey Cove,Saint Marys,123,31558,,Osprey Drive,,912-882-5575,http://www.ospreycoveclub.com/,,2502683,,,,,,,,,,,,,,,,,,,,,,,,,,,,,,,,,,multipolygon,,,,,,,,977754.633566217,30.749840361069907,-81.61484616400799,Georgia,GA00059
,Unknown Golf Course,,,,,,,,,,,,,,,,,,,,,,,,,,,,,,,,,,,,,,,,,,,,,,,,,,,,971360.1676793722,31.21988417041579,-84.69778507160258,Georgia,GA00379
,Taylors Creek Golf Course,Fort Stewart,,31314,,,,,,,,,,,,,,,,,,,,,,,,,,,,,,,,,,,,,,,,,,,,,,,,,965245.9367494856,31.880194357181455,-81.62214760662198,Georgia,GA00306
,Bear's Best Atlanta,Suwanee,5342,30024,GA,Aldeburgh Dr,,+1-678-714-2582,https://www.invitedclubs.com/clubs/bear-s-best-atlanta,,,,,,,,,,,,,,,,,,,,,,,,,,,,,,,,,,,,multipolygon,,,,,,,,964964.365247633,34.08500589550072,-84.10626674537963,Georgia,GA00073
,The Landing,Greensboro,1104,30642,,Landing Drive,,+1 706 467 1464,https://www.reynoldslakeoconee.com/golf/courses/landing,,,,,,,,,,,,,,,,,,,,,,,,,,,,,,,,,,,,multipolygon,,,,,,,,963485.9812146786,33.46890608928296,-83.25751198818745,Georgia,GA00083
,Unknown Golf Course,,,,,,,,,,,,,,,LandPro08,,,,,,,,,,,,,,,,,UNDEVELOPABLE,GOLF_COURSE,GOLF_COURSE,no,,,,,18_hole,,,,,,,,,,,,960977.1564664739,34.30170974015263,-84.06015156233065,Georgia,GA00286
,Stonebridge Golf and Country Club,Albany,319,31721,,Osprey Ridge Court,,229-889-0312,http://www.stonebridgegcc.com/,,,,,,,,,,,,,,,,,,,,,,,,,,,,,,,,,,,,multipolygon,,,,,,,,953577.0046838955,31.57365516664638,-84.28180931419158,Georgia,GA00071
,Indian Hills Country Club,Marietta,4001,30068,GA,Clubland Drive,,+1-770-971-2605,https://www.indianhillscc.com/staging-area/Home,,,,,,,LandPro08,,,,,,,,,,,,,,,,,UNDEVELOPABLE,GOLF_COURSE,GOLF_COURSE,no,,,,,,,,,multipolygon,,AU,171,171171,171,,,952258.5019149298,33.96596495815929,-84.4421268988646,Georgia,GA00041
,Windermere Golf Club,Cumming,5000,30041,,Davis Love Drive,,+1 678 513 1000,https://www.clubcorp.com/Clubs/Windermere-Olde-Atlanta,,,,,,,,,,,,,,,,,,,,,,,,,,,,,,,,,,,,multipolygon,,,,,,,,950947.134074919,34.13898930630534,-84.12118992294539,Georgia,GA00076
,Berkeley Hills Country Club,Duluth,2300,30096,GA,Pond Road,,+1-770-448-8353,https://www.berkeleyhillscc.org/,,,,,,,LandPro08,,,,,,,,,,,,,,,,,UNDEVELOPABLE,GOLF_COURSE,GOLF_COURSE,no,,,,,,,,,,,,,,,,,946902.144084115,33.949618556120456,-84.16757593250507,Georgia,GA00232
,Georgia National Country Club,McDonough,1715,30252,GA,Lake Dow Rd,,+1-770-914-9994,https://www.greenvalleygolfgroup.com/georgia-national,,,,,,,LandPro08,,,,,,,,,,,,,,,,,UNDEVELOPABLE,GOLF_COURSE,GOLF_COURSE,no,,,,,,,,,multipolygon,,,,,,,,933810.8730133636,33.4543022343717,-84.07893675870844,Georgia,GA00113
,Forest Heights Country Club,Statesboro,,30458,,,,,https://www.forestheightscc.com/,,,,,,,,,,,,,,,,,,,,,,,,,,,,,,,,,,,,multipolygon,,,,,,,,932664.1530186636,32.427412131535874,-81.82729264713593,Georgia,GA00082
,Laurel Springs Golf Club,Suwanee,6400,30024,GA,Golf Club Drive,,+1-770-884-0065,https://www.invitedclubs.com/clubs/laurel-springs-golf-club,,,,,,,,,,,,,,,,,,,,,,,,,,,,,,,,,,,,multipolygon,,,,,,,,929055.2865934434,34.09644352177748,-84.15408123260238,Georgia,GA00112
,BridgeMill Athletic Club,Canton,1190,30114,GA,BridgeMill Ave,,+1-770-345-5500,https://bridgemillathleticclub.com/,,,,,,,LandPro08,,,,,,,,,,,,,,,,,UNDEVELOPABLE,GOLF_COURSE,GOLF_COURSE,no,,,,,,,,,multipolygon,,,,,,,,925366.4779145628,34.18664893785816,-84.54839934882004,Georgia,GA00119
,Unknown Golf Course,,,,,,,,,,,,,,,,,,,,,,,,,,,,,,,,,,,,,,,,,,,,,,,,,,,,922312.1172083175,31.302530865215598,-83.99211313919298,Georgia,GA00380
,Mystery Valley Golf Club,Lithonia,6094,30058,GA,Shadow Rock Drive,,+1-770-469-6913,https://www.mysteryvalleygolfassociation.com/,,,,,,,LandPro08,,,,,,,,,,,,,,,,,UNDEVELOPABLE,GOLF_COURSE,GOLF_COURSE,no,,,,,,,,,,,,,,,,,917784.8674606408,33.761513922970494,-84.13673553888174,Georgia,GA00210
,Bear Creek Golf Club,Monroe,4125,30655,GA,Lakeside Boulevard,,,https://www.bearcreekmonroe.com/,,,,,,,LandPro08,,,,,,,,,,,,,,,,,UNDEVELOPABLE,GOLF_COURSE,GOLF_COURSE,no,,,,,,,,,,,,,,,,,917708.440245587,33.78165932617096,-83.79123717543615,Georgia,GA00218
,East Lake Golf Club,Atlanta,2575,30317,GA,Alston Drive Southeast,,,https://www.eastlakegolfclub.com/,,,,,,,,,,,,,,Q2422450,,,,,,,,,,,,,,,,,+1 404-373-5722,,,,,,,,,,,,,916771.3181756134,33.74247529115788,-84.30246123479571,Georgia,GA00130
,East Lake Golf Club,Atlanta,2575,30317,GA,Alston Drive Southeast,,,https://www.eastlakegolfclub.com/,,,,,,,,,,,,,,Q2422450,,,,,,,,,,,,,,,,,+1 404-373-5722,,,,,,,,,,,,,916771.3181756134,33.74247529115788,-84.30246123479571,Georgia,GA00131
,RiverPines Golf,Johns Creek,4775,30022,GA,Old Alabama Road,,+1-770-442-5960,https://www.riverpinesgolf.com/,,,,,,,LandPro08,,,,,,,,,,,,,,,,,UNDEVELOPABLE,GOLF_COURSE,GOLF_COURSE,no,,,,,,,,,,,,,,,,,915980.6552247257,34.0086948245706,-84.22396382479685,Georgia,GA00439
,The Cartersville Country Club,,,,,,,,,,,,,,,LandPro08,,,,,,,,,,,,,,,,,UNDEVELOPABLE,GOLF_COURSE,GOLF_COURSE,no,,,,,,,,,,,,,,,,,913810.9928801735,34.214645360712005,-84.80652831668436,Georgia,GA00274
,Green Island Hills Golf Course,,,,,,,,,,357366,,,Other Urban or Built-up Land,Other Urban Or Built-Up Land,USGS-LULC,,,MUSCOGEE,1,17,13215,,,,,,,,,,,,,,,,,,,,,,,,,,,,,,,913723.9457581458,32.53698473209051,-85.00698356024809,Georgia,GA00150
,Braelinn Golf Club,Peachtree City,500,30269,GA,Clubview Dr,,,,,,,,,,LandPro08,,,,,,,,,,,,,,,,,UNDEVELOPABLE,GOLF_COURSE,GOLF_COURSE,no,,,,,,,,,multipolygon,,,,,,,,913676.5353976564,33.36256360880109,-84.54386734614317,Georgia,GA00121
,Dunwoody Country Club,,,,,,,,,,,,,,,LandPro08,,,,,,,,,,,,,,,,,UNDEVELOPABLE,GOLF_COURSE,GOLF_COURSE,no,,,,,,,,,multipolygon,,,,,,,,910210.1016312278,33.96643172475845,-84.3075467489572,Georgia,GA00094
,Unknown Golf Course,,,,,,,,,,,,,Other Urban or Built-up Land,Other Urban Or Built-Up Land,USGS-LULC,,,,,17,,,,,,,golf,,,,,,,,,,,,,,,,,,,,,,,,,904350.1954065264,31.22183644388526,-81.4665967070871,Georgia,GA00301
,River Forest Golf Club,Forsyth,1,31029,,Clubhouse Drive,,478-974-0974,https://www.canongategolf.com/River-Forest/River-Forest-Golf-Club-834.html,,,,,,,,,,,,,,,,,,,,,,,,,,,,,,,,,,,,multipolygon,,,,,,,,902783.1217541508,33.12499095610846,-83.9908798136771,Georgia,GA00055
,Augusta Municipal Golf Course,Augusta,2023,30904,GA,Highland Avenue,,+1-706-731-9344,https://www.golfthepatch.com/,,,,,,,,,Augusta Municipal Golf Course,,,,,,,,,,,,,,,,,,,,,,,,,,,,,,,,,,,902444.033337913,33.464104137253166,-82.04460471019279,Georgia,GA00132
,Oak Mountain Golf Club,Carrollton,409,30116,,Birkdale Boulevard,,+1 770 834 7065,https://www.oakmountainchampionshipgolf.com/,,,,,,,,,,,,,,,,,,,,,,,,,,,,,,,,,,,,multipolygon,,,,,,,,901902.3769657277,33.57092514322797,-85.02610390410386,Georgia,GA00084
,Unknown Golf Course,,,,,,,,,,,,,,,,,,,,,,,,,,,,,,,,,,,,,,,,,,,,multipolygon,,,,,,,,899104.7443619646,33.93770242354088,-84.42853911655266,Georgia,GA00038
,Crystal Lake Golf & Country Club,Hampton,100,30228,GA,Crystal Lake Boulevard,,,https://www.greenvalleygolfgroup.com/web/pages/crystal-lake,,,Green Valley Golf Group,,,,LandPro08,,,,,,,,,,,,,,,,,UNDEVELOPABLE,GOLF_COURSE,GOLF_COURSE,no,,,,+1 770-471-3233,,,,,multipolygon,,,,,,https://www.facebook.com/crystallakecc/about,,896117.4745468354,33.454912131099846,-84.26006745774757,Georgia,GA00103
,Little Fishing Creek Golf Course,,,,,,,,,,,,,,,,,,,,,,,,,,,,,,,,,,,,,,,,,,,,,,,,,,,,895783.4916210766,33.096572245470774,-83.28318211271116,Georgia,GA00323
,Unknown Golf Course,,,,,,,,,,,,,,,,,,,,,,,,,,,,,,,,UNDEVELOPABLE,GOLF_COURSE,GOLF_COURSE,,,,,,,,,,multipolygon,,AU,171,171171,171,,,894227.9843706854,33.63823308502297,-84.1802384332149,Georgia,GA00028
,Cherokee Run Golf Club,Conyers,1595,30013,GA,Centennial Olympic Parkway,,+1-770-785-7904,https://www.cherokeerungolfclub.com,,,,,,,,,,,,,,,,,,,,,,,,UNDEVELOPABLE,GOLF_COURSE,GOLF_COURSE,,,,,,,,,,multipolygon,,AU,171,171171,171,,,893221.8588324556,33.67593278387582,-83.93871595239874,Georgia,GA00032
,Cherokee Run Golf Club,Conyers,1595,30013,GA,Centennial Olympic Parkway,,+1-770-785-7904,https://www.cherokeerungolfclub.com,,,,,,,,,,,,,,,,,,,,,,,,UNDEVELOPABLE,GOLF_COURSE,GOLF_COURSE,,,,,,,,,,multipolygon,,AU,171,171171,171,,,893221.8588324556,33.67593278387582,-83.93871595239874,Georgia,GA00031
,Summer Grove Golf Club,Newnan,335,30265,GA,Summer Grove Parkway,,+1-770-251-1800,https://summergrovegolf.com/,,,Jemsek Golf,,,,,,,,,,,,,,,,,,,,,,,,,,,,,,,,,multipolygon,,,,,,,,890255.3184555884,33.36848617710335,-84.73190061751329,Georgia,GA00022
,Smoke Rise Country Club,Tucker,4900,30087,GA,Chedworth Drive,,,https://www.smokerisecc.com/,,,,,,,LandPro08,,,,,,,,,,,,,,,,,UNDEVELOPABLE,GOLF_COURSE,GOLF_COURSE,no,,,,+1 770-908-2582,18_hole,72,,,,,,,,,,,889451.1684088983,33.835425775993215,-84.18717042786662,Georgia,GA00222
,Georgia Veterans Memorial Golf Course,Cordele,2459-H,31015,,US Highway 280 West,,+1 229 276 2377,https://www.lakeblackshearresort.com/golf/,,,,,,,,,Vet’s Course,,,,,,,,,,,,,,,,,,,,,,,,,,,,,,,,,,,886959.2487984867,31.967114382209296,-83.90080646512988,Georgia,GA00326
,The Lakes Golf Couse at Laura S. Walker,Waycross,5500,31503,,Laura Walker Road,,+1-912-285-6154,http://georgiagolf.com/The-Lakes,,2502692,,,,,,,,,,,,,,,,,,,,,,,,,,,,,,,,,,,,,,,,,,884731.0421696403,31.13452625941865,-82.22452218618433,Georgia,GA00313
,Unknown Golf Course,Alpharetta,15951,30004,GA,Manor Club Drive,,+1-770-810-3175,https://www.clubcorp.com/clubs/the-manor-golf-country-club/golf/golf-course/,,,The Manor Golf & Country Club,,,,,,,,,,,,,,,,,,,,,,,,,,,,,,,https://www.clubcorp.com/clubs/the-manor-golf-country-club/golf/golf-course/,,multipolygon,,,,,,,,884581.8693171365,34.16907805494001,-84.26190185387111,Georgia,GA00091
,Unknown Golf Course,Alpharetta,15951,30004,GA,Manor Club Drive,,+1-770-810-3175,https://www.clubcorp.com/clubs/the-manor-golf-country-club/golf/golf-course/,,,The Manor Golf & Country Club,,,,,,,,,,,,,,,,,,,,,,,,,,,,,,,https://www.clubcorp.com/clubs/the-manor-golf-country-club/golf/golf-course/,,multipolygon,,,,,,,,884581.8693171365,34.16907805494001,-84.26190185387111,Georgia,GA00090
,Unknown Golf Course,,,,,,,,,,,,"This entire area is a bit of a mess, probably just needs to be re-mapped from scratch.",,,,,,,,,,,,,,,,,,,,UNDEVELOPABLE,GOLF_COURSE,GOLF_COURSE,,,,,,,,,,multipolygon,,AU,171,171171,171,,,883964.5787332674,33.980652675367416,-84.28994703185879,Georgia,GA00042
,Bartram Trail Golf Club,,,,,,,,,,,,,,,,,,,,,,,,,,,,,,,,,,,,,,,,,,,,,,,,,,,,883123.0227974087,33.51931199664637,-82.21524592054242,Georgia,GA00360
,Saint Marlo Country Club Golf Course,Duluth,7755,30097,,Saint Marlo Country Club Parkway,,+1 770 495 7725,https://www.stmarlo.com/,,,,,,,,,,,,,,,,,,,,,,,,,,,,,,,,,,,,multipolygon,,,,,,,,882324.568705486,34.069975477616715,-84.14163079254882,Georgia,GA00047
,Glen Arven Country Club,Thomasville,1700,31792,,Old Monticello Road,,+1 229 226 1780,https://www.glenarven.com/,,,,,,,,,,,,,,,,,,,,,,,,,,,,,,,,,,,,,,,,,,,,881447.1991860968,30.815772723462405,-83.95793753626128,Georgia,GA00342
,Bear Creek Golf Course (closed),,,,,,,,,,,Closed,,,,,,,,,,,,,,closed,,,,,,,UNDEVELOPABLE,GOLF_COURSE,GOLF_COURSE,,,,,,,,,,multipolygon,,AU,171,171171,171,,,879893.9470061912,33.65791954629364,-84.75280588430638,Georgia,GA00080
,Unknown Golf Course,,,,,,,,,,,,,,,LandPro08,,,,,,,,,,,,,,,,,UNDEVELOPABLE,GOLF_COURSE,GOLF_COURSE,no,,,,,,,,,,,,,,,,,878467.0469286758,33.79578881027167,-84.92505461412449,Georgia,GA00220
,Sunset Country Club,,,,,,,,,,,,,,,,,,,,,,,,,,,,,,,,,,,,,,,,,,,,,,,,,,,,877224.3627987888,31.13689710499231,-83.78781862199584,Georgia,GA00166
,Heritage Oaks Golf Club,Brunswick,126,31523,,Clipper Bay Road,,912-280-9525,https://www.heritageoaksgolfclub.com/,,2502674,,,,,,,,,,,,,,,,,,,,,,,,,,Oak Grove Island Golf and Country Club,,,,,,,,multipolygon,,,,,,,,871076.3608024335,31.22951395457681,-81.58187504543186,Georgia,GA00060
,Achasta Golf Club,Dahlonega,639,03533,GA,Birch River Drive,,+1-706-867-7900,https://achasta.com/,,,,,,,,,,,,,,,,,,,,,,,,,,,,,,,,,,,,,,,,,,,,870793.7743067017,34.50339136215251,-83.96231727766288,Georgia,GA00140
,Achasta Golf Club,Dahlonega,639,03533,GA,Birch River Drive,,+1-706-867-7900,https://achasta.com/,,,,,,,,,,,,,,,,,,,,,,,,,,,,,,,,,,,,,,,,,,,,870793.7743067017,34.50339136215251,-83.96231727766288,Georgia,GA00141
,Unknown Golf Course,,,,,,,,,,,,,,,,,,,,,,,,,,,,,,,,,,,,,,,,,,,,,,,,,,,,868058.4690290702,31.451654135282652,-83.58228383693083,Georgia,GA00362
,Coastal Pines Golf Course,Brunswick,One,31525,,Coastal Pines Circle,,+1-912-261-0503,http://www.coastalpinesgolfclub.com/,,2502594,,,,,,,,,,,,,,,,,,,,,,,,,,,,,,,,,,,,,,,,,,864889.4023080822,31.280417822369802,-81.51968959382593,Georgia,GA00314
,Unknown Golf Course,,,,,,,,,,,,,,,,,,,,,,,,,,,,,,,,,,,,,,,,,,,,,,,,,,,,864312.1891156109,30.970540540109397,-84.87552230197348,Georgia,GA00376
,Southbridge Golf Club,Savannah,415,31405,,Southbridge Boulevard,,912-651-5455,http://www.southbridgegolfclub.com/,,2502688,,,,,,,,,,,,,,,,,,,,,,,,,,,,,,,,,,multipolygon,,,,,,,,863609.1193603505,32.06718617344363,-81.22712395924206,Georgia,GA00065
,St. Andrews Golf Club,Winston,8799,30187,GA,Edinburg Dr,,+1-770-489-2200,https://standrewsgolfclub.square.site/,,,,,,,LandPro08,,,,,,,,,,,,,,,,,UNDEVELOPABLE,GOLF_COURSE,GOLF_COURSE,,,,,,,,,,multipolygon,,,,,,,,863453.5748554012,33.58066379725833,-84.8695395836751,Georgia,GA00026
,Unknown Golf Course,,,,,,,,,,,,,,,LandPro08,,,,,,,,,,,,,,,,,UNDEVELOPABLE,GOLF_COURSE,GOLF_COURSE,no,,,,,,,,,,,,,,,,,860863.9085774253,34.145900977063015,-84.27936676350593,Georgia,GA00258
,Unknown Golf Course,,,,,,,,,,,,,,,,,,,,,,,,,,,,,,,,,,,,,,,,,,,,,,,,,,,,849395.8059595723,32.94940623003558,-82.84018236795116,Georgia,GA00354
,Unknown Golf Course,,,,,,,,,,,,,,,,,,,,,,,,,,,,,,,,,,,,,,,,,,,,,,,,,,,,847608.8782672116,32.40561842723047,-83.31951597761778,Georgia,GA00338
,Retreat Course,Saint Simons Island,100,31522,,Kings Way,,,https://www.seaisland.com/golf/georgia-golf,,1671535,Sea Island,,Other Urban or Built-up Land,,,,,,,,,,,,,,,,,,,,,,,,,,,,,,,multipolygon,,,,,,,,845354.1863934142,31.15642154704894,-81.40097708979656,Georgia,GA00061
,Fort McPherson Golf Course,,,,,,,,,,,,,,,LandPro08,,,,,,,,,,,,,,,,,UNDEVELOPABLE,GOLF_COURSE,GOLF_COURSE,no,,,,,,,,,,,,,,,,,841946.6698539808,33.705589698191126,-84.4384709760466,Georgia,GA00203
,Saint Ives Country Club,Johns Creek,1,30097,,Saint Ives Country Club Drive,,+1 770 623 1239,https://www.stivescountryclub.org/,,,,,,,,,,,,,,,,,,,,,,,,,,,,,,,,,,,,multipolygon,,,,,,,,839655.4161527272,34.026134518487346,-84.17939729241033,Georgia,GA00129
,Fort Benning Golf Course,Fort Moore,7471,31905,GA,Baltzell Avenue,,+1-706-545-0397,https://benning.armymwr.com/programs/fort-moore-golf-course,,,Army Morale Welfare and Recreation,,,,,,,,,,,,,,Mo-Su 07:30-Dusk,,,Tee times are recommended.,,,,,,,,,1923,,,18_hole,72,,,multipolygon,,,,,,,,838483.0249732962,32.36036347103066,-84.94493269708379,Georgia,GA00101
,Fort Benning Golf Course,Fort Moore,7471,31905,GA,Baltzell Avenue,,+1-706-545-0397,https://benning.armymwr.com/programs/fort-moore-golf-course,,,Army Morale Welfare and Recreation,,,,,,,,,,,,,,Mo-Su 07:30-Dusk,,,Tee times are recommended.,,,,,,,,,1923,,,18_hole,72,,,multipolygon,,,,,,,,838483.0249732962,32.36036347103066,-84.94493269708379,Georgia,GA00102
,Augusta Country Club,,,,,,,,,,,,,,,,,,,,,,,,,,,,,,,,,,,,,,,,,,,,,,,,,,,,831176.7254684183,33.488507229298435,-82.02054669910603,Georgia,GA00387
,Cobblestone Golf Course,Acworth,4200,30101,,Nance Road,,+1-770-917-5151,https://www.cobblestonegolf.com/,,,,,,,LandPro08,,,,,,,,,,,,,,,,,,,,no,,,,,,,,,,,,,,,,,828084.9152034962,34.05124854399527,-84.67560551338096,Georgia,GA00236
,Georgia Southern University Golf Course,Statesboro,1031,30458,,Golf Club Road,,,https://recreation.georgiasouthern.edu/golf/,,2502691,,,,,,,,,,,,,,,,,,,,,,,,,,Southern Links Golf Club,,,,,,,,multipolygon,,,,,,,,825864.4794050605,32.36660103076585,-81.78112784242424,Georgia,GA00064
,Trophy Club of Apalachee,Dacula,1008,30019,GA,Dacula Road,,,,,,,,,,,,,,,,,,,,,,,,,,,,,,,,,,,,,,,multipolygon,,,,,,,,819279.2206788186,34.02011980876877,-83.9114168808305,Georgia,GA00105
,The Chimneys Golf Course,Winder,338,30680,GA,Monroe Hwy,,+1-770-307-4900,https://www.chimneysgc.com/,,,,,,,,,,,,,,,,,,,,,,,,UNDEVELOPABLE,GOLF_COURSE,GOLF_COURSE,,,,,,,,,,multipolygon,,AU,171,171171,171,,,817924.550795632,33.95890214757102,-83.71028481518624,Georgia,GA00040
,Creekside Golf & Country Club,Hiram,591,30141,GA,Westchester Club Drive,,+1-770-445-7655,https://www.creeksidegcc.com/,,,,,,,LandPro08,,,,,,,,,,,,,,,,,UNDEVELOPABLE,GOLF_COURSE,GOLF_COURSE,no,,,,,,,,,multipolygon,,,,,,,,817798.5919657142,33.83566957472064,-84.8195514072016,Georgia,GA00116
,Browns Mill Golf Course,Atlanta,480,30354,GA,Cleveland Ave Se,,+1-404-366-3573,https://www.cityofatlantagolf.com/browns-mill-golf-course/,,,,,,,LandPro08,,,,,,,,,,,,,,,,,UNDEVELOPABLE,GOLF_COURSE,GOLF_COURSE,no,,,,,,,,,,,,,,,,,813300.5528705899,33.68433464060684,-84.37482275134539,Georgia,GA00199
,Unknown Golf Course,,,,,,,,,,,,,,,LandPro08,,,,,,,,,,,,,,,,,UNDEVELOPABLE,GOLF_COURSE,GOLF_COURSE,no,,,,,,,,,,,,,,,,,810978.3193546666,33.3721819497845,-84.15805723285852,Georgia,GA00188
,Chattahoochee Golf Course,Gainesville,301,30506,GA,Tommy Aaron Dr,,+1-770-532-0066,,,,,,,,LandPro08,,,,,,,,,,,,,The Chattahoochee Golf Course is a public golf course. It is open year round and has 18 holes. You can also rent golf carts there.,,,,UNDEVELOPABLE,GOLF_COURSE,GOLF_COURSE,no,,1959,,,,,,,,,,,,,,,810095.5330184554,34.352006378885086,-83.86615897867992,Georgia,GA00290
,Quitman Country Club,,,,,,,,,,,,,,,,,,,,,,,,,,,,,,,,,,,,,,,,,,,,,,,,,,,,808486.5909983967,30.760324730555954,-83.56879384014206,Georgia,GA00368
,Quitman Country Club,,,,,,,,,,,,,,,,,,,,,,,,,,,,,,,,,,,,,,,,,,,,,,,,,,,,808486.5909983967,30.760324730555954,-83.56879384014206,Georgia,GA00369
,West Pines Golf Club,Douglasville,9090,30134,GA,Rose Avenue,,+1-678-391-1600,https://www.westpinesgc.com/,,,,,,,LandPro08,,,,,,,,,,,,,,,,,UNDEVELOPABLE,GOLF_COURSE,GOLF_COURSE,no,,,,,,,,,,,,,,,,,807366.5760426159,33.73542499094262,-84.74931634284198,Georgia,GA00206
,West Pines Golf Club,Douglasville,9090,30134,GA,Rose Avenue,,+1-678-391-1600,https://www.westpinesgc.com/,,,,,,,LandPro08,,,,,,,,,,,,,,,,,UNDEVELOPABLE,GOLF_COURSE,GOLF_COURSE,no,,,,,,,,,,,,,,,,,807366.5760426159,33.73542499094262,-84.74931634284198,Georgia,GA00207
,Cabin Creek Golf Club,,,,,,,,,,,,,,,,,,,,,,,,,,,,,,,,UNDEVELOPABLE,GOLF_COURSE,GOLF_COURSE,,,,,,,,,,multipolygon,,AU,171,171171,171,,,806125.3928809911,33.27413354730338,-84.23055216997511,Georgia,GA00021
,Olde Atlanta Golf Course,Roswell,1100,30076,GA,Northmeadow Parkway #114,,,https://www.oldeatlantaclub.org/,,,,,,,,,,,,,,,,,,,,,,,,,,,,,,,(770) 777-6890,,,,,multipolygon,,,,,,,,803698.7793881614,34.08466954829586,-84.12135883599652,Georgia,GA00089
,Towne Lake Hills Golf Club,Woodstock,1003,30189,GA,Towne Lake Hills East,,+1-770-592-9969,https://www.townelakehillsgc.com/,,,,,,,LandPro08,,,,,,,,,,,,,,,,,,,,,,,,,,,,,multipolygon,,,,,,,,803390.274826279,34.12382155693596,-84.55449351015778,Georgia,GA00120
,Council Fire Golf Club,Chattanooga,100,37421,,Council Fire Drive,,+1-423-499-6300,https://councilfire.net/,,,,,,,,,,,,,,,,,,,,,,,,,,,,,,,,,,,,multipolygon,,,,,,,,802959.2729907248,34.986573677237054,-85.16616382798142,Georgia,GA00054
,Wallace Adams Golf Course,,,,,,,,,,,,,Other Urban or Built-up Land,Other Urban Or Built-Up Land,USGS-LULC,,,WHEELER,1,17,13309,,,,,,,,,,,,,,,,,,,,,,,multipolygon,,,,,,,,800992.0455904687,32.09323986504088,-82.8872957820967,Georgia,GA00098
,Marshwood,Savannah,1,31411,GA,Palmer’s Draw,,,https://thelandings.com/golf-and-athletic-club/golf/marshwood,,,The Landings Club,,,,,,,,,,,,,,,,,,,,,,,,,,,,,,,,,multipolygon,,,,,,,,799269.6076487979,31.943416958542258,-81.02850639850858,Georgia,GA00067
,Tired Creek Country Club,,,,,,,,,,,,,,,,,,,,,,,,,,,,,,,,,,,,,,,,,,,,,,,,,,,,793970.8428828071,30.898461258380827,-84.2239220216593,Georgia,GA00348
,Oakridge,,,,,,,,,,,The Landings Club,,,,,,,,,,,,,,,,,,,,,,,,,,,,,,,,,multipolygon,,,,,,,,793330.7413882959,31.930988040067856,-81.06246488799388,Georgia,GA00068
,Unknown Golf Course,,,,,,,,,,,,,,,,,,,,,,,,,,,,,,,,,,,,,,,,,,,,,,,,,,,,789184.3532148424,32.867192475995466,-83.71214007929298,Georgia,GA00364
,Double Oaks Golf Club,Commerce,3100,30530,GA,Ila Road,,+1-706-335-8100,https://www.doubleoaksgolfclub.net/,,,,,,,,,,,,,,,,,,,,,,,,,,,,,,,,,,,,multipolygon,,,,,,,,788557.234601327,34.1793817762516,-83.39576098001913,Georgia,GA00126
,Unknown Golf Course,,,,,,,,,,,,Name?,,,,,,,,,,,,,,,,,,,,,,,,,,,,,,,,,,,,,,,,787191.3516911631,30.88622421620087,-83.88474926934553,Georgia,GA00367
,Jones Creek Golf Club,Evans,777,30809,,Jones Creek Drive,,706-860-4228,http://jonescreekgolfclub.com/,,348901,,,,,,,,,,,,,,,,,,,,,,,,,,,,,,,,,,multipolygon,,,,,,,,785648.2070540844,33.55260784549631,-82.10512641843724,Georgia,GA00056
,Woodland Hills Golf Club,Cartersville,256,30120,GA,Summit Ridge Drive,,+1-678-605-8585,https://www.woodlandhills-golf.com/,,,,,,,LandPro08,,,,,,,,,,,,,,,,,UNDEVELOPABLE,GOLF_COURSE,GOLF_COURSE,no,,,,,,,,,,,,,,,,,785274.6842596973,34.09331189898825,-84.83396424608581,Georgia,GA00245
,Country Club of The South,Johns Creek,4100,30022,GA,Old Alabama Road,,,https://www.invitedclubs.com/,,,Clubcorp,,,,LandPro08,,,,,,,,,,,,,,,,,UNDEVELOPABLE,GOLF_COURSE,GOLF_COURSE,no,,,,+1 770-475-1803,,,,,multipolygon,,,,,,,,783286.3980712793,34.010788929315716,-84.23868789614606,Georgia,GA00124
,Fairways of Canton,Canton,400,30114,GA,Laurel Canyon Parkway,,+1-770-720-1808,https://fairwaysofcanton.com/,,,,,,,LandPro08,,,,,,,,,,,,,,,,,UNDEVELOPABLE,GOLF_COURSE,GOLF_COURSE,no,,,,,,,,,multipolygon,,,,,,,,780420.2068706985,34.26747973553258,-84.51993763818072,Georgia,GA00115
,Unknown Golf Course,,,,,,,,,,,,,,,,,,,,,,,,,,,,,,,,,,,,,,,,,,,,multipolygon,,,,,,,,775772.6769524493,33.06541276081138,-85.05683973134074,Georgia,GA00127
,Cedar Lake Golf Club,Loganville,5720,30052,GA,South Sharon Church Road,,+1-770-466-4043,https://cedarlakegolf.com/home,,,,,,,,,,,,,,,,,,,,,,,,UNDEVELOPABLE,GOLF_COURSE,GOLF_COURSE,,,,,,,,,,multipolygon,,AU,171,171171,171,,,770681.2872030273,33.76852845657448,-83.91723857682429,Georgia,GA00035
,Cherokee Town and Country Club (North),Atlanta,665,30350,GA,Hightower Trail,,,https://www.cherokeetcc.org/,,,Cherokee Town and Country Club,,,,LandPro08,,,,,,,,,,,,,,,,,UNDEVELOPABLE,GOLF_COURSE,GOLF_COURSE,no,,,,+1 770-993-4407,,,,,,,,,,,,,768816.4528898261,33.99375597058543,-84.36609983177627,Georgia,GA00176
,The Club at Lake Sinclair,,,,,,,,,,,,,,,,,,,,,,,,,,,,,,,,,,,,,,,,,,,,,,,,,,,,765846.8730376513,33.137448901339795,-83.22350285270947,Georgia,GA00346
,Sugar Hill Golf Club,Sugar Hill,6094,30518,GA,Suwanee Dam Road,,,https://www.sugarhillgolfclub.com,,,,,,,LandPro08,,,,,,,,,,,,,,,,,UNDEVELOPABLE,GOLF_COURSE,GOLF_COURSE,no,,,,+1 770-271-0519,,,,,multipolygon,,,,,,,,763047.9888104089,34.129877785449544,-84.07874780546094,Georgia,GA00104
,Unknown Golf Course,,,,,,,,,,,,,,,,,,,,,,,,,,,,,,,,UNDEVELOPABLE,GOLF_COURSE,GOLF_COURSE,,,,,,,,,,multipolygon,,AU,171,171171,171,,,762334.4210609155,34.1982295134523,-83.84814360711916,Georgia,GA00051
,Palmetto,Savannah,1,31411,GA,Cottonwood Road,,,https://thelandings.com/golf-and-athletic-club/golf/palmetto,,,The Landings Club,,,,,,,,,,,,,,,,,,,,,,,,,,,,,,,,,multipolygon,,,,,,,,755623.9801599585,31.916122173288528,-81.0460589915395,Georgia,GA00069
,Folkston Golf Club,Folkston,202,31537,,Country Club Road,,+1-912-496-3598,https://www.folkstongolfclub.com/,,2502677,,,Other Urban or Built-up Land,,,,,,,,,,,,,,,,,,,,,,,,,,,,,,,,,,,,,,,747282.6852683814,30.839793947249717,-82.01981268858694,Georgia,GA00167
,Unknown Golf Course,,,,,,,,,,,,Name?,,,,,,,,,,,,,,,,,,,,,,,,,,,,,,,,,,,,,,,,746693.8650671069,31.606775654555737,-84.25538362652215,Georgia,GA00378
,Unknown Golf Course,,,,,,,,,,,,Name?,,,,,,,,,,,,,,,,,,,,,,,,,,,,,,,,,,,,,,,,746693.8650671069,31.606775654555737,-84.25538362652215,Georgia,GA00377
,Coosa Country Club,Rome,110,30161,,Branham Avenue,,+1 706 234 7131,https://www.coosacountryclub.org/,,,,,,,,,,,,,,,,,,,,,,,,,,,,,,,,,,,,,,,,,,,,745664.6053461692,34.25280712388453,-85.18786431677421,Georgia,GA00299
,Dalton Golf and Country Club,,,,,,,,,,,,,,,,,,,,,,,,,,,,,,,,,,,,,,,,,,,,,,,,,,,,745498.1151258481,34.8036364195688,-84.9505087720091,Georgia,GA00352
,Unknown Golf Course,,,,,,,,,,,,,,,LandPro08,,,,,,,,,,,,,,,,,UNDEVELOPABLE,GOLF_COURSE,GOLF_COURSE,no,,,,,,,,,,,,,,,,,741254.3863596523,33.76885461713702,-83.72833445962708,Georgia,GA00214
,Maple Ridge Golf Course,Columbus,4700,31909,GA,Maple Ridge Trail,,+1-706-569-0966,https://golfmapleridge.com/,,,,,,,,,,,,,,,,,,,,,,,,,,,,,,,,,,,,multipolygon,,,,,,,yes,738672.0674751133,32.56212008283465,-84.91658811203142,Georgia,GA00085
,Chastain Park Golf Course,Atlanta,216,30342,GA,W. Wieuca Rd NW,,+1-404-255-0723,https://www.cityofatlantagolf.com/chastain-park-golf-course/,,,,,,,LandPro08,,,,,,,,,,,,,,,,,UNDEVELOPABLE,GOLF_COURSE,GOLF_COURSE,no,,,,,,,,,,,,,,,,,737112.9460199206,33.869352227129255,-84.39058592260497,Georgia,GA00224
,Unknown Golf Course,,,,,,,,,,,,,,,LandPro08,,,,,,,,,,,,,,,,,UNDEVELOPABLE,GOLF_COURSE,GOLF_COURSE,no,,,,,,,,,,,,,,,,,729777.8035228596,34.18243558659238,-84.03469613525452,Georgia,GA00269
,Unknown Golf Course,,,,,,,,,,,,,,,LandPro08,,,,,,,,,,,,,,,,,UNDEVELOPABLE,GOLF_COURSE,GOLF_COURSE,no,,,,,,,,,,,,,,,,,729777.8035228596,34.18243558659238,-84.03469613525452,Georgia,GA00270
,Providence Club,Monroe,656,30656,GA,Providence Club Dr,,+1-770-207-4332,https://www.greenvalleygolfgroup.com/web/pages/providence-club,,,,,,,LandPro08,,,,,,,,,,,,,,,,,UNDEVELOPABLE,GOLF_COURSE,GOLF_COURSE,no,,,,,,,,,multipolygon,,,,,,,,728619.084753209,33.89864852905254,-83.77189221230897,Georgia,GA00117
,Unknown Golf Course,,,,,,,,,,,,,,,,,,,,,,,,,,,,,,,,,,,,,,,,,,,,,,,,,,,,728402.0405901856,33.218177291958874,-82.41823127174675,Georgia,GA00365
,Forsyth Golf Course,,,,,,,,,,334707,,,,,,,,,,,,,,,,,,,,,,,,,,,,,,,,,,,,,,,,,,726130.1195926361,33.042179614256554,-83.96411880981393,Georgia,GA00305
,Country Club of Gwinnett,Snellville,3254,30039,GA,Clubside View Ct,,+1-770-680-4440,https://www.countryclubgwinnett.com/,,,,,,,LandPro08,,,,,,,,,,,,,,,,,UNDEVELOPABLE,GOLF_COURSE,GOLF_COURSE,no,,,,,,,,,multipolygon,,AU,171,171171,171,,,726008.448299396,33.819949524594435,-84.02097893105213,Georgia,GA00037
,Unknown Golf Course,,,,,,,,,,,,,,,,,,,,,,,,,,,,,,,,,,,,,,,,,,,,,,,,,,,,725975.4092671793,33.54878887797401,-82.06472781631508,Georgia,GA00458
,Pine Hills Golf Club,Winder,661,30680,GA,Hog Mountain Road,,+1-770-867-3150,https://www.pinehillswinder.com/,,,,,,,LandPro08,,,,,,,,,,,,,,,,,,,,no,,,,,,,,,,,,,,,,,725082.5334105509,33.97000357730106,-83.69304642524429,Georgia,GA00234
,Cherokee Town and Country Club (South),Atlanta,665,30350,GA,Hightower Trail,,,https://www.cherokeetcc.org/,,,Cherokee Town and Country Club,,,,LandPro08,,,,,,,,,,,,,,,,,UNDEVELOPABLE,GOLF_COURSE,GOLF_COURSE,no,,,,(770) 993-4407,,,,,,,,,,,,,722152.7272853262,33.986355281156754,-84.3665112274302,Georgia,GA00426
,Capital City Club - Brookhaven Country Club,Atlanta,53,30319,GA,West Brookhaven Drive Northeast,,+1-404-233-2121,https://www.capitalcityclub.org/,,,,,,,LandPro08,,,,,,,,,,,,,,,,,,,,no,,,,,,,,,,,,,,,,,718188.3853408978,33.86546895391569,-84.34905827140732,Georgia,GA00223
,Waynesboro Country Club,,,,,,,,,,,,,,,,,,,,,,,,,,,,,,,,,,,,,,,,,,,,,,,,,,,,707761.2296732739,33.06489369736566,-82.02864230190158,Georgia,GA00151
,Pinetree Country Club,Kennesaw,3400,30144,GA,McCollum Parkway,,+1-770-422-5902,https://pinetreecc.org/,,,,,,,LandPro08,,,,,,,,,,,,,,,,,UNDEVELOPABLE,GOLF_COURSE,GOLF_COURSE,no,,,,,,,,,multipolygon,,AU,171,171171,171,,,705624.1490288681,34.03885778594464,-84.59340771017496,Georgia,GA00044
,Unknown Golf Course,,,,,,,,,,,,boundary wrong. looks like someone just guessed,,,LandPro08,,,,,,,,,,,,,,,,,UNDEVELOPABLE,GOLF_COURSE,GOLF_COURSE,no,,,,,,,,,,,,,,,,,700530.9069534057,34.19019345813927,-84.30793115529639,Georgia,GA00273
,Eagle Watch Golf Club,Woodstock,3055,30189,GA,Eagle Watch Drive,,+1-770-591-1000,https://www.invitedclubs.com/clubs/eagle-watch-golf-club,,,,,,,,,,,,,,,,,,,,,,,,,,,,,,,,,,,,multipolygon,,,,,,,,697690.7918372253,34.13749255722096,-84.55997245372096,Georgia,GA00100
,Druid Hills Golf Club,,,,,,,,,,,,,,,,,,,,,,Q5308982,,,,,,,,,,,,,,,,,,,,,,,,,,,,,,695009.187813387,33.78014985447963,-84.3284694988098,Georgia,GA00133
,Unknown Golf Course,,,,,,,,,,,,,,,LandPro08,,,,,,,,,,,,,,,,,UNDEVELOPABLE,GOLF_COURSE,GOLF_COURSE,no,,,,,,,,,,,,,,,,,692689.9187126819,34.063270182305246,-83.90965501524161,Georgia,GA00239
,WIlmington Island Golf Club,Savannah,501,31410,GA,Wilmington Island Road,,,,,,The Wilmington Island Club,,,Other Urban Or Built-Up Land,,,,,,,,,,,,,,,,,,,,,,,,,,,,,,,,,,,,,,690124.8205457337,32.00211607753855,-80.99316873962546,Georgia,GA00163
,Unknown Golf Course,,,,,,,,,,,,,,,,,,,,,,,,,,,,,,,,UNDEVELOPABLE,GOLF_COURSE,GOLF_COURSE,,,,,,,,,,multipolygon,,AU,171,171171,171,,,687059.0623828664,33.52710967504477,-84.29690074445092,Georgia,GA00017
,Unknown Golf Course,,,,,,,,,,,,,,,,,,,,,,,,,,,,,,,,,,,,,,,,,,,,,,,,,,,,686716.0064152032,31.526226131958392,-82.82688222764313,Georgia,GA00455
,Unknown Golf Course,,,,,,,,,,,,,,,,,,,,,,,,,,,,,,,,,,,,,,,,,,,,,,,,,,,,686716.0064152032,31.526226131958392,-82.82688222764313,Georgia,GA00456
,Unknown Golf Course,,,,,,,,,,,,,,,LandPro08,,,,,,,,,,,,,,,,,UNDEVELOPABLE,GOLF_COURSE,GOLF_COURSE,no,,,,,,,,,,,,,,,,,685357.2570837226,34.01883744187938,-84.00206003665772,Georgia,GA00178
,Unknown Golf Course,,,,,,,,,,,,,,,LandPro08,,,,,,,,,,,,,,,,,UNDEVELOPABLE,GOLF_COURSE,GOLF_COURSE,no,,,,,,,,,,,,,,,,,684287.4740405005,33.23484277906118,-84.2729329366533,Georgia,GA00179
,Hawk's Point Golf Course,,,,,,,,,,,,,,,,,,,,,,,,,,,,,,,,,,,,,,,,,,,,,,,,,,,,683003.4820796166,32.22756741773952,-82.38192059152601,Georgia,GA00355
,Riverview Golf Course,Dublin,100,31021,,Riverview Drive,,+1 478 275 4064,https://www.dublinriverview.com/,,,,,,,,,,,,,,,,,,,,,,,,,,,,,,,,,,,,,,,,,,,,682536.6897013846,32.523725405843415,-82.89141301733825,Georgia,GA00344
,Unknown Golf Course,,,,,,,,,,,,,,,,,,,,,,,,,,,,,,,,UNDEVELOPABLE,GOLF_COURSE,GOLF_COURSE,,,,,,,,,,multipolygon,,AU,171,171171,171,,,682422.6253400503,34.06962487429806,-84.11150002170855,Georgia,GA00045
,Sunset Hills Country Club,Carrollton,1,30117,,Club Drive,,+1 770 834 6656,https://www.sunsethillscc.com/,,,,,,,,,,,,,,,,,,,,,,,,,,,,,,,,,,,,,,,,,,,,682345.1517115663,33.56310136739001,-85.09801081471727,Georgia,GA00191
,Battlefield Golf Club and Estates,,,,,,,,,,,,,,,,,,,,,,,,,,,,,,,,,,,,,,,,,,,,,,,,,,,,681362.103361126,34.923654409100834,-85.22389017407298,Georgia,GA00143
,Unknown Golf Course,,,,,,,,,,,,,,,,,,,,,,,,,,,,,,,,,,,,,,,,,,,,,,,,,,,,675709.1046889982,31.911046029867705,-81.2880874784133,Georgia,GA00432
,Unknown Golf Course,,,,,,,,,,,,,,,LandPro08,,,,,,,,,,,,,,,,,UNDEVELOPABLE,GOLF_COURSE,GOLF_COURSE,no,,,,,,,,,,,,,,,,,670301.112376349,33.794991020362744,-84.70693263752618,Georgia,GA00219
,Coweta Club,Newnan,300,30265,,Arbor Springs Parkway,,+1 770 683 4727,https://www.cowetaclub.com/,,,,,,,,,,,,,,,,,,,,,,,,,,,,,,,,,,,,multipolygon,,,,,,,,669905.7509283393,33.46553550610532,-84.70090677971785,Georgia,GA00014
,Apple Mountain Golf Club,,,,,,,,,,,,,,,,,,,,,,,,,,,,,,,,,,,,,,,,,,,,,,,,,,,,669423.5894259227,34.63597046989063,-83.45780869282773,Georgia,GA00402
,Unknown Golf Course,,,,,,,,,,,,,,,LandPro08,,,,,,,,,,,,,,,,,UNDEVELOPABLE,GOLF_COURSE,GOLF_COURSE,no,,,,,,,,,,,,,,,,,668988.1037886807,34.17666920879368,-84.02121962194636,Georgia,GA00266
,Unknown Golf Course,,,,,,,,,,,,,,,LandPro08,,,,,,,,,,,,,,,,,UNDEVELOPABLE,GOLF_COURSE,GOLF_COURSE,no,,,,,,,,,,,,,,,,,668988.1037886807,34.17666920879368,-84.02121962194636,Georgia,GA00267
,Black Creek Golf Club,Ellabell,227,31308,GA,Canterwood Drive,,+1-912-858-4653,https://www.blackcreekgc.com/,,2559673,,,,,,,,,,,,,,,,,,,,,,,,,,,,,,,,,,multipolygon,,,,,,,,668158.8740438857,32.17067496621086,-81.49868780019943,Georgia,GA00063
,Willow Lake Golf Club,Metter,,30439,,West Willow Lake Drive,,912-685-2724,http://willowlakegolfclub.com/,,2502680,,,Other Urban or Built-up Land,,,,,,,,,,,,,,,,,,,,,,,,,,,,,,,multipolygon,,,,,,,,667669.5983501322,32.41909386976848,-82.07131475864121,Georgia,GA00093
,Unknown Golf Course,,,,,,,,,,,,,,,LandPro08,,,,,,,,,,,,,,,,,UNDEVELOPABLE,GOLF_COURSE,GOLF_COURSE,no,,,,,,,,,,,,,,,,,659856.4164866691,34.078987532995484,-84.39853041045303,Georgia,GA00244
,Country Club of Roswell,Roswell,2500,30076,GA,Club Springs Dr,,+1-770-475-7800,https://ccroswell.com/web/pages/home,,,,,,,LandPro08,,,,,,,,,,,,,,,,,UNDEVELOPABLE,GOLF_COURSE,GOLF_COURSE,no,,,,,,,,,multipolygon,,AU,171,171171,171,,,659058.973751884,34.02819862969922,-84.28192478591477,Georgia,GA00043
,Kingwood Country Club,Clayton,,,GA,,,,,,,,,,,,,,,,,,,,,,,,,,,,,,,,,,,,,,,,,,,,,,,,656882.4965433921,34.85816809013949,-83.36604437420098,Georgia,GA00135
,Unknown Golf Course,,,,,,,,,,,,,,,,,,,,,,,,,,,,,,,,UNDEVELOPABLE,GOLF_COURSE,GOLF_COURSE,,,,,,,,,,multipolygon,,AU,171,171171,171,,,653181.4835454074,34.30059454757785,-84.61308524498463,Georgia,GA00052
,Cherokee Pines Golf & Fitness Club,Perry,1000,31069,,Country Club Road,,+1 478 224 4653,https://www.cherokeepines.com/,,,,,,,,,,,,,,,,,,,,,,,,,,,,,,,,,,,,,,,,,,,,652736.8487795565,32.4768227218182,-83.71750702687372,Georgia,GA00159
,Chestatee Golf Course,,,,,,,,,,,,,,,,,,,,,,,,,,,,,,,,,,,,,,,,,,,,multipolygon,,,,,,,,651590.1971278073,34.40365180872108,-83.98787919901785,Georgia,GA00107
,Unknown Golf Course,,,,,,,,,,,,,,,LandPro08,,,,,,,,,,,,,,,,,UNDEVELOPABLE,GOLF_COURSE,GOLF_COURSE,no,,,,,,,,,,,,,,,,,648218.9875270294,33.589016476297985,-83.907883948294,Georgia,GA00194
,Fairfield Plantation,Villa Rica,7500,30180,GA,Monticello Drive,,+1-770-836-1112,https://www.fairfieldplantation.com/amenities/golf.aspx,,,,,,,,,,,,,,,,,,,,,,,,UNDEVELOPABLE,GOLF_COURSE,GOLF_COURSE,,,,,,,,,,multipolygon,,AU,171,171171,171,,,641869.6058006717,33.64692739997642,-84.93105324457778,Georgia,GA00029
,Ashton Hills Golf Club,Covington,10400,30014,GA,Bypass Rd,,+1-678-224-8586,https://www.ashtonhillsgc.com/,,,,,,,LandPro08,,,,,,,,,,,,,,,,,UNDEVELOPABLE,GOLF_COURSE,GOLF_COURSE,no,,,,,,,,,multipolygon,,,,,,,,641371.5478141077,33.57831133674653,-83.84137869639358,Georgia,GA00109
,Lookout Mountain Golf Club,Lookout Mountain,1730,30750,,Woodnymph Trail,,+1-706-820-1169,http://www.lookoutmountaingolfclub.com/,,344277,,,Other Urban or Built-up Land,,,,,,,,,,,,,,,,,,,,,,,,,,,,,,,,,,,,,,,636438.3985696041,34.96802804198809,-85.35748255775846,Georgia,GA00136
,Unknown Golf Course,,,,,,,,,,,,,,,LandPro08,,,,,,,,,,,,,,,,,UNDEVELOPABLE,GOLF_COURSE,GOLF_COURSE,no,,,,,,,,,,,,,,,,,631425.2712559106,33.66711435604707,-84.52867403865504,Georgia,GA00197
,Lake Jonesco Golf Course,Gray,834,31032,,Highway 22 East,,+1 478 986 3206,http://www.jonescountyga.org/county-directory/golf-course/,,,,,,,,,,,,,,,,,,,,,,,,,,,,,,,,,,,,,,,,,,,,630741.3663862122,33.02416543276376,-83.4725727762628,Georgia,GA00155
,LaFayette Golf Course,LaFayette,1,30728,,Fred Henry Drive,,+1-706-639-1580,http://cityoflafayettega.org/recreation/golf-course/,,,,,,,,,,,,,,,,,,,,,,,,,,,,,,,,,,,,,,,,,,,,629525.1808356042,34.69060394248724,-85.28389078296422,Georgia,GA00318
,Savannah Golf Club,Savannah,1661,31414,GA,East President Street,,+1-912-232-2156,https://www.thesavannahgolfclub.com/,,,,,,,aerial imagery,,,,,,,,,,,,golf,"The Savannah Golf Club is a private, member owned club. It has been around since 1794. It is invitation only to join.",+1 912 236 5408,,,,,,,,,,,,,,,,,,,,,,,622370.5261409897,32.06774272835729,-81.06521487664939,Georgia,GA00294
,Griffin Bell Golf Course,,,,,,,,,,,Georgia Southwestern State University,,,,,,,,,,,,,,,,,,,,,,,,,,,,,,,,,,,,,,,,,620505.4206663497,32.04940802423375,-84.21835123752345,Georgia,GA00373
,Unknown Golf Course,,,,,,,,,,,,,,,,,,,,,,,,,,,,,,,,,,,,,,,,,,,,,,,,,,,,615596.8942382458,32.865182028405094,-84.31263669453665,Georgia,GA00358
,Beaver Creek Golf Course,,,,,,,,,,344843,,,,,,,,,,,,,,,,,,,,,,,,,,,,,,,,,,multipolygon,,,,,,,,613468.533662299,31.549904250198097,-82.7965873918044,Georgia,GA00057
,Hartwell Golf Club,Hartwell,755,30643,,Golf Course Road,,+1 706 376 8161,http://hartwellgolf.net/,,,,,,,,,,,,,,,,,,,,,,,,,,,,,,,,,,,,,,,,,,,,610778.0239188699,34.3277519493875,-82.95674546735155,Georgia,GA00142
,Okefenokee Golf and Country Club,Blackshear,1204,31516,,South River Oaks Drive,,912-283-7400,https://okefenokeecountryclub.com/,,349081,,,,,,,,,,,,,,,,,,,,,,,,,,,,,,,,,,multipolygon,,,,,,,,610507.525795524,31.266051669365755,-82.3501896059668,Georgia,GA00058
,Hunter Pope Country Club,,,,,,,,,,,,,,,,,,,,,,,,,,,,,,,,,,,,,,,,,,,,,,,,,,,,610396.8569105134,33.320315968641204,-83.68090382080013,Georgia,GA00363
,Unknown Golf Course,,,,,,,,,,,,,,,,,,,,,,,,,,,,,,,,,,,,,,,,,,,,,,,,,,,,608043.4694619408,34.044839204968156,-85.25011032682718,Georgia,GA00392
,Cherokee Rose Country Club,,,,,,,,,,,,,,,,,,,,,,,,,,,,,,,,,,,,,,,,,,,,multipolygon,,,,,,,,607031.9178500162,31.801220211613863,-81.60099209085172,Georgia,GA00077
,Magnolia,Savannah,1,31411,GA,Palmer’s Draw,,,https://thelandings.com/golf-and-athletic-club/golf/magnolia,,,The Landings Club,,,,,,,,,,,,,,,,,,,,,,,,,,,,,,,,,multipolygon,,,,,,,,601186.6469618767,31.946922032994635,-81.03528784403908,Georgia,GA00066
,Sandy Run Golf Club,,,,,,,,,,344337,,,,,LULC,,,,,,,,,,,,,,,,,,,,,,,,,,,,,,,,,,,,,581976.7528371692,32.57882978908478,-83.60456396419957,Georgia,GA00153
,Unknown Golf Course,,,,,,,,,,,,,,,,,,,,,,,,,,,,,,,,,,,,,,,,,,,,,,,,,,,,580455.76898942,32.3960993664239,-84.95829736815773,Georgia,GA00405
,Belle Meade Country Club,Thomson,2660,30824,,Twin Pine Road,,+1 706 595 1553,http://www.bellemeadecountryclub.org/,,,,,,,,,,,,,,,,,,,,,,,,,,,,,,,,,,,,multipolygon,,,,,,,,579480.1204586909,33.53594148647513,-82.5128476726502,Georgia,GA00081
,Unknown Golf Course,,,,,,,,,,,,,,,,,,,,,,,,,,,,,,,,,,,,,,,,,,,,,,,,,,,,566224.3795259435,34.084784251523175,-82.85730325669178,Georgia,GA00340
,Unknown Golf Course,,,,,,,,,,,,,,,,,,,,,,,,,,,,,,,,UNDEVELOPABLE,GOLF_COURSE,GOLF_COURSE,no,,,,,,,,,multipolygon,,,,,,,,562722.9988959011,33.42129856773895,-84.16294422113293,Georgia,GA00097
,Unknown Golf Course,,,,,,,,,,,,,,,LandPro08,,,,,,,,,,,,,,,,,UNDEVELOPABLE,GOLF_COURSE,GOLF_COURSE,no,,,,,,,,,,,,,,,,,556909.3659200297,33.68549265750112,-84.29703841182295,Georgia,GA00200
,City Club Marietta,Marietta,510,30064,GA,Powder Springs Street Southwest,https://www.facebook.com/CityClubMarietta,+1-770-528-4653,https://www.cityclubmarietta.com/,,,Hilton Atlanta/Marietta Hotel & Conference Center,,,,LandPro08,,,,,,,,,,,,,,,,,UNDEVELOPABLE,GOLF_COURSE,GOLF_COURSE,no,,,,,,,https://www.cityclubmarietta.com/,City of Marietta,,,,,,,,,556838.5812679047,33.94206639444665,-84.55889280727833,Georgia,GA00231
,Unknown Golf Course,,,,,,,,,,,,,,,,,,,,,,,,,,,,,,,,,,,,,,,,,,,,multipolygon,,,,,,,,554628.5822455296,30.680362192579782,-83.20803113277778,Georgia,GA00095
,Green Meadow Golf Course,,,,,,,,,,357870,,,Other Urban or Built-up Land,Other Urban Or Built-Up Land,USGS-LULC,,,RICHMOND,1,17,13245,,,,,,,,,,,,,,,,,,,,,,,,,,,,,,,551405.0232655522,33.4159020072368,-82.03732184908303,Georgia,GA00148
,Elks Lodge Golf Course,Calhoun,143,30701,GA,Craigtown Road Northeast,,+1-706-629-4091,https://www.elks.org/lodges/contactus.cfm?lodge=1883,,,,,Other Urban or Built-up Land,,,,,,,,,,,,,,,,,,,,,,,,,,,,,,,,,,,,,,,550058.0298619375,34.544239541284604,-84.91029168874361,Georgia,GA00137
,Butternut Creek Golf Course,Blairsville,129,30512,,Union County Recreation Road,,+1 706 439 6076,http://www.butternutcreekgolf.com/,,,,,,,,,,,,,,,,,,,,,,,,,,,,,,,,,,,,,,,,,,,,548311.714784297,34.8788446394941,-83.96542955690437,Georgia,GA00339
,Terrapin,,,,,,,,,,,The Landings Club,,,,,,,,,,,,,,,,,,,,,,,,,,,,,,,,,multipolygon,,,,,,,,546400.8926915887,31.897619313229317,-81.05153515528325,Georgia,GA00070
,Unknown Golf Course,,,,,,,,,,,,,,,,,,,,,,,,,,,,,,,,,,,,,,,,,,,,,,,,,,,,544610.5036331752,33.755428362333674,-82.34152166593321,Georgia,GA00427
,Unknown Golf Course,,,,,,,,,,,,,,,,,,,,,,,,,,,,,,,,,,,,,,,,,,,,,,,,,,,,544610.5036331752,33.755428362333674,-82.34152166593321,Georgia,GA00428
,Unknown Golf Course,,,,,,,,,,,,,,,LandPro08,,,,,,,,,,,,,,,,,UNDEVELOPABLE,GOLF_COURSE,GOLF_COURSE,no,,,,,,,,,,,,,,,,,539318.7550381125,34.18122450282685,-84.20645142946938,Georgia,GA00271
,Unknown Golf Course,,,,,,,,,,,,,,,,,,,,,,,,,,,,,,,,,,,,,,,,,,,,,,,,,,,,532118.6500408372,31.619053821707997,-83.25507118556284,Georgia,GA00345
,Unknown Golf Course,,,,,,,,,,,,,,,,,,,,,,,,,,,,,,,,,,,,,,,,,,,,,,,,,,,,530620.3107429778,32.598296792557534,-82.89484129193153,Georgia,GA00359
,Bobby Jones Golf Club,Atlanta,384,30305,,Woodward Way Northwest,,+1 404 355 1009,https://www.bobbyjonesgc.com/,,,,,,,,,,,,,,,,,,,,Currently closed for Renovation. ,,,,,,,,,November 2018,,,,,,,,,,,,,,,530525.5213380543,33.81616840614059,-84.40328907579816,Georgia,GA00134
,Columbus Country Club,,,,,,,,,,,,,Other Urban or Built-up Land,,,,,MUSCOGEE,1,17,13215,,,,,,,,,,,,,,,,,,,,,,,,,,,,,,,518965.54537860036,32.491116617294225,-84.96007404143215,Georgia,GA00157
,Unknown Golf Course,,,,,,,,,,,,,,,LandPro08,,,,,,,,,,,,,,,,,UNDEVELOPABLE,GOLF_COURSE,GOLF_COURSE,no,,,,,,,,,,,,,,,,,496557.83987561835,33.69457710885109,-84.15138630572443,Georgia,GA00202
,Forest Lakes Golf Club,tifton,80,31794,GA,Moorman Drive,,,,,,Abraham Baldwin Agricultural College,,,,,,,,,,,,,,,,,,,,,,,,,,,,,,,,,,,,,,,,,496083.54591857543,31.500215873438638,-83.44524752985923,Georgia,GA00361
,Alfred Tup Holmes Golf Course,Atlanta,2300,30311,GA,Wilson Dr. SW,,+1-404-753-6158,https://www.cityofatlantagolf.com/alfred-tup-holmes-golf-course/,,,,,,,LandPro08,,,,,,,,,,,,,,,,,UNDEVELOPABLE,GOLF_COURSE,GOLF_COURSE,no,,,,,,,,,,,,,,,,,492237.86958841607,33.70891522270199,-84.46364862044952,Georgia,GA00204
,Steel Canyon Golf Club,Sandy Springs,460,30350,GA,Morgan Falls Road,,,https://steelcanyongolfclub.com/,,,,,,,LandPro08,,,,,,,,,,,,,,,,,UNDEVELOPABLE,GOLF_COURSE,GOLF_COURSE,no,,,,https://steelcanyongolfclub.com/,,,,,,,,,,,,,492027.132197191,33.96757221046764,-84.37160290403284,Georgia,GA00233
,Country Land Golf Course,,,,,,,,,,,,,,,LandPro08,,,,,,,,,,,,,,,,,UNDEVELOPABLE,GOLF_COURSE,GOLF_COURSE,no,,,,,,,,,,,,,,,,,489275.0177166235,34.30389094903289,-84.02480761097404,Georgia,GA00284
,Unknown Golf Course,,,,,,,,,,,,,,,LandPro08,,,,,,,,,,,,,,,,,UNDEVELOPABLE,GOLF_COURSE,GOLF_COURSE,no,,,,,,,,,,,,,,,,,488104.212418585,34.122358148175486,-83.86900928030227,Georgia,GA00251
,Unknown Golf Course,,,,,,,,,,,,,,,,,,,,,,,,,,,,,,,,UNDEVELOPABLE,GOLF_COURSE,GOLF_COURSE,,,,,,,,,,multipolygon,,AU,171,171171,171,,,484031.8889939037,33.99340923467792,-84.7192455024292,Georgia,GA00019
,Evans Heights Golf Club,,,,,,,,,,,,,,,LULC,,,,,,,,,,,,,,,,,,,,,,,,,,,,,,,,,,,,,478037.1219050187,32.11602407612638,-81.89749610100597,Georgia,GA00160
,Unknown Golf Course,,,,,,,,,,,,,,,,,,,,,,,,,,,,,,,,UNDEVELOPABLE,GOLF_COURSE,GOLF_COURSE,,,,,,,,,,multipolygon,,AU,171,171171,171,,,463173.8007093974,34.19570368085845,-84.29408730766602,Georgia,GA00050
,Unknown Golf Course,,,,,,,,,,,,,,,LandPro08,,,,,,,,,,,,,,,,,UNDEVELOPABLE,GOLF_COURSE,GOLF_COURSE,no,,,,,,,,,,,,,,,,,456283.91222702997,33.37070981175582,-84.16957859709115,Georgia,GA00187
,Mossy Creek Golf Course,Cleveland,7883,30528,,Highway 254,,+1-706-865-2277,http://www.mossycreekgc.com/,,350913,,,Other Urban or Built-up Land,,,,,,,,,,,,,,,,,,,,,,,Eagle Greens at Skitt Mountain,,,,,,,,,,,,,,,,446669.8523104757,34.50947784583631,-83.73949975265418,Georgia,GA00144
,Twisted Pine Golf Course,,,,,,,,,,,,,,,,,,,,,,,,,,,,,,,,,,,,,,,,,,,,,,,,,,,,445723.431995066,31.88637928830954,-82.58463780186501,Georgia,GA00433
,Mary Calder Golf Club,Savannah,1,31415,GA,Mary Calder Dr,,+1-912-238-7100,https://www.marycaldergc.com/,,,,,,,,,,,,,,,,,,,,,,,,,,,,,,,,,,,,,,,,,,,,439241.6828595178,32.09628668472483,-81.13195714950082,Georgia,GA00297
,Quiet Pines Golf Course,,,,,,,,,,,,,,,,,,,,,,,,,,,,,,,,,,,,,,,,,,,,,,,,,,,,435126.9834847212,30.980285605410483,-83.21487170776464,Georgia,GA00319
,Crooked Creek Club,Alpharetta,3430,30004,GA,GA 9,,+1-770-475-2300,https://www.thecrookedcreekclub.com/,,,,,,,LandPro08,,,,,,,,,,,,,,,,,UNDEVELOPABLE,GOLF_COURSE,GOLF_COURSE,no,,,,,,,https://www.thecrookedcreekclub.com/,,,,,,,,,,421295.24362209876,34.13210041379639,-84.26066025617837,Georgia,GA00252
,C. Uncle Remus Golf Course,Eatonton,120,31024,,Hambone Holle Drive,,+1-706-485-6850,,,,,,Other Urban or Built-up Land,Other Urban Or Built-Up Land,USGS-LULC,,,,,,,,,,,,,,,,,,,,,,,,,,,,,,,,,,,,,418149.6506349777,33.31325698646067,-83.38750478247593,Georgia,GA00149
,Unknown Golf Course,,,,,,,,,,,,,,,,,,,,,,,,,,,,,,,,,,,,,,,,,,,,,,,,,,,,417889.18861295894,31.161422350078418,-84.15103328222122,Georgia,GA00397
,Brazell's Creek Golf Course,Reidsville,355,30453,,Golf Course Road,,+1-912-557-7745,http://georgiagolf.com/Brazells-Creek,,2502681,,,,,,,,,,,,,,,,,,,,,,,,,,,,,,,,,,,,,,,,,,407727.7765932772,32.08966293588735,-82.1354835389206,Georgia,GA00317
,Unknown Golf Course,,,,,,,,,,,,,Other Urban or Built-up Land,,USGS-LULC,,,PEACH,1,17,13225,,,,,,,,,,,,,,,,,,,,,,,,,,,,,,,404245.4454025816,32.58513288450914,-83.8599014506893,Georgia,GA00152
,Unknown Golf Course,,,,,,,,,,,,,,,LandPro08,,,,,,,,,,,,,,,,,UNDEVELOPABLE,GOLF_COURSE,GOLF_COURSE,no,,,,,,,,,,,,,,,,,395012.79508788313,34.30781014031659,-84.62475048185662,Georgia,GA00289
,Town and Country Club,,,,,,,,,,,,,,,,,,,,,,,,,,,,,,,,,,,,,,,,,,,,,,,,,,,,393991.7009731787,31.35344925396745,-84.92543323561499,Georgia,GA00385
,King and Prince Golf Course,,,,,,,,,,,,,,,,,,,,,,,,,,,,,,,,,,,,,,,,,,,,,,,,,,,,389475.49728929746,31.28591504687706,-81.34566793709973,Georgia,GA00444
,Unknown Golf Course,,,,,,,,,,,,,,,LandPro08,,,,,,,,,,,,,,,,,UNDEVELOPABLE,GOLF_COURSE,GOLF_COURSE,no,,,,,,,,,,,,,,,,,387636.9036090341,33.67286397894375,-84.53730977225761,Georgia,GA00198
,Unknown Golf Course,,,,,,,,,,,,,,,,,,,,,,,,,,,,,,,,,,,,,,,,,,,,,,,,,,,,373937.4284151247,34.88055620897171,-83.54712400085792,Georgia,GA00393
,Green Valley Greens Golf Course,Cartersville,157,30121,GA,Rudy York Road Northwest,,,,,,,,,,,,,,,,,,,,,,,,,,,,,,,,,,,,,,,,,,,,,,,371857.3629803021,34.23140171968469,-84.8307319819843,Georgia,GA00325
,Legacy Golf Links,Smyrna,1825,30080,GA,Windy Hill Road Southeast,,+1-770-434-6331,https://www.legacyfoxcreek.com/,,,,,,,LandPro08,,,,,,,,,,"Mar-Oct:7:30-21:00; Dec-Jan:8:00-19:00; Nov,Feb:8:00-20:00",,,,,,,UNDEVELOPABLE,GOLF_COURSE,,no,,,,,,,,,,,,,,,,,366950.6183091517,33.897265982214755,-84.50187615549422,Georgia,GA00309
,Unknown Golf Course,,,,,,,,,,,,,,,,,,,,,,,,,,,,,,,,UNDEVELOPABLE,GOLF_COURSE,GOLF_COURSE,,,,,,,,,,multipolygon,,AU,171,171171,171,,,364690.61696588504,33.58595700078919,-84.03260116079029,Georgia,GA00027
,Unknown Golf Course,,,,,,,,,,,,,,,LandPro08,,,,,,,,,,,,,,,,,UNDEVELOPABLE,GOLF_COURSE,GOLF_COURSE,no,,,,,,,,,,,,,,,,,361905.01430457836,33.74236130519539,-84.29810072754839,Georgia,GA00208
,Unknown Golf Course,,,,,,,,,,,,,,,LandPro08,,,,,,,,,,,,,,,,,UNDEVELOPABLE,GOLF_COURSE,GOLF_COURSE,no,,,,,,,,,,,,,,,,,361905.01430457836,33.74236130519539,-84.29810072754839,Georgia,GA00209
,Unknown Golf Course,,,,,,,,,,,,,,,,,,,,,,,,,,,,,,,,,,,,,,,,,,,,,,,,,,,,361122.3122700448,33.43269447485989,-82.51325717908057,Georgia,GA00341
,Unknown Golf Course,,,,,,,,,,,,,,,LandPro08,,,,,,,,,,,,,,,,,UNDEVELOPABLE,GOLF_COURSE,GOLF_COURSE,no,,,,,,,,,,,,,,,,,357600.5117754107,33.25623968490947,-84.32038667867542,Georgia,GA00180
,Fox Creek Golf Course,Smyrna,1501,30080,GA,Windy Hill Road Southeast,,+1-770-435-1000,https://www.legacyfoxcreek.com/,,326855,,,,,LandPro08,,,,,,,,,,Mo-Fr 07:30-sunset; Sa-Su 07:00-sunset,,,,,,,UNDEVELOPABLE,GOLF_COURSE,,no,,,,,,,,,,,,,,,,,356689.82292403345,33.89592412285312,-84.51238498949297,Georgia,GA00227
,Cedar Valley Golf & Country Club,,,,,,,,,,,,,,,,,,,,,,,,,,,,,,,,,,,,,,,,,,,,,,,,,,,,353231.3616786493,33.981982181634564,-85.25197477390596,Georgia,GA00391
,Canton Golf Club,,,,,,,+1 770 479 2772,https://cantongolfclub.com/,,,,,,,,,,,,,,,,,,,,,,,,,,,,,,,,,,,,,,,,,,,,351142.3588832171,34.22913216575728,-84.47457500480478,Georgia,GA00275
,Washington Wilkes Country Club,,,,,,,,,,,,,,,,,,,,,,,,,,,,,,,,,,,,,,,,,,,,,,,,,,,,350155.7945546952,33.70166676089662,-82.69394296211487,Georgia,GA00394
,Unknown Golf Course,,,,,,,,,,,,,,,,,,,,,,,,,,,,,,,,UNDEVELOPABLE,GOLF_COURSE,GOLF_COURSE,,,,,,,,,,multipolygon,,AU,171,171171,171,,,347509.2989369225,33.24861920516819,-84.31346628031056,Georgia,GA00020
,Unknown Golf Course,,,,,,,,,,,,,,,,,,,,,,,,,,,,,,,,,,,,,,,,,,,,,,,,,,,,344727.34840462665,31.27527965851062,-82.22157991539522,Georgia,GA00356
,Durham Lakes Country Club,,,,,,,,,,,,,,,,,,,,,,,,,,,,,,,,,,,,,,,,,,,,,,,,,,,,342804.9448219137,33.561195818116126,-84.61385387405444,Georgia,GA00434
,Unknown Golf Course,,,,,,,,,,,,,,,,https://www.lakeblackshearresort.com/golf/course-layout/,,,,,,,,,,,,,,,,,,,,,,,,,,,,,,,,,,,,342652.4790075461,31.28391417219918,-82.22708149863901,Georgia,GA00168
,Unknown Golf Course,,,,,,,,,,,,,,,,,,,,,,,,,,,,,,,,,,,,,,,,,,,,,,,,,,,,333892.34410431446,33.27541537698185,-81.94374364785868,Georgia,GA00370
,Unknown Golf Course,,,,,,,,,,,,,,,,,,,,,,,,,,,,,,,,,,,,,,,,,,,,,,,,,,,,326450.3070430351,31.967824907452805,-81.14878294426566,Georgia,GA00295
,Turkey Creek Golf Course,,,,,,,,,,,,"USGS Topo map says this is the ""Fitzgerald Country Club"".  Which is correct?",,,,,,,,,,,,,,,,,,,,,,,,,,,,,,,,,,,,,,,,312474.1867250242,31.687990946935667,-83.23795787098746,Georgia,GA00337
,Holiday Hills Golf Course,,,,,,,,,,,,,,,,,,,,,,,,,,,,,,,,,,,,,,,,,,,,,,,,,,,,309751.65090522903,32.91722708173547,-83.30609213180513,Georgia,GA00351
,Ansley Golf Club,,,,,,,,,,,,,,,,,,,,,,,,,,,,,,,,UNDEVELOPABLE,GOLF_COURSE,GOLF_COURSE,no,,,,,,,,,multipolygon,,,,,,,,308750.62133313733,33.80219610417749,-84.37676998586174,Georgia,GA00036
,College Park Golf Course,College Park,3711,30337,GA,Fairway Drive,,+1-404-761-0731,https://www.collegeparkgolf.com/,,,,,,,LandPro08,,,,,,,,,,,,,,,,,UNDEVELOPABLE,GOLF_COURSE,GOLF_COURSE,no,,,,,,,,,,,,,,,,,305973.53014183464,33.65380911467634,-84.46699465660824,Georgia,GA00196
,Unknown Golf Course,,,,,,,,,,,,,,,LandPro08,,,,,,,,,,,,,,,,,UNDEVELOPABLE,GOLF_COURSE,GOLF_COURSE,no,,,,,,,,,,,,,,,,,305503.9384081964,33.69269618422208,-84.30018015554688,Georgia,GA00201
,Unknown Golf Course,,,,,,,,,,,,,,,LandPro08,,,,,,,,,,,,,,,,,UNDEVELOPABLE,GOLF_COURSE,GOLF_COURSE,no,,,,,,,,,,,,,,,,,303733.3272573011,33.30735426843443,-84.24042620276695,Georgia,GA00183
,Tunnel Hill Golf Club,,,,,,,,,,,,,,,,,,,,,,,,,,,,,,,,,,,,,,,,,,,,,,,,,,,,300756.40127730847,34.83955637247476,-85.05010650661752,Georgia,GA00454
,Unknown Golf Course,,,,,,,,,,,,,,,LandPro08,,,,,,,,,,,,,,,,,UNDEVELOPABLE,GOLF_COURSE,GOLF_COURSE,no,,,,,,,,,,,,,,,,,277804.38574146805,33.76824513530561,-84.33770575184099,Georgia,GA00212
,Callier Springs Golf Course,Rome,2653,30161,,Callier Springs Road Southeast,,+1-706-234-1691,http://www.callierspringscc.com/,,353558,,,,,,,,,,,,,,,,,,,,,,,,,,,,,,,,,,,,,,,,,,274260.54908072297,34.232404158257715,-85.14127613820814,Georgia,GA00308
,John A. White Golf Course,Atlanta,1053,30311,GA,Cascade Cir SW,,+1-404-756-1868,https://www.jawgc.com/,,,,,,,LandPro08,,,,,,,,,,,,,,,,,UNDEVELOPABLE,GOLF_COURSE,GOLF_COURSE,no,,,,,,,,,,,,,,,,,268347.8161634121,33.72992818980126,-84.447987478277,Georgia,GA00205
,Charlie Yates Golf Course,Atlanta,10,30317,GA,Lakeside Village Drive SE,,,https://www.charlieyatesgolfcourse.com/,,,,,,,,,,,,,,,,,,,,,,,,,,,,,,,,,,,,multipolygon,,,,,,,,260420.4090119604,33.74211588374043,-84.31871422285684,Georgia,GA00034
,Charlie Yates Golf Course,Atlanta,10,30317,GA,Lakeside Village Drive SE,,,https://www.charlieyatesgolfcourse.com/,,,,,,,,,,,,,,,,,,,,,,,,,,,,,,,,,,,,multipolygon,,,,,,,,260420.4090119604,33.74211588374043,-84.31871422285684,Georgia,GA00033
,Louisville Golf Club,,,,,,,,,,344278,,,Other Urban or Built-up Land,,,,,,,,,,,,,,,,,,,,,,,,,,,,,,,,,,,,,,,257009.80425974488,33.02182962747334,-82.39951510562868,Georgia,GA00156
,Unknown Golf Course,,,,,,,,,,,,,,,LandPro08,,,,,,,,,,,,,,,,,UNDEVELOPABLE,GOLF_COURSE,GOLF_COURSE,no,,,,,,,,,,,,,,,,,245311.9629360711,33.514662954500196,-84.57172766213624,Georgia,GA00170
,Unknown Golf Course,,,,,,,,,,,,,,,LandPro08,,,,,,,,,,,,,,,,,UNDEVELOPABLE,GOLF_COURSE,GOLF_COURSE,no,,,,,,,,,,,,,,,,,239372.86775772716,33.97102010431433,-84.10613952214254,Georgia,GA00235
,Unknown Golf Course,,,,,,,,,,,,,,,,,,,,,,,,,,,,,,,,,,,,,,,,,,,,,,,,,,,,236638.00599063296,31.025979581126386,-83.847311269375,Georgia,GA00383
,Unknown Golf Course,,,,,,,,,,,,,,,LandPro08,,,,,,,,,,,,,,,,,UNDEVELOPABLE,GOLF_COURSE,GOLF_COURSE,no,,,,,,,,,,,,,,,,,223527.468891097,33.99267730490613,-84.73498839114167,Georgia,GA00174
,Unknown Golf Course,,,,,,,,,,,,,,,LandPro08,,,,,,,,,,,,,,,,,UNDEVELOPABLE,GOLF_COURSE,GOLF_COURSE,no,,,,,,,,,,,,,,,,,218986.0244725166,33.771398646157344,-84.14737974655411,Georgia,GA00213
,Unknown Golf Course,,,,,,,,,,,,,,,,,,,,,,,,,,,,,,,,,,,,,,,,,,,,,,,,,,,,218353.81221800554,32.29915995244689,-84.0213347788427,Georgia,GA00343
,Cross Creek Golf Club,Atlanta,1211,30327,GA,Cross Creek Parkway Northwest,,+1-404-352-5612,http://crosscreekatlanta.org/amenities/golf/,,,Cross Creek Golf Club,,,,LandPro08,,,,,,,,,,,,,,,,,UNDEVELOPABLE,GOLF_COURSE,GOLF_COURSE,no,,,,,,,,,,,,,,,,,215904.30650094105,33.823092559789416,-84.42670352381938,Georgia,GA00221
,Unknown Golf Course,,,,,,,,,,,,,,,LandPro08,,,,,,,,,,,,,,,,,UNDEVELOPABLE,GOLF_COURSE,GOLF_COURSE,no,,,,,,,,,,,,,,,,,210261.4632374988,34.11329918205131,-83.86502872848477,Georgia,GA00248
,Durham Lakes Country Club,,,,,,,,,,,,,,,LandPro08,,,,,,,,,,,,,,,,,UNDEVELOPABLE,GOLF_COURSE,GOLF_COURSE,no,,,,,,,,,multipolygon,,,,,,,,206501.90669671816,33.55473368976424,-84.60570344016016,Georgia,GA00099
,Unknown Golf Course,,,,,,,,,,,,,,,,,,,,,,,,,,,,,,,,,,,,,,,,,,,,,,,,,,,,201275.332384115,34.402207296250275,-83.99319481175394,Georgia,GA00334
,Turtle Cove,,,,,,,,,,,,,,,,,,,,,,,,,,,,,,,,,,,,,,,,,,,,,,,,,,,,193643.67530004733,33.370047305222045,-83.84205280324521,Georgia,GA00147
,Pumpkinvine Golf Club,Acworth,433,30101,GA,Pumpkinvine Road,,,,,,,,,,,,,,,,,,,,,,,,,,,,,,,,,,,,,,,,,,,,,,,190626.12368300196,34.072234114535036,-84.7610088710985,Georgia,GA00324
,Unknown Golf Course,,,,,,,,,,,,,,,,,,,,,,,,,,,,,,,,,,,,,,,,,,,,,,,,,,,,186432.44917027606,32.504227564350934,-83.66524635487855,Georgia,GA00330
,Unknown Golf Course,,,,,,,,,,,,,,,,,,,,,,,,,,,,,,,,,,,,,,,,,,,,,,,,,,,,171136.32813268388,31.48980377428489,-82.85569229605161,Georgia,GA00395
,Unknown Golf Course,,,,,,,,,,,,,,,LandPro08,,,,,,,,,,,,,,,,,UNDEVELOPABLE,GOLF_COURSE,GOLF_COURSE,no,,,,,,,,,,,,,,,,,170314.56984212348,33.776199508647785,-84.13991039550945,Georgia,GA00217
,Unknown Golf Course,,,,,,,,,,,,,,Privately owned,,,,,,,,,,,,,,,,,,,,,,,,,,,,,,,,,,,,,,165630.84525047248,32.71644691749228,-81.865230815499,Georgia,GA00300
,Unknown Golf Course,,,,,,,,,,,,,,,,,,,,,,,,,,,,,,,,,,,,,,,,,,,,,,,,,,,,165250.85369783166,34.404080413641374,-83.98166451122249,Georgia,GA00333
,Unknown Golf Course,,,,,,,,,,,,,,,,,,,,,,,,,,,,,,,,,,,,,,,,,,,,,,,,,,,,159243.17770804657,34.401551829841445,-83.98528071545464,Georgia,GA00332
,Unknown Golf Course,,,,,,,,,,,,,,,LandPro08,,,,,,,,,,,,,,,,,UNDEVELOPABLE,GOLF_COURSE,GOLF_COURSE,no,,,,,,,,,,,,,,,,,158599.44201599585,33.59105125007221,-84.0219766505425,Georgia,GA00193
,Unknown Golf Course,,,,,,,,,,,,,,,LandPro08,,,,,,,,,,,,,,,,,UNDEVELOPABLE,GOLF_COURSE,GOLF_COURSE,no,,,,,,,,,,,,,,,,,157817.35914414618,34.191337427260606,-84.29474143620236,Georgia,GA00272
,Unknown Golf Course,,,,,,,,,,,,,,,LandPro08,,,,,,,,,,,,,,,,,UNDEVELOPABLE,GOLF_COURSE,GOLF_COURSE,no,,,,,,,,,,,,,,,,,154243.92774136644,33.4923428941519,-84.24616944319665,Georgia,GA00169
,Unknown Golf Course,,,,,,,,,,,,,,,LandPro08,,,,,,,,,,,,,,,,,UNDEVELOPABLE,GOLF_COURSE,GOLF_COURSE,no,,,,,,,,,,,,,,,,,152121.16562854464,34.077982830107516,-84.54002797929921,Georgia,GA00243
,Unknown Golf Course,,,,,,,,,,,,,,,LandPro08,,,,,,,,,,,,,,,,,UNDEVELOPABLE,GOLF_COURSE,GOLF_COURSE,no,,,,,,,,,,,,,,,,,149686.67978492114,33.31134324793243,-84.23483306168045,Georgia,GA00185
,Unknown Golf Course,,,,,,,,,,,,,,,,,,,,,,,,,,,,,,,,,,,,,,,,,,,,,,,,,,,,148557.5916792329,33.03850966154539,-85.0022187085093,Georgia,GA00452
,Unknown Golf Course,,,,,,,,,,,,,,,LandPro08,,,,,,,,,,,,,,,,,UNDEVELOPABLE,GOLF_COURSE,GOLF_COURSE,no,,,,,,,,,,,,,,,,,147275.93848227282,33.61593617987977,-84.59772481446754,Georgia,GA00195
,Unknown Golf Course,,,,,,,,,,,,,,,LandPro08,,,,,,,,,,,,,,,,,UNDEVELOPABLE,GOLF_COURSE,GOLF_COURSE,no,,,,,,,,,,,,,,,,,141739.26244201313,34.17514520852911,-84.1985744489305,Georgia,GA00262
,Unknown Golf Course,,,,,,,,,,,,,,,LandPro08,,,,,,,,,,,,,,,,,UNDEVELOPABLE,GOLF_COURSE,GOLF_COURSE,no,,,,,,,,,,,,,,,,,141739.26244201313,34.17514520852911,-84.1985744489305,Georgia,GA00261
,Unknown Golf Course,,,,,,,,,,,,,,,LandPro08,,,,,,,,,,,,,,,,,UNDEVELOPABLE,GOLF_COURSE,GOLF_COURSE,no,,,,,,,,,,,,,,,,,137886.43751732406,34.135852169971514,-84.2693470912092,Georgia,GA00255
,Unknown Golf Course,,,,,,,,,,,,,,,LandPro08,,,,,,,,,,,,,,,,,UNDEVELOPABLE,GOLF_COURSE,GOLF_COURSE,no,,,,,,,,,,,,,,,,,133901.7834058261,33.77455771930224,-84.15117373917917,Georgia,GA00215
,Unknown Golf Course,,,,,,,,,,,,,,,LandPro08,,,,,,,,,,,,,,,,,UNDEVELOPABLE,GOLF_COURSE,GOLF_COURSE,no,,,,,,,,,,,,,,,,,128853.2939175879,33.53345886178427,-84.2923762928124,Georgia,GA00173
,Unknown Golf Course,,,,,,,,,,,,,,,LandPro08,,,,,,,,,,,,,,,,,UNDEVELOPABLE,GOLF_COURSE,GOLF_COURSE,no,,,,,,,,,,,,,,,,,126235.95980124228,33.99417940323722,-84.72745473035735,Georgia,GA00175
,Unknown Golf Course,,,,,,,,,,,,,,,LandPro08,,,,,,,,,,,,,,,,,UNDEVELOPABLE,GOLF_COURSE,GOLF_COURSE,no,,,,,,,,,,,,,,,,,124427.76696756395,33.300521487877816,-84.24291491041774,Georgia,GA00181
,Unknown Golf Course,,,,,,,,,,,,,,,,,,,,,,,,,,,,,,,,,,,,,,,,,,,,,,,,,,,,123816.2126073784,34.40834957682031,-83.99341769708755,Georgia,GA00336
,Unknown Golf Course,,,,,,,,,,,,,,,LandPro08,,,,,,,,,,,,,,,,,UNDEVELOPABLE,GOLF_COURSE,GOLF_COURSE,no,,,,,,,,,,,,,,,,,121036.66871512301,33.59155630171756,-84.02529598011961,Georgia,GA00192
,Durham Lakes Country Club,,,,,,,,,,,,,,,,,,,,,,,,,,,,,,,,,,,,,,,,,,,,,,,,,,,,119846.11427667049,33.5647024323201,-84.62023129479127,Georgia,GA00436
,Durham Lakes Country Club,,,,,,,,,,,,,,,,,,,,,,,,,,,,,,,,,,,,,,,,,,,,,,,,,,,,117963.3157162195,33.558973673878405,-84.61902775289303,Georgia,GA00435
,Unknown Golf Course,,,,,,,,,,,,,,,LandPro08,,,,,,,,,,,,,,,,,UNDEVELOPABLE,GOLF_COURSE,GOLF_COURSE,no,,,,,,,,,,,,,,,,,117823.14103369525,34.060105789667794,-83.91690870176554,Georgia,GA00460
,Chateau Elan Golf Club - Executive Par 3 Course,Braselton,6060,30517,GA,Golf Club Drive,,+1-678-425-6050,https://golf.chateauelan.com/,,,,,,,LandPro08,,,,,,,,,,,,,,,,,UNDEVELOPABLE,GOLF_COURSE,GOLF_COURSE,no,,,,,,,,,,,,,,,,,115875.16109589665,34.10522492212582,-83.81748789765443,Georgia,GA00246
,Unknown Golf Course,,,,,,,,,,,,,,,,,,,,,,,,,,,,,,,,,,,,,,,,,,,,,,,,,,,,108743.53942767119,34.40612818826644,-83.98827835829228,Georgia,GA00335
,Unknown Golf Course,,,,,,,,,,,,,,,,,,,,,,,,,,,,,,,,,,,,,,,,,,,,,,,,,,,,104591.00831173465,32.60618561674575,-83.58886181010332,Georgia,GA00404
,Unknown Golf Course,,,,,,,,,,,,,,,LandPro08,,,,,,,,,,,,,,,,,UNDEVELOPABLE,GOLF_COURSE,GOLF_COURSE,no,,,,,,,,,,,,,,,,,104235.39636840716,33.7750295033084,-84.12971221802513,Georgia,GA00292
,Unknown Golf Course,,,,,,,,,,,,,,,,,,,,,,,,,,,,,,,,,,,,,,,,,,,,,,,,,,,,101655.19002376255,31.292023011137797,-81.34686541570726,Georgia,GA00445
,Godwin Creek Golf Course,Columbus,403,31904,,42nd Street,,+1-706-324-0583,https://www.forekidscolumbus.com/,,357255,,,Other Urban or Built-up Land,,,,,,,,,,,,,,,,,,,,,,,,,,,,,,,,,,,,,,,98621.99685855344,32.504001717232946,-84.9864305574611,Georgia,GA00154
,Unknown Golf Course,,,,,,,,,,,,,,,LandPro08,,,,,,,,,,,,,,,,,UNDEVELOPABLE,GOLF_COURSE,GOLF_COURSE,no,,,,,,,,,,,,,,,,,95889.41951855134,33.773690824737216,-84.1327742905378,Georgia,GA00216
,Unknown Golf Course,,,,,,,,,,,,,,,,,,,,,,,,,,,,,,,,,,,,,,,,,,,,,,,,,,,,94536.4136868794,34.397436523094164,-83.99540678258144,Georgia,GA00396
,Unknown Golf Course,,,,,,,,,,,,,,,LandPro08,,,,,,,,,,,,,,,,,UNDEVELOPABLE,GOLF_COURSE,GOLF_COURSE,no,,,,,,,,,,,,,,,,,87958.11263728703,34.31107332018386,-84.60594047919217,Georgia,GA00288
,Unknown Golf Course,,,,,,,,,,,,,,,,,,,,,,,,,,,,,,,,UNDEVELOPABLE,GOLF_COURSE,GOLF_COURSE,,,,,,,,,,multipolygon,,AU,171,171171,171,,,83934.58411001552,34.07528779231405,-84.1022141935783,Georgia,GA00046
,Unknown Golf Course,,,,,,,,,,,,,,,LandPro08,,,,,,,,,,,,,,,,,UNDEVELOPABLE,GOLF_COURSE,GOLF_COURSE,no,,,,,,,,,,,,,,,,,83607.16092903563,34.293504298664566,-84.61190217187504,Georgia,GA00278
,Teaver Golf,,,,,,,,,,,,,,,,,,,,,,,,,,,,,,,,,,,,,,,,,,,,,,,,,,,,83000.98853742145,33.019605966491824,-85.12878296913858,Georgia,GA00331
,Unknown Golf Course,,,,,,,,,,,,,,,LandPro08,,,,,,,,,,,,,,,,,UNDEVELOPABLE,GOLF_COURSE,GOLF_COURSE,no,,,,,,,,,,,,,,,,,76996.34267535081,34.06904154923975,-84.09790089788166,Georgia,GA00240
,Unknown Golf Course,,,,,,,,,,,,,,,LandPro08,,,,,,,,,,,,,,,,,UNDEVELOPABLE,GOLF_COURSE,GOLF_COURSE,no,,,,,,,,,,,,,,,,,76717.97434728483,34.138228879655244,-84.26642875246965,Georgia,GA00254
,Unknown Golf Course,,,,,,,,,,,,,,,,,,,,,,,,,,,,,,,,,,,,,,,,,,,,,,,,,,,,75013.6216712508,31.284515486867335,-81.35495012602709,Georgia,GA00451
,Unknown Golf Course,,,,,,,,,,,,,,,LandPro08,,,,,,,,,,,,,,,,,UNDEVELOPABLE,GOLF_COURSE,GOLF_COURSE,no,,,,,,,,,,,,,,,,,70513.4957204811,34.12065831605151,-83.86076284510759,Georgia,GA00250
,Unknown Golf Course,,,,,,,,,,,,,,,LandPro08,,,,,,,,,,,,,,,,,UNDEVELOPABLE,GOLF_COURSE,GOLF_COURSE,no,,,,,,,,,,,,,,,,,68866.89199471347,34.13994236609781,-84.26399161345486,Georgia,GA00257
,Unknown Golf Course,,,,,,,,,,,,,,,LandPro08,,,,,,,,,,,,,,,,,UNDEVELOPABLE,GOLF_COURSE,GOLF_COURSE,no,,,,,,,,,,,,,,,,,66599.96780980089,33.531794718984536,-84.30159233551363,Georgia,GA00171
,Unknown Golf Course,,,,,,,,,,,,,,,LandPro08,,,,,,,,,,,,,,,,,UNDEVELOPABLE,GOLF_COURSE,GOLF_COURSE,no,,,,,,,,,,,,,,,,,66186.2944776666,34.300753747167256,-84.60014568551505,Georgia,GA00281
,Unknown Golf Course,,,,,,,,,,,,,,,LandPro08,,,,,,,,,,,,,,,,,UNDEVELOPABLE,GOLF_COURSE,GOLF_COURSE,no,,,,,,,,,,,,,,,,,63863.14332018135,34.11512160115728,-83.86267123483229,Georgia,GA00247
,Unknown Golf Course,,,,,,,,,,,,,,,LandPro08,,,,,,,,,,,,,,,,,UNDEVELOPABLE,GOLF_COURSE,GOLF_COURSE,no,,,,,,,,,,,,,,,,,61822.75352082405,34.05689950644619,-83.899458674874,Georgia,GA00237
,Unknown Golf Course,,,,,,,,,,,,,,,LandPro08,,,,,,,,,,,,,,,,,UNDEVELOPABLE,GOLF_COURSE,GOLF_COURSE,no,,,,,,,,,,,,,,,,,60348.62704381518,34.07305128542165,-84.09596295645504,Georgia,GA00242
,The Villages of East Lake,,,,,,,,,,,,,,,,,,,,,,,,,,,,,,,,,,,,,,,,,,,,,,,,,,,,58543.29194195514,33.74262386531006,-84.31273750289049,Georgia,GA00303
,The Villages of East Lake,,,,,,,,,,,,,,,,,,,,,,,,,,,,,,,,,,,,,,,,,,,,,,,,,,,,58543.29194195514,33.74262386531006,-84.31273750289049,Georgia,GA00304
,Unknown Golf Course,,,,,,,,,,,,,,,LandPro08,,,,,,,,,,,,,,,,,UNDEVELOPABLE,GOLF_COURSE,GOLF_COURSE,no,,,,,,,,,,,,,,,,,57542.01562150599,34.15473988234866,-84.11871784564032,Georgia,GA00260
,Unknown Golf Course,,,,,,,,,,,,,,,LandPro08,,,,,,,,,,,,,,,,,UNDEVELOPABLE,GOLF_COURSE,GOLF_COURSE,no,,,,,,,,,,,,,,,,,53856.17989208622,33.30147314312702,-84.24797500348299,Georgia,GA00182
,Noonan Golf Facility,,,,,,,,,,,,,,,LandPro08,,,,,,,,,,,,,,,,,UNDEVELOPABLE,PARKS,PARKS,no,,,,,,,,,,,,,,,,,47396.659756518646,33.78747329550123,-84.40302850016124,Georgia,GA00291
,Unknown Golf Course,,,,,,,,,,,,,,,LandPro08,,,,,,,,,,,,,,,,,UNDEVELOPABLE,GOLF_COURSE,GOLF_COURSE,no,,,,,,,,,,,,,,,,,47234.39369997443,34.29544111127539,-84.59796050314917,Georgia,GA00279
,Unknown Golf Course,,,,,,,,,,,,,,,LandPro08,,,,,,,,,,,,,,,,,UNDEVELOPABLE,GOLF_COURSE,GOLF_COURSE,no,,,,,,,,,,,,,,,,,45907.20211623417,33.31014854541423,-84.22812553785836,Georgia,GA00184
,Unknown Golf Course,,,,,,,,,,,,,,,LandPro08,,,,,,,,,,,,,,,,,UNDEVELOPABLE,GOLF_COURSE,GOLF_COURSE,no,,,,,,,,,,,,,,,,,44512.510868045276,34.139612088702904,-84.28281942121762,Georgia,GA00256
,Unknown Golf Course,,,,,,,,,,,,,,,LandPro08,,,,,,,,,,,,,,,,,UNDEVELOPABLE,GOLF_COURSE,GOLF_COURSE,no,,,,,,,,,,,,,,,,,43787.18047669137,34.072750090068965,-84.099353176333,Georgia,GA00241
,Unknown Golf Course,,,,,,,,,,,,,,,LandPro08,,,,,,,,,,,,,,,,,UNDEVELOPABLE,GOLF_COURSE,GOLF_COURSE,no,,,,,,,,,,,,,,,,,43452.59983933239,34.1191337681824,-83.85797887216572,Georgia,GA00249
,Unknown Golf Course,,,,,,,,,,,,,,,LandPro08,,,,,,,,,,,,,,,,,UNDEVELOPABLE,GOLF_COURSE,GOLF_COURSE,no,,,,,,,,,,,,,,,,,42166.08074605089,34.13927064780895,-84.26086796252416,Georgia,GA00293
,Unknown Golf Course,,,,,,,,,,,,,,,LandPro08,,,,,,,,,,,,,,,,,UNDEVELOPABLE,GOLF_COURSE,GOLF_COURSE,no,,,,,,,,,,,,,,,,,41446.14485534341,34.30635305969255,-84.60501552431575,Georgia,GA00285
,Unknown Golf Course,,,,,,,,,,,,,,,LandPro08,,,,,,,,,,,,,,,,,UNDEVELOPABLE,GOLF_COURSE,GOLF_COURSE,no,,,,,,,,,,,,,,,,,40659.56659926293,33.31468228522428,-84.23355171973853,Georgia,GA00186
,Unknown Golf Course,,,,,,,,,,,,,,,LandPro08,,,,,,,,,,,,,,,,,UNDEVELOPABLE,GOLF_COURSE,GOLF_COURSE,no,,,,,,,,,,,,,,,,,40648.723187138174,33.9061545893236,-83.76669611627129,Georgia,GA00228
,Unknown Golf Course,,,,,,,,,,,,,,,LandPro08,,,,,,,,,,,,,,,,,UNDEVELOPABLE,GOLF_COURSE,GOLF_COURSE,no,,,,,,,,,,,,,,,,,35645.3376980936,34.18325108112944,-84.20325405280595,Georgia,GA00265
,Unknown Golf Course,,,,,,,,,,,,,,,,,,,,,,,,,,,,,,,,,,,,,,,,,,,,,,,,,,,,35472.28828336435,31.282525162098676,-81.35005884376686,Georgia,GA00447
,Unknown Golf Course,,,,,,,,,,,,,,,LandPro08,,,,,,,,,,,,,,,,,UNDEVELOPABLE,GOLF_COURSE,GOLF_COURSE,no,,,,,,,,,,,,,,,,,34576.423467553206,34.12881354959936,-84.26532318811348,Georgia,GA00302
,Unknown Golf Course,,,,,,,,,,,,,,,LandPro08,,,,,,,,,,,,,,,,,UNDEVELOPABLE,GOLF_COURSE,GOLF_COURSE,no,,,,,,,,,,,,,,,,,34218.49389516655,34.18569439593243,-84.2028901543148,Georgia,GA00268
,Unknown Golf Course,,,,,,,,,,,,,,,LandPro08,,,,,,,,,,,,,,,,,UNDEVELOPABLE,GOLF_COURSE,GOLF_COURSE,no,,,,,,,,,,,,,,,,,32946.76262734925,33.934285397127816,-83.59753886110232,Georgia,GA00229
,Unknown Golf Course,,,,,,,,,,,,,,,LandPro08,,,,,,,,,,,,,,,,,UNDEVELOPABLE,GOLF_COURSE,GOLF_COURSE,no,,,,,,,,,,,,,,,,,31571.459141631043,34.30485326099686,-84.59997280609258,Georgia,GA00283
,Driving Range,,,,,,,,,,,,,,,,,,,,,,,,,,,,,,driving_range,,,,,,,,,,,,,,,,,,,,,,30934.096137826473,30.975219738958078,-83.21708491359692,Georgia,GA00320
,Unknown Golf Course,,,,,,,,,,,,,,,LandPro08,,,,,,,,,,,,,,,,,UNDEVELOPABLE,GOLF_COURSE,GOLF_COURSE,no,,,,,,,,,,,,,,,,,30780.82658033817,34.29748595541846,-84.60433314809356,Georgia,GA00280
,Durham Lakes Country Club,,,,,,,,,,,,,,,,,,,,,,,,,,,,,,,,,,,,,,,,,,,,,,,,,,,,30544.259881049416,33.56046737096446,-84.61069244598752,Georgia,GA00438
,Unknown Golf Course,,,,,,,,,,,,,,,,,,,,,,,,,,,,,,,,,,,,,,,,,,,,,,,,,,,,29999.482585459948,34.91078212380535,-85.11809369449387,Georgia,GA00357
,Unknown Golf Course,,,,,,,,,,,,,,,,,,,,,,,,,,,,,,,,,,,,,,,,,,,,,,,,,,,,27933.54200176746,30.953298122350176,-83.60522960297665,Georgia,GA00384
,Unknown Golf Course,,,,,,,,,,,,,,,,,,,,,,,,,,,,,,,,,,,,,,,,,,,,,,,,,,,,27909.854992498946,31.286554820364127,-81.34929958229102,Georgia,GA00446
,Unknown Golf Course,,,,,,,,,,,,,,,,,,,,,,,,,,,,,,,,,,,,,,,,,,,,,,,,,,,,26992.380466627936,34.486133696292,-84.36029665685967,Georgia,GA00415
,Unknown Golf Course,,,,,,,,,,,Bent Tree,,,,,,,,,,,,,,,,,,,,,,,,,,,,,,,,,,,,,,,,,23958.181181436077,34.49530283529894,-84.36093885467426,Georgia,GA00407
,Unknown Golf Course,,,,,,,,,,,,,,,LandPro08,,,,,,,,,,,,,,,,,UNDEVELOPABLE,GOLF_COURSE,GOLF_COURSE,no,,,,,,,,,,,,,,,,,22863.711595997414,33.53351320692686,-84.29918682518789,Georgia,GA00172
,Unknown Golf Course,,,,,,,,,,,,,,,LandPro08,,,,,,,,,,,,,,,,,UNDEVELOPABLE,GOLF_COURSE,GOLF_COURSE,no,,,,,,,,,,,,,,,,,22743.575904784582,33.770129824148796,-84.15380666667502,Georgia,GA00211
,Unknown Golf Course,,,,,,,,,,,,,,,LandPro08,,,,,,,,,,,,,,,,,UNDEVELOPABLE,GOLF_COURSE,GOLF_COURSE,no,,,,,,,,,,,,,,,,,22743.00319257787,34.182051188217926,-84.02131221202777,Georgia,GA00264
,Durham Lakes Country Club,,,,,,,,,,,,,,,LandPro08,,,,,,,,,,,,,,,,,UNDEVELOPABLE,GOLF_COURSE,GOLF_COURSE,no,,,,,,,,,,,,,,,,,22329.243157526886,33.55774848038793,-84.6061874124137,Georgia,GA00190
,Unknown Golf Course,,,,,,,,,,,,,,,,,,,,,,,,,,,,,,,,,,,,,,,,,,,,,,,,,,,,21914.50627286503,34.494918186335184,-84.36027078563065,Georgia,GA00424
,Unknown Golf Course,,,,,,,,,,,,,,,,,,,,,,,,,,,,,,,,,,,,,,,,,,,,,,,,,,,,21178.50485865159,34.05778683733799,-83.9062751107682,Georgia,GA00461
,Unknown Golf Course,,,,,,,,,,,,,,,,,,,,,,,,,,,,,,,,,,,,,,,,,,,,,,,,,,,,20865.749668978457,34.498238113173365,-84.35239279683621,Georgia,GA00418
,Wymberly Community Golf Course,,,,,,,,,,,,,,,,,,,,,,,,private,24/7,limited,,,,,,,,,,,,,,,,,,,,,,,,,,20658.082183702278,33.506570470349246,-82.15065003826894,Georgia,GA00463
,Unknown Golf Course,,,,,,,,,,,,,,,,,,,,,,,,,,,,,,,,,,,,,,,,,,,,,,,,,,,,19668.8246053051,34.49663505127477,-84.34826489771639,Georgia,GA00420
,Unknown Golf Course,,,,,,,,,,,,,,,,,,,,,,,,,,,,,,,,,,,,,,,,,,,,,,,,,,,,18134.546219567223,34.497824004981666,-84.35661025319997,Georgia,GA00417
,Unknown Golf Course,,,,,,,,,,,,,,,,,,,,,,,,,,,,,,,,,,,,,,,,,,,,,,,,,,,,17784.01374749621,34.478295813461706,-84.35542683118976,Georgia,GA00411
,Country Club of The South,Johns Creek,4100,30022,GA,Old Alabama Road,,,https://www.invitedclubs.com/,,,Clubcorp,,,,,,,,,,,,,,,,,,,,,,,,,,,,+1-770-475-1803,,,,,,,,,,,,,17272.548420418436,34.009401937251425,-84.23302130583599,Georgia,GA00388
,Unknown Golf Course,,,,,,,,,,,,,,,,,,,,,,,,,,,,,,,,,,,,,,,,,,,,,,,,,,,,17177.03881528108,34.48940078410861,-84.36325817350698,Georgia,GA00416
,Unknown Golf Course,,,,,,,,,,,,,,,,,,,,,,,,,,,,,,,,,,,,,,,,,,,,,,,,,,,,16539.458014369196,34.49642295398005,-84.3564332051333,Georgia,GA00423
,Unknown Golf Course,,,,,,,,,,,,,,,,,,,,,,,,,,,,,,,,,,,,,,,,,,,,,,,,,,,,15953.131751351491,34.496355031116515,-84.35195902296928,Georgia,GA00421
,Unknown Golf Course,,,,,,,,,,,Bent Tree,,,,,,,,,,,,,,,,,,,,,,,,,,,,,,,,,,,,,,,,,15318.883289463865,34.488788726082824,-84.3639865905338,Georgia,GA00406
,Unknown Golf Course,,,,,,,,,,,,,,,,,,,,,,,,,,,,,,,,,,,,,,,,,,,,,,,,,,,,14268.510843044867,34.47988172822316,-84.35537286360609,Georgia,GA00412
,Unknown Golf Course,,,,,,,,,,,,,,,LandPro08,,,,,,,,,,,,,,,,,UNDEVELOPABLE,GOLF_COURSE,GOLF_COURSE,no,,,,,,,,,,,,,,,,,11995.544077678845,34.181273000263396,-84.02414929387754,Georgia,GA00263
,Unknown Golf Course,,,,,,,,,,,,,,,,,,,,,,,,,,,,,,,,,,,,,,,,,,,,,,,,,,,,11781.611234779713,34.485709649127394,-84.36192023858608,Georgia,GA00408
,Unknown Golf Course,,,,,,,,,,,,,,,,,,,,,,,,,,,,,,,,,,,,,,,,,,,,,,,,,,,,11290.433740095199,34.48286449971921,-84.35977111201902,Georgia,GA00409
